id,performer_name,promotion,brand,source_brand,gender_division,division,game_eligible,availability,role_tier,alignment,archetype,faction_or_team,championships,source_overall,game_overall,rating_basis,rating_confidence,estimated_salary_usd,contract_weeks_remaining,renewal_risk,popularity_overall,star_power,draw_power,merch_appeal,social_buzz,workrate,psychology,stamina,consistency,safety,big_match_ability,charisma,mic_skill,character_work,crowd_connection,segment_versatility,durability,injury_risk,recovery_rate,confidence,locker_room_influence,frustration,singles_fit,tag_fit,promo_fit,rivalry_fit,opener_fit,main_event_fit,special_stipulation_fit,primary_roster_source_url,secondary_roster_source_url,ratings_source_url,notes,recalibration_model,top_200_rank,top_200_selection_score,draftRank,popularity,momentum,ringSkill,promoSkill,morale,fatigue
aew_aew_kenny_omega,Kenny Omega,AEW,AEW,AEW,Mens,Mens,Yes,Active,MainEvent,Unknown,RingGeneral,,,100,100,Sourced video-game overall used as anchor; component attributes derived for GM simulation,Medium,3375000,52,35,99,99,99,99,99,94,99,99,99,96,99,99,99,99,99,99,94,18,69,81,99,31,99,99,99,99,90,99,99,https://www.fightful.com/wrestling/updated-all-elite-roster/,https://www.thesmackdownhotel.com/roster/aew/,https://www.thesmackdownhotel.com/aew-fight-forever/roster/,"AEW roster/availability from Fightful, cross-checkable with TSDH. AEW component stats are game-derived estimates because current public per-attribute ratings are not available.",initial_stats_recalibration_v1,1,98.5,1,95,76,94,94,58,11
wwe_smackdown_rhea_ripley,Rhea Ripley,WWE,SmackDown,SmackDown,Womens,Womens,Yes,Active,MainEvent,Face,RingGeneral,,WWE Women's Champion,96,96,Sourced video-game overall used as anchor; component attributes derived for GM simulation,High,3824000,52,35,99,99,99,97,99,96,98,99,93,94,99,99,99,98,99,99,86,33,62,86,98,36,99,96,99,99,96,99,99,https://www.thesmackdownhotel.com/roster/wwe/smackdown/,https://www.wwe.com/superstars,https://www.operationsports.com/wwe-2k26-ratings-list/,Roster source captured from current TSDH brand page; ratings anchored to WWE 2K26 when present.,initial_stats_recalibration_v1,2,98.2,2,95,82,94,94,63,11
wwe_smackdown_cody_rhodes,Cody Rhodes,WWE,SmackDown,SmackDown,Mens,Mens,Yes,Active,MainEvent,Face,Showman,,Undisputed WWE Champion,95,95,Sourced video-game overall used as anchor; component attributes derived for GM simulation,High,3809000,52,35,99,99,99,99,99,98,92,89,97,97,99,99,99,99,99,99,92,25,67,80,99,27,99,90,99,99,86,99,99,https://www.thesmackdownhotel.com/roster/wwe/smackdown/,https://www.wwe.com/superstars,https://www.operationsports.com/wwe-2k26-ratings-list/,Roster source captured from current TSDH brand page; ratings anchored to WWE 2K26 when present.,initial_stats_recalibration_v1,3,97.75,3,95,81,90,94,64,11
wwe_raw_roman_reigns,Roman Reigns,WWE,Raw,Raw,Mens,Mens,Yes,Active,MainEvent,Face,Showman,,World Heavyweight Champion,95,95,Sourced video-game overall used as anchor; component attributes derived for GM simulation,High,3809000,52,35,99,99,99,99,99,98,92,89,97,97,99,99,99,99,99,99,92,25,67,80,99,27,99,90,99,99,86,99,99,https://www.thesmackdownhotel.com/roster/wwe/raw/,https://www.wwe.com/superstars,https://www.operationsports.com/wwe-2k26-ratings-list/,Roster source captured from current TSDH brand page; ratings anchored to WWE 2K26 when present.,initial_stats_recalibration_v1,4,97.75,4,95,80,90,93,64,11
wwe_raw_becky_lynch,Becky Lynch,WWE,Raw,Raw,Womens,Womens,Yes,Active,MainEvent,Unknown,RingGeneral,,Women's Intercontinental Champion,94,94,Sourced video-game overall used as anchor; component attributes derived for GM simulation,High,3795000,52,35,98,99,98,94,97,95,95,88,97,96,98,93,94,92,94,93,90,18,70,89,99,29,95,99,93,95,87,99,92,https://www.thesmackdownhotel.com/roster/wwe/raw/,https://www.wwe.com/superstars,https://www.operationsports.com/wwe-2k26-ratings-list/,Roster source captured from current TSDH brand page; ratings anchored to WWE 2K26 when present.,initial_stats_recalibration_v1,5,97,5,95,81,94,90,70,11
aew_aew_kazuchika_okada,Kazuchika Okada,AEW,AEW,AEW,Mens,Mens,Yes,Active,MainEvent,Unknown,Technician,The Don Callis Family,AEW International Champion,94,94,Sourced video-game overall used as anchor; component attributes derived for GM simulation,Medium,3300000,52,35,96,99,98,99,99,89,92,95,90,91,99,97,99,96,95,97,85,33,68,80,99,35,96,88,99,98,87,99,94,https://www.fightful.com/wrestling/updated-all-elite-roster/,https://www.thesmackdownhotel.com/roster/aew/,https://www.thesmackdownhotel.com/aew-fight-forever/roster/,"AEW roster/availability from Fightful, cross-checkable with TSDH. AEW component stats are game-derived estimates because current public per-attribute ratings are not available.",initial_stats_recalibration_v1,6,96.75,6,94,79,94,89,56,24
aew_aew_chris_jericho,Chris Jericho,AEW,AEW,AEW,Mens,Mens,Yes,Active,MainEvent,Unknown,Showman,,,94,94,Sourced video-game overall used as anchor; component attributes derived for GM simulation,Medium,3300000,52,35,99,99,99,99,95,93,91,95,93,96,99,99,99,99,99,99,89,32,69,82,95,23,96,97,99,99,89,99,89,https://www.fightful.com/wrestling/updated-all-elite-roster/,https://www.thesmackdownhotel.com/roster/aew/,https://www.thesmackdownhotel.com/aew-fight-forever/roster/,"AEW roster/availability from Fightful, cross-checkable with TSDH. AEW component stats are game-derived estimates because current public per-attribute ratings are not available.",initial_stats_recalibration_v1,7,95.8,7,93,76,88,93,62,13
wwe_raw_cm_punk,CM Punk,WWE,Raw,Raw,Mens,Mens,Yes,Active,MainEvent,Unknown,RingGeneral,,,94,94,Sourced video-game overall used as anchor; component attributes derived for GM simulation,High,3795000,52,35,99,99,99,99,99,88,89,87,93,89,99,93,89,92,99,91,84,29,69,82,92,24,99,98,90,97,87,99,96,https://www.thesmackdownhotel.com/roster/wwe/raw/,https://www.wwe.com/superstars,https://www.operationsports.com/wwe-2k26-ratings-list/,Roster source captured from current TSDH brand page; ratings anchored to WWE 2K26 when present.,initial_stats_recalibration_v1,8,95.8,8,95,75,93,89,60,13
wwe_raw_seth_rollins,Seth Rollins,WWE,Raw,Raw,Mens,Mens,Yes,Active,MainEvent,Face,Showman,,,94,94,Sourced video-game overall used as anchor; component attributes derived for GM simulation,High,3795000,52,35,99,99,99,99,95,93,91,95,93,96,99,99,99,99,99,99,89,32,69,82,95,23,96,97,99,99,89,99,89,https://www.thesmackdownhotel.com/roster/wwe/raw/,https://www.wwe.com/superstars,https://www.operationsports.com/wwe-2k26-ratings-list/,Roster source captured from current TSDH brand page; ratings anchored to WWE 2K26 when present.,initial_stats_recalibration_v1,9,95.8,9,94,75,88,93,62,13
wwe_smackdown_bianca_belair,Bianca Belair,WWE,SmackDown,SmackDown,Womens,Womens,Yes,Active,MainEvent,Unknown,RingGeneral,,,94,94,Sourced video-game overall used as anchor; component attributes derived for GM simulation,High,3795000,52,35,98,99,98,94,97,95,95,88,97,96,98,93,94,92,94,93,90,18,70,89,99,29,95,99,93,95,87,99,92,https://www.thesmackdownhotel.com/roster/wwe/smackdown/,https://www.wwe.com/superstars,https://www.operationsports.com/wwe-2k26-ratings-list/,Roster source captured from current TSDH brand page; ratings anchored to WWE 2K26 when present.,initial_stats_recalibration_v1,10,95.5,10,95,78,93,89,69,10
wwe_smackdown_gunther,Gunther,WWE,SmackDown,SmackDown,Mens,Mens,Yes,Active,MainEvent,Heel,Powerhouse,,,93,93,Sourced video-game overall used as anchor; component attributes derived for GM simulation,High,3781000,52,35,99,99,99,95,99,88,98,94,93,89,99,99,99,99,99,98,87,23,68,83,93,23,93,99,99,99,84,99,96,https://www.thesmackdownhotel.com/roster/wwe/smackdown/,https://www.wwe.com/superstars,https://www.operationsports.com/wwe-2k26-ratings-list/,Roster source captured from current TSDH brand page; ratings anchored to WWE 2K26 when present.,initial_stats_recalibration_v1,11,95.35,11,94,77,90,92,69,20
wwe_raw_iyo_sky,IYO SKY,WWE,Raw,Raw,Womens,Womens,Yes,Active,MainEvent,Unknown,RingGeneral,,,93,93,Sourced video-game overall used as anchor; component attributes derived for GM simulation,High,3781000,52,35,99,99,99,99,99,95,97,95,94,88,99,97,99,94,99,96,82,32,61,80,94,26,96,99,97,98,84,99,89,https://www.thesmackdownhotel.com/roster/wwe/raw/,https://www.wwe.com/superstars,https://www.operationsports.com/wwe-2k26-ratings-list/,Roster source captured from current TSDH brand page; ratings anchored to WWE 2K26 when present.,initial_stats_recalibration_v1,12,95.35,12,93,75,93,92,63,16
wwe_raw_liv_morgan,Liv Morgan,WWE,Raw,Raw,Womens,Womens,Yes,Active,MainEvent,Face,RingGeneral,,Women's World Champion,92,92,Sourced video-game overall used as anchor; component attributes derived for GM simulation,High,3766000,52,35,94,98,96,92,90,87,97,92,89,96,97,97,99,99,97,98,88,19,73,85,96,26,99,95,99,98,86,99,93,https://www.thesmackdownhotel.com/roster/wwe/raw/,https://www.wwe.com/superstars,https://www.operationsports.com/wwe-2k26-ratings-list/,Roster source captured from current TSDH brand page; ratings anchored to WWE 2K26 when present.,initial_stats_recalibration_v1,13,95.05,13,92,79,93,92,68,10
wwe_smackdown_drew_mcintyre,Drew McIntyre,WWE,SmackDown,SmackDown,Mens,Mens,Yes,Active,MainEvent,Unknown,Brawler,,,93,93,Sourced video-game overall used as anchor; component attributes derived for GM simulation,High,3781000,52,35,99,98,98,96,97,96,91,94,94,97,98,99,99,97,95,97,85,23,63,86,99,31,95,91,99,97,88,99,99,https://www.thesmackdownhotel.com/roster/wwe/smackdown/,https://www.wwe.com/superstars,https://www.operationsports.com/wwe-2k26-ratings-list/,Roster source captured from current TSDH brand page; ratings anchored to WWE 2K26 when present.,initial_stats_recalibration_v1,14,95,14,93,74,93,93,67,10
wwe_smackdown_randy_orton,Randy Orton,WWE,SmackDown,SmackDown,Mens,Mens,Yes,Active,MainEvent,Unknown,Brawler,,,92,92,Sourced video-game overall used as anchor; component attributes derived for GM simulation,High,3766000,52,35,99,97,98,99,99,94,95,94,94,96,98,97,99,93,99,95,83,25,66,81,99,23,96,95,97,99,87,99,99,https://www.thesmackdownhotel.com/roster/wwe/smackdown/,https://www.wwe.com/superstars,https://www.operationsports.com/wwe-2k26-ratings-list/,Roster source captured from current TSDH brand page; ratings anchored to WWE 2K26 when present.,initial_stats_recalibration_v1,15,94.35,15,93,74,93,92,64,13
aew_aew_will_ospreay,Will Ospreay,AEW,AEW,AEW,Mens,Mens,Yes,Active,MainEvent,Unknown,RingGeneral,,,93,93,Sourced video-game overall used as anchor; component attributes derived for GM simulation,Medium,3288000,52,35,94,98,96,99,92,95,90,91,94,89,97,97,96,99,91,96,89,30,67,79,97,32,98,90,97,95,92,99,87,https://www.fightful.com/wrestling/updated-all-elite-roster/,https://www.thesmackdownhotel.com/roster/aew/,https://www.thesmackdownhotel.com/aew-fight-forever/roster/,"AEW roster/availability from Fightful, cross-checkable with TSDH. AEW component stats are game-derived estimates because current public per-attribute ratings are not available.",initial_stats_recalibration_v1,16,94,16,91,73,92,91,59,21
aew_aew_mercedes_mon,Mercedes Moné,AEW,AEW,AEW,Womens,Womens,Yes,Active,MainEvent,Unknown,RingGeneral,,,92,92,Sourced video-game overall used as anchor; component attributes derived for GM simulation,Medium,3275000,52,35,94,98,96,92,90,87,97,92,89,96,97,97,99,99,97,98,88,19,73,85,96,26,99,95,99,98,86,99,93,https://www.fightful.com/wrestling/updated-all-elite-roster/,https://www.thesmackdownhotel.com/roster/aew/,https://www.thesmackdownhotel.com/aew-fight-forever/roster/,"AEW roster/availability from Fightful, cross-checkable with TSDH. AEW component stats are game-derived estimates because current public per-attribute ratings are not available.",initial_stats_recalibration_v1,17,93.55,17,90,73,92,91,67,10
wwe_raw_naomi,Naomi,WWE,Raw,Raw,Womens,Womens,Yes,Active,MainEvent,Unknown,RingGeneral,,,92,92,Sourced video-game overall used as anchor; component attributes derived for GM simulation,High,3766000,52,35,94,98,96,92,90,87,97,92,89,96,97,97,99,99,97,98,88,19,73,85,96,26,99,95,99,98,86,99,93,https://www.thesmackdownhotel.com/roster/wwe/raw/,https://www.wwe.com/superstars,https://www.operationsports.com/wwe-2k26-ratings-list/,Roster source captured from current TSDH brand page; ratings anchored to WWE 2K26 when present.,initial_stats_recalibration_v1,18,93.55,18,91,73,92,91,66,10
wwe_raw_stephanie_vaquer,Stephanie Vaquer,WWE,Raw,Raw,Womens,Womens,Yes,Active,MainEvent,Unknown,RingGeneral,,,92,92,Sourced video-game overall used as anchor; component attributes derived for GM simulation,High,3766000,52,35,94,98,96,92,90,87,97,92,89,96,97,97,99,99,97,98,88,19,73,85,96,26,99,95,99,98,86,99,93,https://www.thesmackdownhotel.com/roster/wwe/raw/,https://www.wwe.com/superstars,https://www.operationsports.com/wwe-2k26-ratings-list/,Roster source captured from current TSDH brand page; ratings anchored to WWE 2K26 when present.,initial_stats_recalibration_v1,19,93.55,19,91,73,92,91,66,10
wwe_raw_asuka,Asuka,WWE,Raw,Raw,Womens,Womens,Yes,Active,MainEvent,Unknown,RingGeneral,,,91,91,Sourced video-game overall used as anchor; component attributes derived for GM simulation,High,3752000,52,35,98,95,96,94,93,85,94,88,93,86,97,91,89,90,98,90,87,27,63,78,98,30,93,90,89,94,84,99,86,https://www.thesmackdownhotel.com/roster/wwe/raw/,https://www.wwe.com/superstars,https://www.operationsports.com/wwe-2k26-ratings-list/,Roster source captured from current TSDH brand page; ratings anchored to WWE 2K26 when present.,initial_stats_recalibration_v1,20,93.1,20,90,73,92,89,60,27
aew_aew_jon_moxley,Jon Moxley,AEW,AEW,AEW,Mens,Mens,Yes,Active,MainEvent,Unknown,Brawler,Death Riders,AEW Continental Champion,90,90,Sourced video-game overall used as anchor; component attributes derived for GM simulation,Medium,3250000,52,35,94,93,93,90,90,94,87,87,90,86,93,92,96,91,96,92,83,22,67,82,97,34,92,87,93,94,83,99,97,https://www.fightful.com/wrestling/updated-all-elite-roster/,https://www.thesmackdownhotel.com/roster/aew/,https://www.thesmackdownhotel.com/aew-fight-forever/roster/,"AEW roster/availability from Fightful, cross-checkable with TSDH. AEW component stats are game-derived estimates because current public per-attribute ratings are not available.",initial_stats_recalibration_v1,21,92.65,21,89,79,91,90,60,22
wwe_raw_bron_breakker,Bron Breakker,WWE,Raw,Raw,Mens,Mens,Yes,Active,MainEvent,Heel,Powerhouse,,,90,90,Sourced video-game overall used as anchor; component attributes derived for GM simulation,High,3738000,52,35,93,97,95,97,95,89,90,89,93,94,97,90,95,88,96,91,84,31,66,82,88,38,93,90,91,94,83,99,97,https://www.thesmackdownhotel.com/roster/wwe/raw/,https://www.wwe.com/superstars,https://www.operationsports.com/wwe-2k26-ratings-list/,Roster source captured from current TSDH brand page; ratings anchored to WWE 2K26 when present.,initial_stats_recalibration_v1,22,92.2,22,93,73,88,88,59,21
aew_aew_thekla,Thekla,AEW,AEW,AEW,Womens,Womens,Yes,Active,MainEvent,Unknown,RingGeneral,Triangle of Madness,AEW Women's World Champion,87,87,Sourced video-game overall used as anchor; component attributes derived for GM simulation,Medium,3212000,52,35,89,93,91,88,84,89,84,85,85,89,95,92,87,91,91,88,80,33,59,77,93,37,88,93,89,91,87,99,91,https://www.fightful.com/wrestling/updated-all-elite-roster/,https://www.thesmackdownhotel.com/roster/aew/,https://www.thesmackdownhotel.com/aew-fight-forever/roster/,"AEW roster/availability from Fightful, cross-checkable with TSDH. AEW component stats are game-derived estimates because current public per-attribute ratings are not available.",initial_stats_recalibration_v1,23,90.45,23,88,77,92,88,58,29
aew_aew_willow_nightingale,Willow Nightingale,AEW,AEW,AEW,Womens,Womens,Yes,Active,MainEvent,Unknown,RingGeneral,Babes of Wrath,AEW TBS Champion,87,87,Sourced video-game overall used as anchor; component attributes derived for GM simulation,Medium,3212000,52,35,89,93,91,88,84,89,84,85,85,89,95,92,87,91,91,88,80,33,59,77,93,37,88,93,89,91,87,99,91,https://www.fightful.com/wrestling/updated-all-elite-roster/,https://www.thesmackdownhotel.com/roster/aew/,https://www.thesmackdownhotel.com/aew-fight-forever/roster/,"AEW roster/availability from Fightful, cross-checkable with TSDH. AEW component stats are game-derived estimates because current public per-attribute ratings are not available.",initial_stats_recalibration_v1,24,90.45,24,88,77,91,88,58,29
wwe_smackdown_jade_cargill,Jade Cargill,WWE,SmackDown,SmackDown,Womens,Womens,Yes,Active,MainEvent,Heel,Powerhouse,,,88,88,Sourced video-game overall used as anchor; component attributes derived for GM simulation,High,3709000,52,35,95,92,93,94,93,86,84,87,86,83,93,89,85,87,96,86,80,20,68,84,89,30,95,94,86,91,78,99,90,https://www.thesmackdownhotel.com/roster/wwe/smackdown/,https://www.wwe.com/superstars,https://www.operationsports.com/wwe-2k26-ratings-list/,Roster source captured from current TSDH brand page; ratings anchored to WWE 2K26 when present.,initial_stats_recalibration_v1,25,90.2,25,92,73,88,88,68,10
wwe_smackdown_charlotte_flair,Charlotte Flair,WWE,SmackDown,SmackDown,Womens,Womens,Yes,Active,Midcard,Face,RingGeneral,,,93,93,Sourced video-game overall used as anchor; component attributes derived for GM simulation,High,983000,52,25,95,92,93,99,89,94,95,98,96,93,92,89,91,88,94,90,92,18,72,82,89,23,93,95,89,91,93,90,87,https://www.thesmackdownhotel.com/roster/wwe/smackdown/,https://www.wwe.com/superstars,https://www.operationsports.com/wwe-2k26-ratings-list/,Roster source captured from current TSDH brand page; ratings anchored to WWE 2K26 when present.,initial_stats_recalibration_v1,26,89.4,26,89,68,86,83,61,10
aew_aew_swerve_strickland,Swerve Strickland,AEW,AEW,AEW,Mens,Mens,Yes,Active,UpperCard,Unknown,RingGeneral,,,90,90,Sourced video-game overall used as anchor; component attributes derived for GM simulation,Medium,1690000,52,35,93,93,93,93,98,93,89,89,91,87,90,93,93,91,91,91,80,28,64,78,99,34,95,90,92,91,88,91,89,https://www.fightful.com/wrestling/updated-all-elite-roster/,https://www.thesmackdownhotel.com/roster/aew/,https://www.thesmackdownhotel.com/aew-fight-forever/roster/,"AEW roster/availability from Fightful, cross-checkable with TSDH. AEW component stats are game-derived estimates because current public per-attribute ratings are not available.",initial_stats_recalibration_v1,27,89.35,27,81,72,88,87,56,10
wwe_smackdown_jacob_fatu,Jacob Fatu,WWE,SmackDown,SmackDown,Mens,Mens,Yes,Active,MainEvent,Heel,Powerhouse,,,88,88,Sourced video-game overall used as anchor; component attributes derived for GM simulation,High,3709000,52,35,91,91,91,93,91,84,85,89,88,88,93,85,80,83,91,83,85,17,74,74,96,34,91,94,81,88,87,99,98,https://www.thesmackdownhotel.com/roster/wwe/smackdown/,https://www.wwe.com/superstars,https://www.operationsports.com/wwe-2k26-ratings-list/,Roster source captured from current TSDH brand page; ratings anchored to WWE 2K26 when present.,initial_stats_recalibration_v1,28,89.2,28,92,72,88,87,56,11
wwe_smackdown_tiffany_stratton,Tiffany Stratton,WWE,SmackDown,SmackDown,Womens,Womens,Yes,Active,Midcard,Face,RingGeneral,,Women's United States Champion,91,91,Sourced video-game overall used as anchor; component attributes derived for GM simulation,High,975000,52,25,90,91,90,93,94,94,91,95,90,92,89,90,95,91,90,92,88,21,63,83,90,14,90,91,93,90,88,87,94,https://www.thesmackdownhotel.com/roster/wwe/smackdown/,https://www.wwe.com/superstars,https://www.operationsports.com/wwe-2k26-ratings-list/,Roster source captured from current TSDH brand page; ratings anchored to WWE 2K26 when present.,initial_stats_recalibration_v1,29,88.6,29,88,72,85,82,61,11
aew_aew_mjf,MJF,AEW,AEW,AEW,Mens,Mens,Yes,Active,UpperCard,Unknown,Showman,,,90,90,Sourced video-game overall used as anchor; component attributes derived for GM simulation,Medium,1690000,52,35,92,90,91,90,93,88,91,89,92,88,93,95,98,98,90,95,83,29,70,75,97,24,93,82,98,93,95,94,92,https://www.fightful.com/wrestling/updated-all-elite-roster/,https://www.thesmackdownhotel.com/roster/aew/,https://www.thesmackdownhotel.com/aew-fight-forever/roster/,"AEW roster/availability from Fightful, cross-checkable with TSDH. AEW component stats are game-derived estimates because current public per-attribute ratings are not available.",initial_stats_recalibration_v1,30,88.55,30,81,72,86,90,58,20
aew_aew_dax_harwood,Dax Harwood,AEW,AEW,AEW,Mens,Mens,Yes,Active,MainEvent,Unknown,RingGeneral,FTR,AEW World Tag Team Champion,84,84,Sourced video-game overall used as anchor; component attributes derived for GM simulation,Medium,3175000,52,35,90,91,90,90,94,79,85,83,84,80,89,87,85,87,89,85,80,24,67,78,88,22,90,85,86,88,74,95,83,https://www.fightful.com/wrestling/updated-all-elite-roster/,https://www.thesmackdownhotel.com/roster/aew/,https://www.thesmackdownhotel.com/aew-fight-forever/roster/,"AEW roster/availability from Fightful, cross-checkable with TSDH. AEW component stats are game-derived estimates because current public per-attribute ratings are not available.",initial_stats_recalibration_v1,31,88.45,31,87,78,89,87,65,16
aew_aew_kevin_knight,Kevin Knight,AEW,AEW,AEW,Mens,Mens,Yes,Active,MainEvent,Unknown,RingGeneral,JetSpeed,AEW TNT Champion,84,84,Sourced video-game overall used as anchor; component attributes derived for GM simulation,Medium,3175000,52,35,90,91,90,90,94,79,85,83,84,80,89,87,85,87,89,85,80,24,67,78,88,22,90,85,86,88,74,95,83,https://www.fightful.com/wrestling/updated-all-elite-roster/,https://www.thesmackdownhotel.com/roster/aew/,https://www.thesmackdownhotel.com/aew-fight-forever/roster/,"AEW roster/availability from Fightful, cross-checkable with TSDH. AEW component stats are game-derived estimates because current public per-attribute ratings are not available.",initial_stats_recalibration_v1,32,88.45,32,86,78,89,87,64,16
aew_aew_orange_cassidy,Orange Cassidy,AEW,AEW,AEW,Mens,Mens,Yes,Active,MainEvent,Unknown,RingGeneral,,AEW World Trios Champion,86,86,Sourced video-game overall used as anchor; component attributes derived for GM simulation,Medium,3200000,52,35,87,89,88,86,87,82,83,79,81,83,92,82,83,78,83,82,78,26,69,72,90,24,88,83,80,85,82,98,85,https://www.fightful.com/wrestling/updated-all-elite-roster/,https://www.thesmackdownhotel.com/roster/aew/,https://www.thesmackdownhotel.com/aew-fight-forever/roster/,"AEW roster/availability from Fightful, cross-checkable with TSDH. AEW component stats are game-derived estimates because current public per-attribute ratings are not available.",initial_stats_recalibration_v1,33,88.45,33,86,74,89,86,56,14
aew_aew_jay_white,Jay White,AEW,AEW,AEW,Mens,Mens,Yes,Injured,UpperCard,Unknown,RingGeneral,Bang Bang Gang,,50,90,"Game-derived estimate from roster tier, title status, current availability, and known public role",Low,1690000,52,45,93,93,93,93,98,93,89,89,91,87,90,93,93,91,91,91,78,36,61,78,99,44,91,90,92,91,84,87,89,https://www.fightful.com/wrestling/updated-all-elite-roster/,https://www.thesmackdownhotel.com/roster/aew/,https://www.thesmackdownhotel.com/aew-fight-forever/roster/,"AEW roster/availability from Fightful, cross-checkable with TSDH. AEW component stats are game-derived estimates because current public per-attribute ratings are not available.",initial_stats_recalibration_v1,34,88.35,34,80,71,87,86,55,37
aew_aew_megan_bayne,Megan Bayne,AEW,AEW,AEW,Womens,Womens,Yes,Active,MainEvent,Unknown,RingGeneral,Divine Dominion,AEW Women's World Tag Team Champion,84,84,Sourced video-game overall used as anchor; component attributes derived for GM simulation,Medium,3175000,52,35,89,90,89,86,86,84,79,88,81,87,91,90,95,92,93,90,81,17,66,80,87,37,88,82,93,92,81,97,85,https://www.fightful.com/wrestling/updated-all-elite-roster/,https://www.thesmackdownhotel.com/roster/aew/,https://www.thesmackdownhotel.com/aew-fight-forever/roster/,"AEW roster/availability from Fightful, cross-checkable with TSDH. AEW component stats are game-derived estimates because current public per-attribute ratings are not available.",initial_stats_recalibration_v1,35,88.1,35,85,78,91,88,64,21
aew_aew_eddie_kingston,Eddie Kingston,AEW,AEW,AEW,Mens,Mens,Yes,Active,UpperCard,Unknown,Brawler,,,50,90,"Game-derived estimate from roster tier, title status, current availability, and known public role",Low,1690000,52,35,89,89,89,92,92,93,95,94,94,89,92,91,93,87,93,90,86,27,64,83,95,29,96,91,90,91,85,93,99,https://www.fightful.com/wrestling/updated-all-elite-roster/,https://www.thesmackdownhotel.com/roster/aew/,https://www.thesmackdownhotel.com/aew-fight-forever/roster/,"AEW roster/availability from Fightful, cross-checkable with TSDH. AEW component stats are game-derived estimates because current public per-attribute ratings are not available.",initial_stats_recalibration_v1,36,87.65,36,80,71,87,86,63,10
aew_aew_adam_copeland,Adam Copeland,AEW,AEW,AEW,Mens,Mens,Yes,Active,UpperCard,Unknown,RingGeneral,Copeland & Christian,,89,89,Sourced video-game overall used as anchor; component attributes derived for GM simulation,Medium,1684000,52,35,91,88,89,93,91,89,86,91,88,90,92,95,96,96,90,93,79,30,61,80,98,36,96,86,96,92,91,93,89,https://www.fightful.com/wrestling/updated-all-elite-roster/,https://www.thesmackdownhotel.com/roster/aew/,https://www.thesmackdownhotel.com/aew-fight-forever/roster/,"AEW roster/availability from Fightful, cross-checkable with TSDH. AEW component stats are game-derived estimates because current public per-attribute ratings are not available.",initial_stats_recalibration_v1,37,87.3,37,79,71,87,87,63,17
aew_aew_pac,PAC,AEW,AEW,AEW,Mens,Mens,Yes,Active,UpperCard,Unknown,RingGeneral,Death Riders,,89,89,Sourced video-game overall used as anchor; component attributes derived for GM simulation,Medium,1684000,52,35,91,88,89,93,91,89,86,91,88,90,92,95,96,96,90,93,79,30,61,80,98,36,96,86,96,92,91,93,89,https://www.fightful.com/wrestling/updated-all-elite-roster/,https://www.thesmackdownhotel.com/roster/aew/,https://www.thesmackdownhotel.com/aew-fight-forever/roster/,"AEW roster/availability from Fightful, cross-checkable with TSDH. AEW component stats are game-derived estimates because current public per-attribute ratings are not available.",initial_stats_recalibration_v1,38,87.3,38,79,71,87,87,63,17
wwe_raw_jey_uso,Jey Uso,WWE,Raw,Raw,Mens,Mens,Yes,Active,Midcard,Face,RingGeneral,,,91,91,Sourced video-game overall used as anchor; component attributes derived for GM simulation,High,975000,52,25,91,91,91,94,96,86,88,90,89,90,85,90,86,86,88,87,88,22,73,82,91,22,92,89,86,86,91,83,89,https://www.thesmackdownhotel.com/roster/wwe/raw/,https://www.wwe.com/superstars,https://www.operationsports.com/wwe-2k26-ratings-list/,Roster source captured from current TSDH brand page; ratings anchored to WWE 2K26 when present.,initial_stats_recalibration_v1,39,87.15,39,86,68,85,81,61,10
aew_aew_cash_wheeler,Cash Wheeler,AEW,AEW,AEW,Mens,Mens,Yes,Active,MainEvent,Unknown,Technician,FTR,AEW World Tag Team Champion,84,84,Sourced video-game overall used as anchor; component attributes derived for GM simulation,Medium,3175000,52,35,85,89,87,81,91,84,83,78,79,85,90,88,88,89,81,87,78,22,71,79,85,27,84,82,88,86,75,96,87,https://www.fightful.com/wrestling/updated-all-elite-roster/,https://www.thesmackdownhotel.com/roster/aew/,https://www.thesmackdownhotel.com/aew-fight-forever/roster/,"AEW roster/availability from Fightful, cross-checkable with TSDH. AEW component stats are game-derived estimates because current public per-attribute ratings are not available.",initial_stats_recalibration_v1,40,87.05,40,84,77,91,86,60,13
aew_aew_kyle_o_reilly,Kyle O'Reilly,AEW,AEW,AEW,Mens,Mens,Yes,Active,MainEvent,Unknown,Technician,The Paragon & The Congomleration,AEW World Trios Champion,84,84,Sourced video-game overall used as anchor; component attributes derived for GM simulation,Medium,3175000,52,35,85,89,87,81,91,84,83,78,79,85,90,88,88,89,81,87,78,22,71,79,85,27,84,82,88,86,75,96,87,https://www.fightful.com/wrestling/updated-all-elite-roster/,https://www.thesmackdownhotel.com/roster/aew/,https://www.thesmackdownhotel.com/aew-fight-forever/roster/,"AEW roster/availability from Fightful, cross-checkable with TSDH. AEW component stats are game-derived estimates because current public per-attribute ratings are not available.",initial_stats_recalibration_v1,41,87.05,41,84,76,91,86,59,13
wwe_raw_bayley,Bayley,WWE,Raw,Raw,Womens,Womens,Yes,Active,UpperCard,Unknown,RingGeneral,,,89,89,Sourced video-game overall used as anchor; component attributes derived for GM simulation,High,1936000,52,35,86,91,88,90,91,91,94,83,84,89,89,87,91,88,83,89,83,28,69,82,94,37,95,96,89,87,91,90,95,https://www.thesmackdownhotel.com/roster/wwe/raw/,https://www.wwe.com/superstars,https://www.operationsports.com/wwe-2k26-ratings-list/,Roster source captured from current TSDH brand page; ratings anchored to WWE 2K26 when present.,initial_stats_recalibration_v1,42,86.9,42,88,71,87,85,63,10
aew_aew_samoa_joe,Samoa Joe,AEW,AEW,AEW,Mens,Mens,Yes,Active,UpperCard,Unknown,Brawler,The Opps,,88,88,Sourced video-game overall used as anchor; component attributes derived for GM simulation,Medium,1677000,52,35,89,90,89,88,95,87,86,82,84,89,91,94,97,94,89,93,80,28,65,76,97,30,89,80,95,91,89,92,93,https://www.fightful.com/wrestling/updated-all-elite-roster/,https://www.thesmackdownhotel.com/roster/aew/,https://www.thesmackdownhotel.com/aew-fight-forever/roster/,"AEW roster/availability from Fightful, cross-checkable with TSDH. AEW component stats are game-derived estimates because current public per-attribute ratings are not available.",initial_stats_recalibration_v1,43,86.9,43,78,71,86,87,58,27
wwe_raw_logan_paul,Logan Paul,WWE,Raw,Raw,Mens,Mens,Yes,Active,Midcard,Heel,Showman,,,90,90,Sourced video-game overall used as anchor; component attributes derived for GM simulation,High,972000,52,25,93,90,91,97,91,89,91,89,86,93,85,93,99,93,90,95,85,33,65,76,88,18,86,83,97,90,88,83,92,https://www.thesmackdownhotel.com/roster/wwe/raw/,https://www.wwe.com/superstars,https://www.operationsports.com/wwe-2k26-ratings-list/,Roster source captured from current TSDH brand page; ratings anchored to WWE 2K26 when present.,initial_stats_recalibration_v1,44,86.8,44,86,67,80,86,55,20
aew_aew_roderick_strong,Roderick Strong,AEW,AEW,AEW,Mens,Mens,Yes,Active,MainEvent,Unknown,Technician,The Paragon,AEW World Trios Champion,83,83,Sourced video-game overall used as anchor; component attributes derived for GM simulation,Medium,3162000,52,35,88,87,87,86,93,87,81,76,81,85,88,84,83,84,91,83,79,30,69,70,88,28,90,87,83,87,74,94,84,https://www.fightful.com/wrestling/updated-all-elite-roster/,https://www.thesmackdownhotel.com/roster/aew/,https://www.thesmackdownhotel.com/aew-fight-forever/roster/,"AEW roster/availability from Fightful, cross-checkable with TSDH. AEW component stats are game-derived estimates because current public per-attribute ratings are not available.",initial_stats_recalibration_v1,45,86.55,45,83,74,91,85,55,23
aew_aew_darby_allin,Darby Allin,AEW,AEW,AEW,Mens,Mens,Yes,Active,MainEvent,Unknown,RingGeneral,,AEW World Champion,83,83,Sourced video-game overall used as anchor; component attributes derived for GM simulation,Medium,3162000,52,35,87,87,87,89,93,79,78,81,78,87,89,89,87,91,89,87,77,28,65,75,93,22,83,87,89,89,75,95,86,https://www.fightful.com/wrestling/updated-all-elite-roster/,https://www.thesmackdownhotel.com/roster/aew/,https://www.thesmackdownhotel.com/aew-fight-forever/roster/,"AEW roster/availability from Fightful, cross-checkable with TSDH. AEW component stats are game-derived estimates because current public per-attribute ratings are not available.",initial_stats_recalibration_v1,46,86.45,46,83,76,88,88,56,28
wwe_smackdown_nia_jax,Nia Jax,WWE,SmackDown,SmackDown,Womens,Womens,Yes,Active,UpperCard,Unknown,Powerhouse,The Irresistible Forces,,88,88,Sourced video-game overall used as anchor; component attributes derived for GM simulation,High,1929000,52,35,88,88,88,92,92,87,85,86,83,86,92,84,80,80,91,82,80,25,68,79,90,34,89,95,80,87,89,93,90,https://www.thesmackdownhotel.com/roster/wwe/smackdown/,https://www.wwe.com/superstars,https://www.operationsports.com/wwe-2k26-ratings-list/,Roster source captured from current TSDH brand page; ratings anchored to WWE 2K26 when present.,initial_stats_recalibration_v1,47,86.3,47,91,71,86,83,58,16
aew_aew_bobby_lashley,Bobby Lashley,AEW,AEW,AEW,Mens,Mens,Yes,Active,UpperCard,Unknown,Powerhouse,The Hurt Syndicate,,88,88,Sourced video-game overall used as anchor; component attributes derived for GM simulation,Medium,1677000,52,35,90,87,88,87,92,86,90,92,89,89,87,93,90,92,86,90,83,22,69,79,90,38,93,91,91,88,86,88,89,https://www.fightful.com/wrestling/updated-all-elite-roster/,https://www.thesmackdownhotel.com/roster/aew/,https://www.thesmackdownhotel.com/aew-fight-forever/roster/,"AEW roster/availability from Fightful, cross-checkable with TSDH. AEW component stats are game-derived estimates because current public per-attribute ratings are not available.",initial_stats_recalibration_v1,48,86.15,48,78,70,86,84,61,20
wwe_raw_bronson_reed,Bronson Reed,WWE,Raw,Raw,Mens,Mens,Yes,Active,UpperCard,Unknown,Powerhouse,,,88,88,Sourced video-game overall used as anchor; component attributes derived for GM simulation,High,1929000,52,35,90,87,88,87,92,86,90,92,89,89,87,93,90,92,86,90,83,22,69,79,90,38,93,91,91,88,86,88,89,https://www.thesmackdownhotel.com/roster/wwe/raw/,https://www.wwe.com/superstars,https://www.operationsports.com/wwe-2k26-ratings-list/,Roster source captured from current TSDH brand page; ratings anchored to WWE 2K26 when present.,initial_stats_recalibration_v1,49,86.15,49,89,70,86,84,59,20
wwe_smackdown_kevin_owens,Kevin Owens,WWE,SmackDown,SmackDown,Mens,Mens,Yes,Active,UpperCard,Unknown,RingGeneral,,,87,87,Sourced video-game overall used as anchor; component attributes derived for GM simulation,High,1921000,52,35,88,90,89,88,86,82,82,80,90,91,86,88,86,87,85,86,83,20,73,76,87,31,91,96,86,85,83,87,92,https://www.thesmackdownhotel.com/roster/wwe/smackdown/,https://www.wwe.com/superstars,https://www.operationsports.com/wwe-2k26-ratings-list/,Roster source captured from current TSDH brand page; ratings anchored to WWE 2K26 when present.,initial_stats_recalibration_v1,50,86.05,50,91,69,86,83,55,13
aew_aew_mark_davis,Mark Davis,AEW,AEW,AEW,Mens,Mens,Yes,Active,MainEvent,Unknown,RingGeneral,The Don Callis Family,AEW National Champion,82,82,Sourced video-game overall used as anchor; component attributes derived for GM simulation,Medium,3150000,52,35,84,88,86,88,80,83,80,82,81,86,90,78,79,78,81,79,75,33,68,73,84,24,84,82,78,83,77,96,84,https://www.fightful.com/wrestling/updated-all-elite-roster/,https://www.thesmackdownhotel.com/roster/aew/,https://www.thesmackdownhotel.com/aew-fight-forever/roster/,"AEW roster/availability from Fightful, cross-checkable with TSDH. AEW component stats are game-derived estimates because current public per-attribute ratings are not available.",initial_stats_recalibration_v1,51,85.7,51,82,72,89,85,55,29
wwe_raw_la_knight,LA Knight,WWE,Raw,Raw,Mens,Mens,Yes,Active,Midcard,Face,RingGeneral,,,89,89,Sourced video-game overall used as anchor; component attributes derived for GM simulation,High,968000,52,25,90,89,89,88,92,90,89,85,91,88,83,91,96,91,88,92,86,23,65,85,94,27,92,91,93,88,91,81,87,https://www.thesmackdownhotel.com/roster/wwe/raw/,https://www.wwe.com/superstars,https://www.operationsports.com/wwe-2k26-ratings-list/,Roster source captured from current TSDH brand page; ratings anchored to WWE 2K26 when present.,initial_stats_recalibration_v1,52,85.4,52,85,68,85,82,63,9
wwe_smackdown_sami_zayn,Sami Zayn,WWE,SmackDown,SmackDown,Mens,Mens,Yes,Active,Midcard,Heel,RingGeneral,,,89,89,Sourced video-game overall used as anchor; component attributes derived for GM simulation,High,968000,52,25,90,89,89,88,92,90,89,85,91,88,83,91,96,91,88,92,86,23,65,85,94,27,92,91,93,88,91,81,87,https://www.thesmackdownhotel.com/roster/wwe/smackdown/,https://www.wwe.com/superstars,https://www.operationsports.com/wwe-2k26-ratings-list/,Roster source captured from current TSDH brand page; ratings anchored to WWE 2K26 when present.,initial_stats_recalibration_v1,53,85.4,53,88,68,84,82,63,9
wwe_smackdown_giulia,Giulia,WWE,SmackDown,SmackDown,Womens,Womens,Yes,Active,UpperCard,Unknown,RingGeneral,Giulia & Kiana James,,86,86,Sourced video-game overall used as anchor; component attributes derived for GM simulation,High,1914000,52,35,89,87,88,89,89,83,89,90,83,85,85,83,78,86,86,83,82,21,70,77,91,33,94,88,82,84,85,86,92,https://www.thesmackdownhotel.com/roster/wwe/smackdown/,https://www.wwe.com/superstars,https://www.operationsports.com/wwe-2k26-ratings-list/,Roster source captured from current TSDH brand page; ratings anchored to WWE 2K26 when present.,initial_stats_recalibration_v1,54,85,54,90,70,87,83,58,20
wwe_raw_nattie,Nattie,WWE,Raw,Raw,Womens,Womens,Yes,Active,UpperCard,Unknown,RingGeneral,,,86,86,Sourced video-game overall used as anchor; component attributes derived for GM simulation,High,1914000,52,35,89,87,88,89,89,83,89,90,83,85,85,83,78,86,86,83,82,21,70,77,91,33,94,88,82,84,85,86,92,https://www.thesmackdownhotel.com/roster/wwe/raw/,https://www.wwe.com/superstars,https://www.operationsports.com/wwe-2k26-ratings-list/,Roster source captured from current TSDH brand page; ratings anchored to WWE 2K26 when present.,initial_stats_recalibration_v1,55,85,55,88,69,87,83,58,20
wwe_raw_raquel_rodriguez,Raquel Rodriguez,WWE,Raw,Raw,Womens,Womens,Yes,Active,UpperCard,Unknown,RingGeneral,,,86,86,Sourced video-game overall used as anchor; component attributes derived for GM simulation,High,1914000,52,35,89,87,88,89,89,83,89,90,83,85,85,83,78,86,86,83,82,21,70,77,91,33,94,88,82,84,85,86,92,https://www.thesmackdownhotel.com/roster/wwe/raw/,https://www.wwe.com/superstars,https://www.operationsports.com/wwe-2k26-ratings-list/,Roster source captured from current TSDH brand page; ratings anchored to WWE 2K26 when present.,initial_stats_recalibration_v1,56,85,56,87,69,87,83,58,19
wwe_smackdown_damian_priest,Damian Priest,WWE,SmackDown,SmackDown,Mens,Mens,Yes,Active,Midcard,Face,Brawler,Wepa Up,WWE Tag Team Champion,87,87,Sourced video-game overall used as anchor; component attributes derived for GM simulation,High,961000,52,25,90,84,87,86,95,90,85,85,83,86,84,87,89,91,91,89,85,17,65,78,81,15,85,89,90,88,92,82,96,https://www.thesmackdownhotel.com/roster/wwe/smackdown/,https://www.wwe.com/superstars,https://www.operationsports.com/wwe-2k26-ratings-list/,Roster source captured from current TSDH brand page; ratings anchored to WWE 2K26 when present.,initial_stats_recalibration_v1,57,84.85,57,87,70,82,82,61,9
aew_aew_ricochet,Ricochet,AEW,AEW,AEW,Mens,Mens,Yes,Active,UpperCard,Unknown,HighFlyer,The Demand,,86,86,Sourced video-game overall used as anchor; component attributes derived for GM simulation,Medium,1664000,52,35,86,88,87,85,84,85,86,82,86,91,88,82,79,78,85,81,78,25,66,70,88,32,89,82,78,83,81,89,81,https://www.fightful.com/wrestling/updated-all-elite-roster/,https://www.thesmackdownhotel.com/roster/aew/,https://www.thesmackdownhotel.com/aew-fight-forever/roster/,"AEW roster/availability from Fightful, cross-checkable with TSDH. AEW component stats are game-derived estimates because current public per-attribute ratings are not available.",initial_stats_recalibration_v1,58,84.8,58,77,69,86,82,55,17
wwe_raw_sheamus,Sheamus,WWE,Raw,Raw,Mens,Mens,Yes,Active,UpperCard,Unknown,Powerhouse,,,86,86,Sourced video-game overall used as anchor; component attributes derived for GM simulation,High,1914000,52,35,86,87,86,86,87,90,87,89,82,85,88,89,89,86,90,87,78,24,72,77,84,28,87,91,87,88,82,89,93,https://www.thesmackdownhotel.com/roster/wwe/raw/,https://www.wwe.com/superstars,https://www.operationsports.com/wwe-2k26-ratings-list/,Roster source captured from current TSDH brand page; ratings anchored to WWE 2K26 when present.,initial_stats_recalibration_v1,59,84.5,59,87,69,85,83,56,9
wwe_raw_finn_b_lor,Finn Bálor,WWE,Raw,Raw,Mens,Mens,Yes,Active,Midcard,Face,RingGeneral,,,88,88,Sourced video-game overall used as anchor; component attributes derived for GM simulation,High,964000,52,25,86,87,86,91,82,86,87,93,85,94,83,91,95,89,87,90,84,23,72,85,89,17,84,94,92,87,87,81,83,https://www.thesmackdownhotel.com/roster/wwe/raw/,https://www.wwe.com/superstars,https://www.operationsports.com/wwe-2k26-ratings-list/,Roster source captured from current TSDH brand page; ratings anchored to WWE 2K26 when present.,initial_stats_recalibration_v1,60,83.65,60,84,68,84,82,63,12
wwe_raw_dominik_mysterio,Dominik Mysterio,WWE,Raw,Raw,Mens,Mens,Yes,Active,Midcard,Tweener,HighFlyer,,,87,87,Sourced video-game overall used as anchor; component attributes derived for GM simulation,High,961000,52,25,87,86,86,85,93,86,84,83,84,84,86,91,93,93,88,91,80,21,65,73,81,24,89,91,93,89,82,84,90,https://www.thesmackdownhotel.com/roster/wwe/raw/,https://www.wwe.com/superstars,https://www.operationsports.com/wwe-2k26-ratings-list/,Roster source captured from current TSDH brand page; ratings anchored to WWE 2K26 when present.,initial_stats_recalibration_v1,61,83.3,61,83,67,82,81,53,9
aew_aew_lena_kross,Lena Kross,AEW,AEW,AEW,Womens,Womens,Yes,Active,MainEvent,Unknown,RingGeneral,Divine Dominion,AEW Women's World Tag Team Champion,79,79,Sourced video-game overall used as anchor; component attributes derived for GM simulation,Medium,3113000,52,35,82,85,83,83,77,73,80,73,82,78,87,79,80,76,80,78,73,20,65,73,79,32,80,83,78,81,69,93,78,https://www.fightful.com/wrestling/updated-all-elite-roster/,https://www.thesmackdownhotel.com/roster/aew/,https://www.thesmackdownhotel.com/aew-fight-forever/roster/,"AEW roster/availability from Fightful, cross-checkable with TSDH. AEW component stats are game-derived estimates because current public per-attribute ratings are not available.",initial_stats_recalibration_v1,62,83,62,82,72,88,85,55,15
wwe_smackdown_alexa_bliss,Alexa Bliss,WWE,SmackDown,SmackDown,Womens,Womens,Yes,Active,Midcard,Face,RingGeneral,,,87,87,Sourced video-game overall used as anchor; component attributes derived for GM simulation,High,961000,52,25,88,83,85,90,83,81,90,81,87,90,86,85,90,89,86,88,80,28,68,76,85,19,91,95,89,87,92,84,92,https://www.thesmackdownhotel.com/roster/wwe/smackdown/,https://www.wwe.com/superstars,https://www.operationsports.com/wwe-2k26-ratings-list/,Roster source captured from current TSDH brand page; ratings anchored to WWE 2K26 when present.,initial_stats_recalibration_v1,63,82.75,63,86,67,84,81,54,19
wwe_raw_jimmy_uso,Jimmy Uso,WWE,Raw,Raw,Mens,Mens,Yes,Active,Midcard,Face,RingGeneral,,,86,86,Sourced video-game overall used as anchor; component attributes derived for GM simulation,High,957000,52,25,88,85,86,86,85,80,88,87,87,83,85,90,89,91,84,88,79,30,65,80,81,20,85,95,90,86,84,83,82,https://www.thesmackdownhotel.com/roster/wwe/raw/,https://www.wwe.com/superstars,https://www.operationsports.com/wwe-2k26-ratings-list/,Roster source captured from current TSDH brand page; ratings anchored to WWE 2K26 when present.,initial_stats_recalibration_v1,64,82.75,64,83,67,83,81,62,21
wwe_smackdown_shinsuke_nakamura,Shinsuke Nakamura,WWE,SmackDown,SmackDown,Mens,Mens,Yes,Active,Midcard,Face,RingGeneral,,,86,86,Sourced video-game overall used as anchor; component attributes derived for GM simulation,High,957000,52,25,88,85,86,86,85,80,88,87,87,83,85,90,89,91,84,88,79,30,65,80,81,20,85,95,90,86,84,83,82,https://www.thesmackdownhotel.com/roster/wwe/smackdown/,https://www.wwe.com/superstars,https://www.operationsports.com/wwe-2k26-ratings-list/,Roster source captured from current TSDH brand page; ratings anchored to WWE 2K26 when present.,initial_stats_recalibration_v1,65,82.75,65,86,67,83,81,62,21
wwe_raw_penta,Penta,WWE,Raw,Raw,Mens,Mens,Yes,Active,Midcard,Face,HighFlyer,,Intercontinental Champion,84,84,Sourced video-game overall used as anchor; component attributes derived for GM simulation,High,949000,52,25,85,82,83,83,87,84,89,79,87,84,78,80,75,78,89,79,73,32,60,71,86,26,83,83,76,81,87,76,82,https://www.thesmackdownhotel.com/roster/wwe/raw/,https://www.wwe.com/superstars,https://www.operationsports.com/wwe-2k26-ratings-list/,Roster source captured from current TSDH brand page; ratings anchored to WWE 2K26 when present.,initial_stats_recalibration_v1,66,81.65,66,82,68,81,75,53,26
wwe_smackdown_chelsea_green,Chelsea Green,WWE,SmackDown,SmackDown,Womens,Womens,Yes,Active,Midcard,Unknown,Showman,The Green Regime,,85,85,Sourced video-game overall used as anchor; component attributes derived for GM simulation,High,953000,52,25,87,84,85,82,89,87,87,78,84,81,80,92,97,94,90,92,81,26,69,78,86,16,83,81,95,88,85,78,86,https://www.thesmackdownhotel.com/roster/wwe/smackdown/,https://www.wwe.com/superstars,https://www.operationsports.com/wwe-2k26-ratings-list/,Roster source captured from current TSDH brand page; ratings anchored to WWE 2K26 when present.,initial_stats_recalibration_v1,67,81.6,67,85,66,77,84,58,12
wwe_smackdown_ilja_dragunov,Ilja Dragunov,WWE,SmackDown,SmackDown,Mens,Mens,Yes,Active,Midcard,Face,Technician,,,85,85,Sourced video-game overall used as anchor; component attributes derived for GM simulation,High,953000,52,25,85,85,85,80,83,82,84,88,84,85,82,88,88,90,86,87,78,21,64,80,91,24,87,90,89,85,82,80,89,https://www.thesmackdownhotel.com/roster/wwe/smackdown/,https://www.wwe.com/superstars,https://www.operationsports.com/wwe-2k26-ratings-list/,Roster source captured from current TSDH brand page; ratings anchored to WWE 2K26 when present.,initial_stats_recalibration_v1,68,81.6,68,84,67,83,77,62,9
wwe_raw_roxanne_perez,Roxanne Perez,WWE,Raw,Raw,Womens,Womens,Yes,Active,Midcard,Unknown,RingGeneral,,,85,85,Sourced video-game overall used as anchor; component attributes derived for GM simulation,High,953000,52,25,85,84,84,84,83,86,90,79,86,91,79,82,87,81,85,84,84,19,73,71,89,16,86,85,84,82,84,77,88,https://www.thesmackdownhotel.com/roster/wwe/raw/,https://www.wwe.com/superstars,https://www.operationsports.com/wwe-2k26-ratings-list/,Roster source captured from current TSDH brand page; ratings anchored to WWE 2K26 when present.,initial_stats_recalibration_v1,69,81.15,69,81,65,84,78,54,9
wwe_smackdown_trick_williams,Trick Williams,WWE,SmackDown,SmackDown,Mens,Mens,Yes,Active,Midcard,Face,RingGeneral,,United States Champion,84,84,Sourced video-game overall used as anchor; component attributes derived for GM simulation,High,949000,52,25,81,82,81,79,76,86,82,88,86,85,82,88,86,90,79,86,77,26,62,75,82,21,83,87,88,83,81,80,83,https://www.thesmackdownhotel.com/roster/wwe/smackdown/,https://www.wwe.com/superstars,https://www.operationsports.com/wwe-2k26-ratings-list/,Roster source captured from current TSDH brand page; ratings anchored to WWE 2K26 when present.,initial_stats_recalibration_v1,70,81.05,70,82,68,83,78,54,15
aew_aew_mark_briscoe,Mark Briscoe,AEW,AEW,AEW,Mens,Mens,Yes,Active,Midcard,Unknown,Brawler,the Conglomeration,,50,84,"Game-derived estimate from roster tier, title status, current availability, and known public role",Low,826000,52,25,86,84,85,85,92,82,87,84,85,83,78,90,91,89,87,88,81,20,71,79,84,13,82,81,90,85,89,76,86,https://www.fightful.com/wrestling/updated-all-elite-roster/,https://www.thesmackdownhotel.com/roster/aew/,https://www.thesmackdownhotel.com/aew-fight-forever/roster/,"AEW roster/availability from Fightful, cross-checkable with TSDH. AEW component stats are game-derived estimates because current public per-attribute ratings are not available.",initial_stats_recalibration_v1,71,80.9,71,76,66,78,82,58,8
aew_aew_tommaso_ciampa,Tommaso Ciampa,AEW,AEW,AEW,Mens,Mens,Yes,Active,Midcard,Unknown,Brawler,,,84,84,Sourced video-game overall used as anchor; component attributes derived for GM simulation,Medium,826000,52,25,86,84,85,85,92,82,87,84,85,83,78,90,91,89,87,88,81,20,71,79,84,13,82,81,90,85,89,76,86,https://www.fightful.com/wrestling/updated-all-elite-roster/,https://www.thesmackdownhotel.com/roster/aew/,https://www.thesmackdownhotel.com/aew-fight-forever/roster/,"AEW roster/availability from Fightful, cross-checkable with TSDH. AEW component stats are game-derived estimates because current public per-attribute ratings are not available.",initial_stats_recalibration_v1,72,80.9,72,76,67,78,82,58,8
aew_aew_christian_cage,Christian Cage,AEW,AEW,AEW,Mens,Mens,Yes,Active,Midcard,Unknown,Powerhouse,Cope & Christian,,50,84,"Game-derived estimate from roster tier, title status, current availability, and known public role",Low,826000,52,25,87,82,84,89,93,85,86,77,87,85,83,80,82,83,85,83,76,32,65,84,90,15,85,86,82,83,81,81,89,https://www.fightful.com/wrestling/updated-all-elite-roster/,https://www.thesmackdownhotel.com/roster/aew/,https://www.thesmackdownhotel.com/aew-fight-forever/roster/,"AEW roster/availability from Fightful, cross-checkable with TSDH. AEW component stats are game-derived estimates because current public per-attribute ratings are not available.",initial_stats_recalibration_v1,73,80.8,73,77,68,77,76,63,19
wwe_raw_el_grande_americano,El Grande Americano,WWE,Raw,Raw,Mens,Mens,Yes,Active,Midcard,Tweener,RingGeneral,,,85,85,Sourced video-game overall used as anchor; component attributes derived for GM simulation,High,953000,52,25,84,82,83,85,85,86,90,85,83,82,81,89,86,92,85,87,84,19,73,78,84,12,84,91,89,85,83,79,81,https://www.thesmackdownhotel.com/roster/wwe/raw/,https://www.wwe.com/superstars,https://www.operationsports.com/wwe-2k26-ratings-list/,Roster source captured from current TSDH brand page; ratings anchored to WWE 2K26 when present.,initial_stats_recalibration_v1,74,80.6,74,81,66,83,81,62,8
aew_aew_matt_jackson,Matt Jackson,AEW,AEW,AEW,Mens,Mens,Yes,Active,Midcard,Unknown,RingGeneral,The Young Bucks,,85,85,Sourced video-game overall used as anchor; component attributes derived for GM simulation,Medium,829000,52,25,84,82,83,85,85,86,90,85,83,82,81,89,86,92,85,87,84,19,73,78,84,12,84,91,89,85,83,79,81,https://www.fightful.com/wrestling/updated-all-elite-roster/,https://www.thesmackdownhotel.com/roster/aew/,https://www.thesmackdownhotel.com/aew-fight-forever/roster/,"AEW roster/availability from Fightful, cross-checkable with TSDH. AEW component stats are game-derived estimates because current public per-attribute ratings are not available.",initial_stats_recalibration_v1,75,80.6,75,75,66,84,81,62,8
aew_aew_nick_jackson,Nick Jackson,AEW,AEW,AEW,Mens,Mens,Yes,Active,Midcard,Unknown,RingGeneral,The Young Bucks,,85,85,Sourced video-game overall used as anchor; component attributes derived for GM simulation,Medium,829000,52,25,84,82,83,85,85,86,90,85,83,82,81,89,86,92,85,87,84,19,73,78,84,12,84,91,89,85,83,79,81,https://www.fightful.com/wrestling/updated-all-elite-roster/,https://www.thesmackdownhotel.com/roster/aew/,https://www.thesmackdownhotel.com/aew-fight-forever/roster/,"AEW roster/availability from Fightful, cross-checkable with TSDH. AEW component stats are game-derived estimates because current public per-attribute ratings are not available.",initial_stats_recalibration_v1,76,80.6,76,75,66,83,81,62,8
wwe_raw_original_el_grande_americano,Original El Grande Americano,WWE,Raw,Raw,Mens,Mens,Yes,Active,Midcard,Tweener,RingGeneral,American Made,,85,85,Sourced video-game overall used as anchor; component attributes derived for GM simulation,High,953000,52,25,84,82,83,85,85,86,90,85,83,82,81,89,86,92,85,87,84,19,73,78,84,12,84,91,89,85,83,79,81,https://www.thesmackdownhotel.com/roster/wwe/raw/,https://www.wwe.com/superstars,https://www.operationsports.com/wwe-2k26-ratings-list/,Roster source captured from current TSDH brand page; ratings anchored to WWE 2K26 when present.,initial_stats_recalibration_v1,77,80.6,77,80,66,83,80,62,7
wwe_smackdown_solo_sikoa,Solo Sikoa,WWE,SmackDown,SmackDown,Mens,Mens,Yes,Active,Midcard,Heel,RingGeneral,MFT,,85,85,Sourced video-game overall used as anchor; component attributes derived for GM simulation,High,953000,52,25,84,82,83,85,85,86,90,85,83,82,81,89,86,92,85,87,84,19,73,78,84,12,84,91,89,85,83,79,81,https://www.thesmackdownhotel.com/roster/wwe/smackdown/,https://www.wwe.com/superstars,https://www.operationsports.com/wwe-2k26-ratings-list/,Roster source captured from current TSDH brand page; ratings anchored to WWE 2K26 when present.,initial_stats_recalibration_v1,78,80.6,78,83,66,82,80,62,7
wwe_raw_rey_mysterio,Rey Mysterio,WWE,Raw,Raw,Mens,Mens,Yes,Active,Midcard,Face,HighFlyer,,,84,84,Sourced video-game overall used as anchor; component attributes derived for GM simulation,High,949000,52,25,85,82,83,83,87,84,89,79,87,84,78,80,75,78,89,79,73,32,60,71,86,26,83,83,76,81,87,76,82,https://www.thesmackdownhotel.com/roster/wwe/raw/,https://www.wwe.com/superstars,https://www.operationsports.com/wwe-2k26-ratings-list/,Roster source captured from current TSDH brand page; ratings anchored to WWE 2K26 when present.,initial_stats_recalibration_v1,79,80.15,79,79,66,81,75,53,26
aew_aew_athena,Athena,AEW,AEW,AEW,Womens,Womens,Yes,Active,Midcard,Unknown,RingGeneral,M.I.T.,,50,84,"Game-derived estimate from roster tier, title status, current availability, and known public role",Low,826000,52,25,84,81,82,80,88,84,85,80,80,87,83,89,85,91,80,86,76,31,62,75,87,20,87,92,88,83,89,81,86,https://www.fightful.com/wrestling/updated-all-elite-roster/,https://www.thesmackdownhotel.com/roster/aew/,https://www.thesmackdownhotel.com/aew-fight-forever/roster/,"AEW roster/availability from Fightful, cross-checkable with TSDH. AEW component stats are game-derived estimates because current public per-attribute ratings are not available.",initial_stats_recalibration_v1,80,79.95,80,73,64,81,80,57,12
aew_aew_hikaru_shida,Hikaru Shida,AEW,AEW,AEW,Womens,Womens,Yes,Active,Midcard,Unknown,RingGeneral,,,50,84,"Game-derived estimate from roster tier, title status, current availability, and known public role",Low,826000,52,25,84,81,82,80,88,84,85,80,80,87,83,89,85,91,80,86,76,31,62,75,87,20,87,92,88,83,89,81,86,https://www.fightful.com/wrestling/updated-all-elite-roster/,https://www.thesmackdownhotel.com/roster/aew/,https://www.thesmackdownhotel.com/aew-fight-forever/roster/,"AEW roster/availability from Fightful, cross-checkable with TSDH. AEW component stats are game-derived estimates because current public per-attribute ratings are not available.",initial_stats_recalibration_v1,81,79.95,81,73,64,81,79,57,12
aew_aew_jamie_hayter,Jamie Hayter,AEW,AEW,AEW,Womens,Womens,Yes,Active,Midcard,Unknown,RingGeneral,The Brawling Birds,,50,84,"Game-derived estimate from roster tier, title status, current availability, and known public role",Low,826000,52,25,84,81,82,80,88,84,85,80,80,87,83,89,85,91,80,86,76,31,62,75,87,20,87,92,88,83,89,81,86,https://www.fightful.com/wrestling/updated-all-elite-roster/,https://www.thesmackdownhotel.com/roster/aew/,https://www.thesmackdownhotel.com/aew-fight-forever/roster/,"AEW roster/availability from Fightful, cross-checkable with TSDH. AEW component stats are game-derived estimates because current public per-attribute ratings are not available.",initial_stats_recalibration_v1,82,79.95,82,72,65,81,79,57,12
aew_aew_kris_statlander,Kris Statlander,AEW,AEW,AEW,Womens,Womens,Yes,Active,Midcard,Unknown,RingGeneral,,,50,84,"Game-derived estimate from roster tier, title status, current availability, and known public role",Low,826000,52,25,84,81,82,80,88,84,85,80,80,87,83,89,85,91,80,86,76,31,62,75,87,20,87,92,88,83,89,81,86,https://www.fightful.com/wrestling/updated-all-elite-roster/,https://www.thesmackdownhotel.com/roster/aew/,https://www.thesmackdownhotel.com/aew-fight-forever/roster/,"AEW roster/availability from Fightful, cross-checkable with TSDH. AEW component stats are game-derived estimates because current public per-attribute ratings are not available.",initial_stats_recalibration_v1,83,79.95,83,72,65,81,79,57,12
wwe_raw_lyra_valkyria,Lyra Valkyria,WWE,Raw,Raw,Womens,Womens,Yes,Active,Midcard,Unknown,RingGeneral,,,84,84,Sourced video-game overall used as anchor; component attributes derived for GM simulation,High,949000,52,25,84,81,82,80,88,84,85,80,80,87,83,89,85,91,80,86,76,31,62,75,87,20,87,92,88,83,89,81,86,https://www.thesmackdownhotel.com/roster/wwe/raw/,https://www.wwe.com/superstars,https://www.operationsports.com/wwe-2k26-ratings-list/,Roster source captured from current TSDH brand page; ratings anchored to WWE 2K26 when present.,initial_stats_recalibration_v1,84,79.95,84,78,64,81,79,57,12
aew_aew_thunder_rosa,Thunder Rosa,AEW,AEW,AEW,Womens,Womens,Yes,Active,Midcard,Unknown,RingGeneral,,,50,84,"Game-derived estimate from roster tier, title status, current availability, and known public role",Low,826000,52,25,84,81,82,80,88,84,85,80,80,87,83,89,85,91,80,86,76,31,62,75,87,20,87,92,88,83,89,81,86,https://www.fightful.com/wrestling/updated-all-elite-roster/,https://www.thesmackdownhotel.com/roster/aew/,https://www.thesmackdownhotel.com/aew-fight-forever/roster/,"AEW roster/availability from Fightful, cross-checkable with TSDH. AEW component stats are game-derived estimates because current public per-attribute ratings are not available.",initial_stats_recalibration_v1,85,79.95,85,74,65,81,79,57,12
wwe_raw_ethan_page,Ethan Page,WWE,Raw,Raw,Mens,Mens,Yes,Active,Midcard,Heel,RingGeneral,,,83,83,Sourced video-game overall used as anchor; component attributes derived for GM simulation,High,946000,52,25,85,81,83,80,89,85,86,81,85,81,82,85,90,83,89,85,78,23,70,76,77,14,86,88,86,85,85,80,82,https://www.thesmackdownhotel.com/roster/wwe/raw/,https://www.wwe.com/superstars,https://www.operationsports.com/wwe-2k26-ratings-list/,Roster source captured from current TSDH brand page; ratings anchored to WWE 2K26 when present.,initial_stats_recalibration_v1,86,79.7,86,78,65,82,78,59,12
aew_aew_hangman_adam_page,"""Hangman"" Adam Page",AEW,AEW,AEW,Mens,Mens,Yes,Active,Midcard,Unknown,RingGeneral,,,84,84,Sourced video-game overall used as anchor; component attributes derived for GM simulation,Medium,826000,52,25,81,82,81,79,76,86,82,88,86,85,82,88,86,90,79,86,77,26,62,75,82,21,83,87,88,83,81,80,83,https://www.fightful.com/wrestling/updated-all-elite-roster/,https://www.thesmackdownhotel.com/roster/aew/,https://www.thesmackdownhotel.com/aew-fight-forever/roster/,"AEW roster/availability from Fightful, cross-checkable with TSDH. AEW component stats are game-derived estimates because current public per-attribute ratings are not available.",initial_stats_recalibration_v1,87,79.55,87,68,63,82,78,54,15
wwe_smackdown_carmelo_hayes,Carmelo Hayes,WWE,SmackDown,SmackDown,Mens,Mens,Yes,Active,Midcard,Face,RingGeneral,,,84,84,Sourced video-game overall used as anchor; component attributes derived for GM simulation,High,949000,52,25,81,82,81,79,76,86,82,88,86,85,82,88,86,90,79,86,77,26,62,75,82,21,83,87,88,83,81,80,83,https://www.thesmackdownhotel.com/roster/wwe/smackdown/,https://www.wwe.com/superstars,https://www.operationsports.com/wwe-2k26-ratings-list/,Roster source captured from current TSDH brand page; ratings anchored to WWE 2K26 when present.,initial_stats_recalibration_v1,88,79.55,88,81,63,82,78,54,15
aew_aew_konosuke_takeshita,Konosuke Takeshita,AEW,AEW,AEW,Mens,Mens,Yes,Active,Midcard,Unknown,RingGeneral,The Don Callis Family,,50,84,"Game-derived estimate from roster tier, title status, current availability, and known public role",Low,826000,52,25,81,82,81,79,76,86,82,88,86,85,82,88,86,90,79,86,77,26,62,75,82,21,83,87,88,83,81,80,83,https://www.fightful.com/wrestling/updated-all-elite-roster/,https://www.thesmackdownhotel.com/roster/aew/,https://www.thesmackdownhotel.com/aew-fight-forever/roster/,"AEW roster/availability from Fightful, cross-checkable with TSDH. AEW component stats are game-derived estimates because current public per-attribute ratings are not available.",initial_stats_recalibration_v1,89,79.55,89,71,63,82,78,54,15
wwe_raw_austin_theory,Austin Theory,WWE,Raw,Raw,Mens,Mens,Yes,Active,Midcard,Heel,RingGeneral,,,82,82,Sourced video-game overall used as anchor; component attributes derived for GM simulation,High,942000,52,25,84,80,82,80,78,79,78,86,83,88,77,83,84,86,80,84,75,31,69,71,87,21,78,85,85,80,85,75,88,https://www.thesmackdownhotel.com/roster/wwe/raw/,https://www.wwe.com/superstars,https://www.operationsports.com/wwe-2k26-ratings-list/,Roster source captured from current TSDH brand page; ratings anchored to WWE 2K26 when present.,initial_stats_recalibration_v1,90,78.55,90,77,62,80,77,53,26
aew_aew_kyle_fletcher,Kyle Fletcher,AEW,AEW,AEW,Mens,Mens,Yes,Injured,Midcard,Unknown,RingGeneral,The Don Callis Family,,50,84,"Game-derived estimate from roster tier, title status, current availability, and known public role",Low,826000,52,35,81,82,81,79,76,86,82,88,86,85,82,88,86,90,79,86,75,34,59,75,82,31,79,87,88,83,77,76,83,https://www.fightful.com/wrestling/updated-all-elite-roster/,https://www.thesmackdownhotel.com/roster/aew/,https://www.thesmackdownhotel.com/aew-fight-forever/roster/,"AEW roster/availability from Fightful, cross-checkable with TSDH. AEW component stats are game-derived estimates because current public per-attribute ratings are not available.",initial_stats_recalibration_v1,91,78.55,91,71,63,82,78,53,39
aew_aew_shelton_benjamin,Shelton Benjamin,AEW,AEW,AEW,Mens,Mens,Yes,Active,Midcard,Unknown,RingGeneral,The Hurt Syndicate,,82,82,Sourced video-game overall used as anchor; component attributes derived for GM simulation,Medium,819000,52,25,84,80,82,80,78,79,78,86,83,88,77,83,84,86,80,84,75,31,69,71,87,21,78,85,85,80,85,75,88,https://www.fightful.com/wrestling/updated-all-elite-roster/,https://www.thesmackdownhotel.com/roster/aew/,https://www.thesmackdownhotel.com/aew-fight-forever/roster/,"AEW roster/availability from Fightful, cross-checkable with TSDH. AEW component stats are game-derived estimates because current public per-attribute ratings are not available.",initial_stats_recalibration_v1,92,78.55,92,70,62,80,78,53,25
wwe_raw_joe_hendry,Joe Hendry,WWE,Raw,Raw,Mens,Mens,Yes,Active,Midcard,Face,RingGeneral,,,81,81,Sourced video-game overall used as anchor; component attributes derived for GM simulation,High,938000,52,25,82,80,81,80,78,75,76,79,81,79,77,79,75,77,81,77,73,20,70,77,79,15,83,85,76,78,78,75,87,https://www.thesmackdownhotel.com/roster/wwe/raw/,https://www.wwe.com/superstars,https://www.operationsports.com/wwe-2k26-ratings-list/,Roster source captured from current TSDH brand page; ratings anchored to WWE 2K26 when present.,initial_stats_recalibration_v1,93,77.7,93,76,63,78,76,58,7
wwe_smackdown_ricky_saints,Ricky Saints,WWE,SmackDown,SmackDown,Mens,Mens,Yes,Active,Midcard,Heel,RingGeneral,,,81,81,Sourced video-game overall used as anchor; component attributes derived for GM simulation,High,938000,52,25,82,80,81,80,78,75,76,79,81,79,77,79,75,77,81,77,73,20,70,77,79,15,83,85,76,78,78,75,87,https://www.thesmackdownhotel.com/roster/wwe/smackdown/,https://www.wwe.com/superstars,https://www.operationsports.com/wwe-2k26-ratings-list/,Roster source captured from current TSDH brand page; ratings anchored to WWE 2K26 when present.,initial_stats_recalibration_v1,94,77.7,94,81,64,78,75,58,7
aew_aew_adam_cole,Adam Cole,AEW,AEW,AEW,Mens,Mens,Yes,Injured,Midcard,Unknown,RingGeneral,The Paragon,,82,82,Sourced video-game overall used as anchor; component attributes derived for GM simulation,Medium,819000,52,35,84,80,82,80,78,79,78,86,83,88,77,83,84,86,80,84,73,39,66,71,87,31,74,85,85,80,81,71,88,https://www.fightful.com/wrestling/updated-all-elite-roster/,https://www.thesmackdownhotel.com/roster/aew/,https://www.thesmackdownhotel.com/aew-fight-forever/roster/,"AEW roster/availability from Fightful, cross-checkable with TSDH. AEW component stats are game-derived estimates because current public per-attribute ratings are not available.",initial_stats_recalibration_v1,95,77.55,95,69,62,80,77,53,52
wwe_smackdown_michin,Michin,WWE,SmackDown,SmackDown,Womens,Womens,Yes,Active,Midcard,Unknown,RingGeneral,,,82,82,Sourced video-game overall used as anchor; component attributes derived for GM simulation,High,942000,52,25,79,80,79,84,74,84,79,84,80,77,77,88,90,91,77,87,75,28,61,76,82,26,79,87,90,81,83,75,83,https://www.thesmackdownhotel.com/roster/wwe/smackdown/,https://www.wwe.com/superstars,https://www.operationsports.com/wwe-2k26-ratings-list/,Roster source captured from current TSDH brand page; ratings anchored to WWE 2K26 when present.,initial_stats_recalibration_v1,96,77.5,96,80,63,80,80,56,21
wwe_smackdown_r_truth,R-Truth,WWE,SmackDown,SmackDown,Mens,Mens,Yes,Active,Midcard,Face,RingGeneral,Wepa Up,WWE Tag Team Champion,80,80,Sourced video-game overall used as anchor; component attributes derived for GM simulation,High,934000,52,25,79,77,78,77,77,79,75,79,82,83,77,79,83,75,82,79,77,26,68,71,76,19,84,84,79,79,79,75,79,https://www.thesmackdownhotel.com/roster/wwe/smackdown/,https://www.wwe.com/superstars,https://www.operationsports.com/wwe-2k26-ratings-list/,Roster source captured from current TSDH brand page; ratings anchored to WWE 2K26 when present.,initial_stats_recalibration_v1,97,77.4,97,75,67,79,76,53,11
wwe_smackdown_the_miz,The Miz,WWE,SmackDown,SmackDown,Mens,Mens,Yes,Active,Midcard,Heel,Showman,,,80,80,Sourced video-game overall used as anchor; component attributes derived for GM simulation,High,934000,52,25,82,80,81,81,88,78,83,80,81,79,74,90,96,89,83,88,77,20,71,77,80,13,78,77,92,83,85,72,77,https://www.thesmackdownhotel.com/roster/wwe/smackdown/,https://www.wwe.com/superstars,https://www.operationsports.com/wwe-2k26-ratings-list/,Roster source captured from current TSDH brand page; ratings anchored to WWE 2K26 when present.,initial_stats_recalibration_v1,98,77.1,98,83,64,76,83,57,7
wwe_smackdown_jordynne_grace,Jordynne Grace,WWE,SmackDown,SmackDown,Womens,Womens,Yes,Active,Midcard,Face,RingGeneral,,,81,81,Sourced video-game overall used as anchor; component attributes derived for GM simulation,High,938000,52,25,79,79,79,75,75,78,80,76,84,79,81,83,84,81,75,82,71,28,68,77,79,26,83,89,82,79,77,79,80,https://www.thesmackdownhotel.com/roster/wwe/smackdown/,https://www.wwe.com/superstars,https://www.operationsports.com/wwe-2k26-ratings-list/,Roster source captured from current TSDH brand page; ratings anchored to WWE 2K26 when present.,initial_stats_recalibration_v1,99,77.05,99,79,63,79,77,61,22
wwe_smackdown_lash_legend,Lash Legend,WWE,SmackDown,SmackDown,Womens,Womens,Yes,Active,Midcard,Unknown,RingGeneral,The Irresistible Forces,,81,81,Sourced video-game overall used as anchor; component attributes derived for GM simulation,High,938000,52,25,79,79,79,75,75,78,80,76,84,79,81,83,84,81,75,82,71,28,68,77,79,26,83,89,82,79,77,79,80,https://www.thesmackdownhotel.com/roster/wwe/smackdown/,https://www.wwe.com/superstars,https://www.operationsports.com/wwe-2k26-ratings-list/,Roster source captured from current TSDH brand page; ratings anchored to WWE 2K26 when present.,initial_stats_recalibration_v1,100,77.05,100,78,63,79,77,61,22
aew_aew_dr_britt_baker_d_m_d,"Dr. Britt Baker, D.M.D.",AEW,AEW,AEW,Womens,Womens,Yes,Inactive,Midcard,Unknown,RingGeneral,,,85,85,Sourced video-game overall used as anchor; component attributes derived for GM simulation,Medium,829000,52,35,85,84,84,84,83,86,90,79,86,91,79,82,87,81,85,84,84,19,73,71,89,26,82,85,84,82,80,73,88,https://www.fightful.com/wrestling/updated-all-elite-roster/,https://www.thesmackdownhotel.com/roster/aew/,https://www.thesmackdownhotel.com/aew-fight-forever/roster/,"AEW roster/availability from Fightful, cross-checkable with TSDH. AEW component stats are game-derived estimates because current public per-attribute ratings are not available.",initial_stats_recalibration_v1,101,76.15,101,74,64,83,77,53,36
aew_aew_timeless_toni_storm,"""Timeless"" Toni Storm",AEW,AEW,AEW,Womens,Womens,Yes,Inactive,Midcard,Unknown,Showman,Timeless Love Bombs,,50,84,"Game-derived estimate from roster tier, title status, current availability, and known public role",Low,826000,52,35,86,84,85,91,83,86,80,85,87,88,82,93,99,93,84,92,79,28,68,71,88,36,82,80,97,87,77,76,90,https://www.fightful.com/wrestling/updated-all-elite-roster/,https://www.thesmackdownhotel.com/roster/aew/,https://www.thesmackdownhotel.com/aew-fight-forever/roster/,"AEW roster/availability from Fightful, cross-checkable with TSDH. AEW component stats are game-derived estimates because current public per-attribute ratings are not available.",initial_stats_recalibration_v1,102,76.1,102,77,63,77,84,52,38
wwe_raw_montez_ford,Montez Ford,WWE,Raw,Raw,Mens,Mens,Yes,Active,Midcard,Face,RingGeneral,,,80,80,Sourced video-game overall used as anchor; component attributes derived for GM simulation,High,934000,52,25,79,77,78,77,77,79,75,79,82,83,77,79,83,75,82,79,77,26,68,71,76,19,84,84,79,79,79,75,79,https://www.thesmackdownhotel.com/roster/wwe/raw/,https://www.wwe.com/superstars,https://www.operationsports.com/wwe-2k26-ratings-list/,Roster source captured from current TSDH brand page; ratings anchored to WWE 2K26 when present.,initial_stats_recalibration_v1,103,75.9,103,75,61,79,76,53,11
wwe_smackdown_jacy_jayne,Jacy Jayne,WWE,SmackDown,SmackDown,Womens,Womens,Yes,Active,Midcard,Unknown,RingGeneral,The Fatal Influence,,80,80,Sourced video-game overall used as anchor; component attributes derived for GM simulation,High,934000,52,25,77,77,77,80,80,76,78,75,82,81,75,79,76,81,75,79,73,21,63,74,75,15,82,82,78,76,77,73,76,https://www.thesmackdownhotel.com/roster/wwe/smackdown/,https://www.wwe.com/superstars,https://www.operationsports.com/wwe-2k26-ratings-list/,Roster source captured from current TSDH brand page; ratings anchored to WWE 2K26 when present.,initial_stats_recalibration_v1,104,75.4,104,76,62,78,75,57,14
wwe_nxt_kelani_jordan,Kelani Jordan,WWE,NXT,NXT,Womens,Womens,Yes,Active,Midcard,Unknown,RingGeneral,,,79,79,Sourced video-game overall used as anchor; component attributes derived for GM simulation,High,931000,52,25,78,77,77,74,79,77,80,77,80,78,78,78,78,76,76,77,74,29,63,73,76,20,80,86,77,77,78,76,80,https://www.thesmackdownhotel.com/roster/wwe/nxt/,https://www.wwe.com/superstars,https://www.operationsports.com/wwe-2k26-ratings-list/,Roster source captured from current TSDH brand page; ratings anchored to WWE 2K26 when present.,initial_stats_recalibration_v1,105,75.25,105,89,62,79,75,53,19
wwe_raw_dragon_lee,Dragon Lee,WWE,Raw,Raw,Mens,Mens,Yes,Active,Midcard,Face,HighFlyer,,,79,79,Sourced video-game overall used as anchor; component attributes derived for GM simulation,High,931000,52,25,80,76,78,83,74,83,81,74,83,82,73,79,79,77,79,78,70,24,70,71,82,16,75,71,78,76,82,71,77,https://www.thesmackdownhotel.com/roster/wwe/raw/,https://www.wwe.com/superstars,https://www.operationsports.com/wwe-2k26-ratings-list/,Roster source captured from current TSDH brand page; ratings anchored to WWE 2K26 when present.,initial_stats_recalibration_v1,106,75.2,106,76,61,78,74,54,12
wwe_raw_jd_mcdonagh,JD McDonagh,WWE,Raw,Raw,Mens,Mens,Yes,Active,Midcard,Heel,RingGeneral,,,79,79,Sourced video-game overall used as anchor; component attributes derived for GM simulation,High,931000,52,25,77,77,77,78,73,76,74,73,76,77,79,83,81,85,73,81,72,31,66,78,76,24,76,83,83,78,77,77,85,https://www.thesmackdownhotel.com/roster/wwe/raw/,https://www.wwe.com/superstars,https://www.operationsports.com/wwe-2k26-ratings-list/,Roster source captured from current TSDH brand page; ratings anchored to WWE 2K26 when present.,initial_stats_recalibration_v1,107,75.15,107,73,62,77,76,57,28
wwe_nxt_tony_d_angelo,Tony D'Angelo,WWE,NXT,NXT,Mens,Mens,Yes,Active,Midcard,Unknown,RingGeneral,,,79,79,Sourced video-game overall used as anchor; component attributes derived for GM simulation,High,931000,52,25,77,77,77,78,73,76,74,73,76,77,79,83,81,85,73,81,72,31,66,78,76,24,76,83,83,78,77,77,85,https://www.thesmackdownhotel.com/roster/wwe/nxt/,https://www.wwe.com/superstars,https://www.operationsports.com/wwe-2k26-ratings-list/,Roster source captured from current TSDH brand page; ratings anchored to WWE 2K26 when present.,initial_stats_recalibration_v1,108,75.15,108,88,62,76,76,57,28
wwe_raw_angelo_dawkins,Angelo Dawkins,WWE,Raw,Raw,Mens,Mens,Yes,Active,Midcard,Face,RingGeneral,,,78,78,Sourced video-game overall used as anchor; component attributes derived for GM simulation,High,927000,52,25,76,78,77,73,71,79,78,82,73,83,77,75,72,78,77,76,74,21,68,72,75,23,81,78,75,76,77,75,81,https://www.thesmackdownhotel.com/roster/wwe/raw/,https://www.wwe.com/superstars,https://www.operationsports.com/wwe-2k26-ratings-list/,Roster source captured from current TSDH brand page; ratings anchored to WWE 2K26 when present.,initial_stats_recalibration_v1,109,74.65,109,72,60,78,74,53,12
wwe_raw_je_von_evans,Je'Von Evans,WWE,Raw,Raw,Mens,Mens,Yes,Active,Midcard,Face,RingGeneral,,,78,78,Sourced video-game overall used as anchor; component attributes derived for GM simulation,High,927000,52,25,76,78,77,73,71,79,78,82,73,83,77,75,72,78,77,76,74,21,68,72,75,23,81,78,75,76,77,75,81,https://www.thesmackdownhotel.com/roster/wwe/raw/,https://www.wwe.com/superstars,https://www.operationsports.com/wwe-2k26-ratings-list/,Roster source captured from current TSDH brand page; ratings anchored to WWE 2K26 when present.,initial_stats_recalibration_v1,110,74.65,110,72,60,78,74,53,12
wwe_smackdown_blake_monroe,Blake Monroe,WWE,SmackDown,SmackDown,Womens,Womens,Yes,Active,Midcard,Unknown,RingGeneral,,,78,78,Sourced video-game overall used as anchor; component attributes derived for GM simulation,High,927000,52,25,79,75,77,83,77,73,78,83,76,80,78,84,88,82,76,82,74,26,65,77,78,16,79,79,85,79,80,76,73,https://www.thesmackdownhotel.com/roster/wwe/smackdown/,https://www.wwe.com/superstars,https://www.operationsports.com/wwe-2k26-ratings-list/,Roster source captured from current TSDH brand page; ratings anchored to WWE 2K26 when present.,initial_stats_recalibration_v1,111,74.55,111,74,63,77,77,59,23
wwe_smackdown_fallon_henley,Fallon Henley,WWE,SmackDown,SmackDown,Womens,Womens,Yes,Active,Midcard,Unknown,RingGeneral,The Fatal Influence,,78,78,Sourced video-game overall used as anchor; component attributes derived for GM simulation,High,927000,52,25,79,75,77,83,77,73,78,83,76,80,78,84,88,82,76,82,74,26,65,77,78,16,79,79,85,79,80,76,73,https://www.thesmackdownhotel.com/roster/wwe/smackdown/,https://www.wwe.com/superstars,https://www.operationsports.com/wwe-2k26-ratings-list/,Roster source captured from current TSDH brand page; ratings anchored to WWE 2K26 when present.,initial_stats_recalibration_v1,112,74.55,112,72,62,77,77,59,23
wwe_nxt_lola_vice,Lola Vice,WWE,NXT,NXT,Womens,Womens,Yes,Active,Midcard,Unknown,RingGeneral,,,78,78,Sourced video-game overall used as anchor; component attributes derived for GM simulation,High,927000,52,25,79,75,77,83,77,73,78,83,76,80,78,84,88,82,76,82,74,26,65,77,78,16,79,79,85,79,80,76,73,https://www.thesmackdownhotel.com/roster/wwe/nxt/,https://www.wwe.com/superstars,https://www.operationsports.com/wwe-2k26-ratings-list/,Roster source captured from current TSDH brand page; ratings anchored to WWE 2K26 when present.,initial_stats_recalibration_v1,113,74.55,113,94,62,77,76,59,23
wwe_raw_maxxine_dupri,Maxxine Dupri,WWE,Raw,Raw,Womens,Womens,Yes,Active,Midcard,Unknown,RingGeneral,Alpha Academy,,78,78,Sourced video-game overall used as anchor; component attributes derived for GM simulation,High,927000,52,25,79,75,77,83,77,73,78,83,76,80,78,84,88,82,76,82,74,26,65,77,78,16,79,79,85,79,80,76,73,https://www.thesmackdownhotel.com/roster/wwe/raw/,https://www.wwe.com/superstars,https://www.operationsports.com/wwe-2k26-ratings-list/,Roster source captured from current TSDH brand page; ratings anchored to WWE 2K26 when present.,initial_stats_recalibration_v1,114,74.55,114,74,62,77,76,59,23
wwe_nxt_hank_walker,Hank Walker,WWE,NXT,NXT,Mens,Mens,Yes,Active,Prospect,Unknown,RingGeneral,,,77,77,Sourced video-game overall used as anchor; component attributes derived for GM simulation,High,355000,52,25,80,77,78,81,79,75,73,74,81,77,77,76,76,72,80,75,69,30,64,80,75,26,80,76,74,77,79,71,80,https://www.thesmackdownhotel.com/roster/wwe/nxt/,https://www.wwe.com/superstars,https://www.operationsports.com/wwe-2k26-ratings-list/,Roster source captured from current TSDH brand page; ratings anchored to WWE 2K26 when present.,initial_stats_recalibration_v1,115,73.7,115,87,61,74,72,57,22
wwe_nxt_tank_ledger,Tank Ledger,WWE,NXT,NXT,Mens,Mens,Yes,Active,Prospect,Unknown,RingGeneral,,,77,77,Sourced video-game overall used as anchor; component attributes derived for GM simulation,High,355000,52,25,80,77,78,81,79,75,73,74,81,77,77,76,76,72,80,75,69,30,64,80,75,26,80,76,74,77,79,71,80,https://www.thesmackdownhotel.com/roster/wwe/nxt/,https://www.wwe.com/superstars,https://www.operationsports.com/wwe-2k26-ratings-list/,Roster source captured from current TSDH brand page; ratings anchored to WWE 2K26 when present.,initial_stats_recalibration_v1,116,73.7,116,86,61,74,72,57,22
wwe_raw_ivar,Ivar,WWE,Raw,Raw,Mens,Mens,Yes,Active,Enhancement,Tweener,RingGeneral,The War Raiders,,79,79,Sourced video-game overall used as anchor; component attributes derived for GM simulation,High,143000,52,25,76,79,77,76,72,73,77,74,79,75,75,80,84,76,74,79,69,30,66,78,76,12,82,83,80,76,83,69,76,https://www.thesmackdownhotel.com/roster/wwe/raw/,https://www.wwe.com/superstars,https://www.operationsports.com/wwe-2k26-ratings-list/,Roster source captured from current TSDH brand page; ratings anchored to WWE 2K26 when present.,initial_stats_recalibration_v1,117,73.2,117,67,60,72,72,58,27
wwe_nxt_jaida_parker,Jaida Parker,WWE,NXT,NXT,Womens,Womens,Yes,Active,Prospect,Unknown,RingGeneral,,,77,77,Sourced video-game overall used as anchor; component attributes derived for GM simulation,High,355000,52,25,80,75,77,75,76,77,73,73,77,83,76,75,74,77,80,76,71,18,65,77,71,22,75,86,75,77,76,70,78,https://www.thesmackdownhotel.com/roster/wwe/nxt/,https://www.wwe.com/superstars,https://www.operationsports.com/wwe-2k26-ratings-list/,Roster source captured from current TSDH brand page; ratings anchored to WWE 2K26 when present.,initial_stats_recalibration_v1,118,73.15,118,85,61,75,72,57,14
wwe_raw_sol_ruca,Sol Ruca,WWE,Raw,Raw,Womens,Womens,Yes,Active,Prospect,Unknown,RingGeneral,,,77,77,Sourced video-game overall used as anchor; component attributes derived for GM simulation,High,355000,52,25,80,75,77,75,76,77,73,73,77,83,76,75,74,77,80,76,71,18,65,77,71,22,75,86,75,77,76,70,78,https://www.thesmackdownhotel.com/roster/wwe/raw/,https://www.wwe.com/superstars,https://www.operationsports.com/wwe-2k26-ratings-list/,Roster source captured from current TSDH brand page; ratings anchored to WWE 2K26 when present.,initial_stats_recalibration_v1,119,73.15,119,71,61,75,71,57,14
wwe_raw_erik,Erik,WWE,Raw,Raw,Mens,Mens,Yes,Active,Enhancement,Tweener,RingGeneral,The War Raiders,,78,78,Sourced video-game overall used as anchor; component attributes derived for GM simulation,High,143000,52,25,78,77,77,77,76,79,83,72,79,84,72,75,80,74,78,77,77,19,73,67,82,16,79,78,77,75,77,66,81,https://www.thesmackdownhotel.com/roster/wwe/raw/,https://www.wwe.com/superstars,https://www.operationsports.com/wwe-2k26-ratings-list/,Roster source captured from current TSDH brand page; ratings anchored to WWE 2K26 when present.,initial_stats_recalibration_v1,120,72.5,120,68,55,72,65,51,11
wwe_nxt_noam_dar,Noam Dar,WWE,NXT,NXT,Mens,Mens,Yes,Active,Prospect,Unknown,RingGeneral,,,76,76,Sourced video-game overall used as anchor; component attributes derived for GM simulation,High,354000,52,25,78,74,76,77,81,80,72,81,80,74,72,74,70,77,81,74,73,23,64,66,79,12,74,83,73,75,73,66,71,https://www.thesmackdownhotel.com/roster/wwe/nxt/,https://www.wwe.com/superstars,https://www.operationsports.com/wwe-2k26-ratings-list/,Roster source captured from current TSDH brand page; ratings anchored to WWE 2K26 when present.,initial_stats_recalibration_v1,121,71.9,121,84,58,75,71,53,7
wwe_raw_ivy_nile,Ivy Nile,WWE,Raw,Raw,Womens,Womens,Yes,Active,Prospect,Unknown,RingGeneral,American Made,,76,76,Sourced video-game overall used as anchor; component attributes derived for GM simulation,High,354000,52,25,78,73,75,76,83,80,78,80,74,77,71,78,79,75,76,76,68,30,66,75,75,23,75,84,77,74,74,65,77,https://www.thesmackdownhotel.com/roster/wwe/raw/,https://www.wwe.com/superstars,https://www.operationsports.com/wwe-2k26-ratings-list/,Roster source captured from current TSDH brand page; ratings anchored to WWE 2K26 when present.,initial_stats_recalibration_v1,122,71.55,122,70,61,76,73,56,16
wwe_nxt_izzi_dame,Izzi Dame,WWE,NXT,NXT,Womens,Womens,Yes,Active,Prospect,Unknown,RingGeneral,,,76,76,Sourced video-game overall used as anchor; component attributes derived for GM simulation,High,354000,52,25,78,73,75,76,83,80,78,80,74,77,71,78,79,75,76,76,68,30,66,75,75,23,75,84,77,74,74,65,77,https://www.thesmackdownhotel.com/roster/wwe/nxt/,https://www.wwe.com/superstars,https://www.operationsports.com/wwe-2k26-ratings-list/,Roster source captured from current TSDH brand page; ratings anchored to WWE 2K26 when present.,initial_stats_recalibration_v1,123,71.55,123,84,61,76,73,56,16
aew_aew_hologram,Hologram,AEW,AEW,AEW,Mens,Mens,Yes,Injured,Prospect,Unknown,HighFlyer,the Conglomeration,,50,76,"Game-derived estimate from roster tier, title status, current availability, and known public role",Low,308000,52,35,78,76,77,74,81,80,81,77,71,81,72,79,82,76,81,78,70,34,65,73,82,23,69,74,79,77,68,62,78,https://www.fightful.com/wrestling/updated-all-elite-roster/,https://www.thesmackdownhotel.com/roster/aew/,https://www.thesmackdownhotel.com/aew-fight-forever/roster/,"AEW roster/availability from Fightful, cross-checkable with TSDH. AEW component stats are game-derived estimates because current public per-attribute ratings are not available.",initial_stats_recalibration_v1,124,71.4,124,67,61,76,73,57,35
aew_aew_luchasaurus,Luchasaurus,AEW,AEW,AEW,Mens,Mens,Yes,Injured,Prospect,Unknown,HighFlyer,Jurassic Express,,50,76,"Game-derived estimate from roster tier, title status, current availability, and known public role",Low,308000,52,35,78,76,77,74,81,80,81,77,71,81,72,79,82,76,81,78,70,34,65,73,82,23,69,74,79,77,68,62,78,https://www.fightful.com/wrestling/updated-all-elite-roster/,https://www.thesmackdownhotel.com/roster/aew/,https://www.thesmackdownhotel.com/aew-fight-forever/roster/,"AEW roster/availability from Fightful, cross-checkable with TSDH. AEW component stats are game-derived estimates because current public per-attribute ratings are not available.",initial_stats_recalibration_v1,125,71.4,125,66,61,76,73,57,34
wwe_raw_brutus_creed,Brutus Creed,WWE,Raw,Raw,Mens,Mens,Yes,Active,Enhancement,Heel,Powerhouse,American Made,,77,77,Sourced video-game overall used as anchor; component attributes derived for GM simulation,High,142000,52,25,77,74,75,72,83,73,75,73,77,76,75,74,78,73,74,76,74,19,70,70,74,28,75,81,75,74,80,69,76,https://www.thesmackdownhotel.com/roster/wwe/raw/,https://www.wwe.com/superstars,https://www.operationsports.com/wwe-2k26-ratings-list/,Roster source captured from current TSDH brand page; ratings anchored to WWE 2K26 when present.,initial_stats_recalibration_v1,126,71.25,126,66,60,68,58,51,11
wwe_smackdown_johnny_gargano,Johnny Gargano,WWE,SmackDown,SmackDown,Mens,Mens,Yes,Active,Enhancement,Heel,RingGeneral,,,76,76,Sourced video-game overall used as anchor; component attributes derived for GM simulation,High,141000,52,25,78,74,76,73,83,71,81,73,74,77,76,77,73,76,80,75,70,25,66,78,75,26,77,80,74,76,71,70,76,https://www.thesmackdownhotel.com/roster/wwe/smackdown/,https://www.wwe.com/superstars,https://www.operationsports.com/wwe-2k26-ratings-list/,Roster source captured from current TSDH brand page; ratings anchored to WWE 2K26 when present.,initial_stats_recalibration_v1,127,71.1,127,65,60,72,64,56,21
wwe_nxt_charlie_dempsey,Charlie Dempsey,WWE,NXT,NXT,Mens,Mens,Yes,Active,Prospect,Unknown,Technician,Birthright,,75,75,Sourced video-game overall used as anchor; component attributes derived for GM simulation,High,352000,52,25,78,72,75,74,73,69,78,72,77,70,73,75,73,74,78,74,71,27,63,70,78,20,73,69,73,74,73,67,70,https://www.thesmackdownhotel.com/roster/wwe/nxt/,https://www.wwe.com/superstars,https://www.operationsports.com/wwe-2k26-ratings-list/,Roster source captured from current TSDH brand page; ratings anchored to WWE 2K26 when present.,initial_stats_recalibration_v1,128,71,128,82,57,73,67,53,22
aew_aew_buddy_matthews,Buddy Matthews,AEW,AEW,AEW,Mens,Mens,Yes,Injured,Prospect,Unknown,RingGeneral,Hounds of Hell,,50,76,"Game-derived estimate from roster tier, title status, current availability, and known public role",Low,308000,52,35,78,74,76,77,81,80,72,81,80,74,72,74,70,77,81,74,71,31,61,66,79,22,70,83,73,75,69,62,71,https://www.fightful.com/wrestling/updated-all-elite-roster/,https://www.thesmackdownhotel.com/roster/aew/,https://www.thesmackdownhotel.com/aew-fight-forever/roster/,"AEW roster/availability from Fightful, cross-checkable with TSDH. AEW component stats are game-derived estimates because current public per-attribute ratings are not available.",initial_stats_recalibration_v1,129,70.9,129,62,58,75,71,51,33
aew_aew_dustin_rhodes,Dustin Rhodes,AEW,AEW,AEW,Mens,Mens,Yes,Injured,Prospect,Unknown,RingGeneral,,,50,76,"Game-derived estimate from roster tier, title status, current availability, and known public role",Low,308000,52,35,78,74,76,77,81,80,72,81,80,74,72,74,70,77,81,74,71,31,61,66,79,22,70,83,73,75,69,62,71,https://www.fightful.com/wrestling/updated-all-elite-roster/,https://www.thesmackdownhotel.com/roster/aew/,https://www.thesmackdownhotel.com/aew-fight-forever/roster/,"AEW roster/availability from Fightful, cross-checkable with TSDH. AEW component stats are game-derived estimates because current public per-attribute ratings are not available.",initial_stats_recalibration_v1,130,70.9,130,60,58,75,71,50,32
aew_aew_jake_doyle,Jake Doyle,AEW,AEW,AEW,Mens,Mens,Yes,Injured,Prospect,Unknown,RingGeneral,The Don Callis Family,,50,76,"Game-derived estimate from roster tier, title status, current availability, and known public role",Low,308000,52,35,78,74,76,77,81,80,72,81,80,74,72,74,70,77,81,74,71,31,61,66,79,22,70,83,73,75,69,62,71,https://www.fightful.com/wrestling/updated-all-elite-roster/,https://www.thesmackdownhotel.com/roster/aew/,https://www.thesmackdownhotel.com/aew-fight-forever/roster/,"AEW roster/availability from Fightful, cross-checkable with TSDH. AEW component stats are game-derived estimates because current public per-attribute ratings are not available.",initial_stats_recalibration_v1,131,70.9,131,59,58,74,71,50,31
aew_aew_josh_alexander,Josh Alexander,AEW,AEW,AEW,Mens,Mens,Yes,Injured,Prospect,Unknown,RingGeneral,The Don Callis Family,,50,76,"Game-derived estimate from roster tier, title status, current availability, and known public role",Low,308000,52,35,78,74,76,77,81,80,72,81,80,74,72,74,70,77,81,74,71,31,61,66,79,22,70,83,73,75,69,62,71,https://www.fightful.com/wrestling/updated-all-elite-roster/,https://www.thesmackdownhotel.com/roster/aew/,https://www.thesmackdownhotel.com/aew-fight-forever/roster/,"AEW roster/availability from Fightful, cross-checkable with TSDH. AEW component stats are game-derived estimates because current public per-attribute ratings are not available.",initial_stats_recalibration_v1,132,70.9,132,65,58,76,71,50,30
aew_aew_kota_ibushi,Kota Ibushi,AEW,AEW,AEW,Mens,Mens,Yes,Injured,Prospect,Unknown,RingGeneral,,,50,76,"Game-derived estimate from roster tier, title status, current availability, and known public role",Low,308000,52,35,78,74,76,77,81,80,72,81,80,74,72,74,70,77,81,74,71,31,61,66,79,22,70,83,73,75,69,62,71,https://www.fightful.com/wrestling/updated-all-elite-roster/,https://www.thesmackdownhotel.com/roster/aew/,https://www.thesmackdownhotel.com/aew-fight-forever/roster/,"AEW roster/availability from Fightful, cross-checkable with TSDH. AEW component stats are game-derived estimates because current public per-attribute ratings are not available.",initial_stats_recalibration_v1,133,70.9,133,64,58,76,71,50,30
wwe_nxt_myles_borne,Myles Borne,WWE,NXT,NXT,Mens,Mens,Yes,Active,Prospect,Unknown,RingGeneral,,,75,75,Sourced video-game overall used as anchor; component attributes derived for GM simulation,High,352000,52,25,76,72,74,77,77,78,77,70,74,76,75,78,74,81,77,76,74,19,69,72,80,18,74,75,77,76,70,69,79,https://www.thesmackdownhotel.com/roster/wwe/nxt/,https://www.wwe.com/superstars,https://www.operationsports.com/wwe-2k26-ratings-list/,Roster source captured from current TSDH brand page; ratings anchored to WWE 2K26 when present.,initial_stats_recalibration_v1,134,70.7,134,83,58,74,74,56,15
wwe_smackdown_nathan_frazer,Nathan Frazer,WWE,SmackDown,SmackDown,Mens,Mens,Yes,Active,Enhancement,Face,HighFlyer,Fraxiom,,76,76,Sourced video-game overall used as anchor; component attributes derived for GM simulation,High,141000,52,25,76,74,75,76,80,73,78,81,76,72,74,77,75,81,73,77,74,21,64,72,73,18,73,81,78,75,76,68,79,https://www.thesmackdownhotel.com/roster/wwe/smackdown/,https://www.wwe.com/superstars,https://www.operationsports.com/wwe-2k26-ratings-list/,Roster source captured from current TSDH brand page; ratings anchored to WWE 2K26 when present.,initial_stats_recalibration_v1,135,70.6,135,63,60,72,64,52,17
wwe_smackdown_axiom,Axiom,WWE,SmackDown,SmackDown,Mens,Mens,Yes,Active,Enhancement,Face,HighFlyer,Fraxiom,,75,75,Sourced video-game overall used as anchor; component attributes derived for GM simulation,High,141000,52,25,78,75,76,80,75,69,79,73,76,78,69,74,73,77,78,75,69,21,71,73,72,23,77,79,75,74,72,63,71,https://www.thesmackdownhotel.com/roster/wwe/smackdown/,https://www.wwe.com/superstars,https://www.operationsports.com/wwe-2k26-ratings-list/,Roster source captured from current TSDH brand page; ratings anchored to WWE 2K26 when present.,initial_stats_recalibration_v1,136,70.5,136,64,58,71,61,52,7
wwe_nxt_channing_stacks_lorenzo,"Channing ""Stacks"" Lorenzo",WWE,NXT,NXT,Mens,Mens,Yes,Active,Prospect,Unknown,RingGeneral,Birthright,,74,74,Sourced video-game overall used as anchor; component attributes derived for GM simulation,High,351000,52,25,74,73,73,78,80,71,72,72,75,69,72,77,81,77,72,77,67,31,62,75,76,17,71,75,79,74,75,66,76,https://www.thesmackdownhotel.com/roster/wwe/nxt/,https://www.wwe.com/superstars,https://www.operationsports.com/wwe-2k26-ratings-list/,Roster source captured from current TSDH brand page; ratings anchored to WWE 2K26 when present.,initial_stats_recalibration_v1,137,69.9,137,82,59,72,72,54,25
wwe_nxt_josh_briggs,Josh Briggs,WWE,NXT,NXT,Mens,Mens,Yes,Active,Prospect,Unknown,RingGeneral,,,74,74,Sourced video-game overall used as anchor; component attributes derived for GM simulation,High,351000,52,25,74,73,73,78,80,71,72,72,75,69,72,77,81,77,72,77,67,31,62,75,76,17,71,75,79,74,75,66,76,https://www.thesmackdownhotel.com/roster/wwe/nxt/,https://www.wwe.com/superstars,https://www.operationsports.com/wwe-2k26-ratings-list/,Roster source captured from current TSDH brand page; ratings anchored to WWE 2K26 when present.,initial_stats_recalibration_v1,138,69.9,138,83,58,72,72,54,25
wwe_nxt_nikkita_lyons,Nikkita Lyons,WWE,NXT,NXT,Womens,Womens,Yes,Active,Prospect,Unknown,RingGeneral,,,73,73,Sourced video-game overall used as anchor; component attributes derived for GM simulation,High,349000,52,25,76,72,74,79,78,75,76,76,76,70,73,77,74,75,73,74,65,21,73,69,69,16,73,70,74,73,70,67,79,https://www.thesmackdownhotel.com/roster/wwe/nxt/,https://www.wwe.com/superstars,https://www.operationsports.com/wwe-2k26-ratings-list/,Roster source captured from current TSDH brand page; ratings anchored to WWE 2K26 when present.,initial_stats_recalibration_v1,139,69.7,139,83,57,73,71,53,11
wwe_smackdown_kit_wilson,Kit Wilson,WWE,SmackDown,SmackDown,Mens,Mens,Yes,Active,Midcard,Heel,RingGeneral,Pretty Deadly,,50,72,"Game-derived estimate from roster tier, title status, current availability, and known public role",Medium,904000,52,25,74,70,72,78,68,66,73,71,72,70,72,72,75,72,74,73,67,19,74,77,74,16,72,70,73,73,74,70,73,https://www.thesmackdownhotel.com/roster/wwe/smackdown/,https://www.wwe.com/superstars,https://www.operationsports.com/wwe-2k26-ratings-list/,Roster source captured from current TSDH brand page; ratings anchored to WWE 2K26 when present.,initial_stats_recalibration_v1,140,69.3,140,70,59,73,73,61,7
wwe_smackdown_royce_keys,Royce Keys,WWE,SmackDown,SmackDown,Mens,Mens,Yes,Active,Midcard,Face,RingGeneral,,,50,72,"Game-derived estimate from roster tier, title status, current availability, and known public role",Medium,904000,52,25,74,70,72,78,68,66,73,71,72,70,72,72,75,72,74,73,67,19,74,77,74,16,72,70,73,73,74,70,73,https://www.thesmackdownhotel.com/roster/wwe/smackdown/,https://www.wwe.com/superstars,https://www.operationsports.com/wwe-2k26-ratings-list/,Roster source captured from current TSDH brand page; ratings anchored to WWE 2K26 when present.,initial_stats_recalibration_v1,141,69.3,141,69,59,73,73,61,7
wwe_raw_rusev,Rusev,WWE,Raw,Raw,Mens,Mens,Yes,Active,Midcard,Heel,RingGeneral,,,50,72,"Game-derived estimate from roster tier, title status, current availability, and known public role",Medium,904000,52,25,74,70,72,78,68,66,73,71,72,70,72,72,75,72,74,73,67,19,74,77,74,16,72,70,73,73,74,70,73,https://www.thesmackdownhotel.com/roster/wwe/raw/,https://www.wwe.com/superstars,https://www.operationsports.com/wwe-2k26-ratings-list/,Roster source captured from current TSDH brand page; ratings anchored to WWE 2K26 when present.,initial_stats_recalibration_v1,142,69.3,142,69,59,73,73,61,7
wwe_smackdown_tama_tonga,Tama Tonga,WWE,SmackDown,SmackDown,Mens,Mens,Yes,Active,Midcard,Heel,RingGeneral,MFT,,50,72,"Game-derived estimate from roster tier, title status, current availability, and known public role",Medium,904000,52,25,74,70,72,78,68,66,73,71,72,70,72,72,75,72,74,73,67,19,74,77,74,16,72,70,73,73,74,70,73,https://www.thesmackdownhotel.com/roster/wwe/smackdown/,https://www.wwe.com/superstars,https://www.operationsports.com/wwe-2k26-ratings-list/,Roster source captured from current TSDH brand page; ratings anchored to WWE 2K26 when present.,initial_stats_recalibration_v1,143,69.3,143,68,59,73,73,60,6
wwe_raw_otis,Otis,WWE,Raw,Raw,Mens,Mens,Yes,Active,Enhancement,Face,RingGeneral,Alpha Academy,,75,75,Sourced video-game overall used as anchor; component attributes derived for GM simulation,High,141000,52,25,72,74,73,75,74,71,75,76,72,73,70,75,78,74,69,75,72,21,73,78,80,19,74,81,76,71,79,64,80,https://www.thesmackdownhotel.com/roster/wwe/raw/,https://www.wwe.com/superstars,https://www.operationsports.com/wwe-2k26-ratings-list/,Roster source captured from current TSDH brand page; ratings anchored to WWE 2K26 when present.,initial_stats_recalibration_v1,144,69.15,144,65,57,71,59,58,14
wwe_nxt_bronco_nima,Bronco Nima,WWE,NXT,NXT,Mens,Mens,Yes,Active,Prospect,Unknown,Powerhouse,,,50,72,"Game-derived estimate from roster tier, title status, current availability, and known public role",Medium,348000,52,25,75,72,73,71,76,70,67,65,69,77,70,75,75,76,71,74,69,25,65,73,74,15,71,78,75,72,75,64,82,https://www.thesmackdownhotel.com/roster/wwe/nxt/,https://www.wwe.com/superstars,https://www.operationsports.com/wwe-2k26-ratings-list/,Roster source captured from current TSDH brand page; ratings anchored to WWE 2K26 when present.,initial_stats_recalibration_v1,145,68.85,145,82,57,62,70,56,22
wwe_nxt_kali_armstrong,Kali Armstrong,WWE,NXT,NXT,Womens,Womens,Yes,Active,Prospect,Unknown,Technician,,,50,72,"Game-derived estimate from roster tier, title status, current availability, and known public role",Medium,348000,52,25,75,71,73,71,80,76,73,71,71,75,69,74,78,76,73,75,69,17,72,70,68,20,75,65,77,73,69,63,78,https://www.thesmackdownhotel.com/roster/wwe/nxt/,https://www.wwe.com/superstars,https://www.operationsports.com/wwe-2k26-ratings-list/,Roster source captured from current TSDH brand page; ratings anchored to WWE 2K26 when present.,initial_stats_recalibration_v1,146,68.6,146,81,57,73,70,52,19
wwe_nxt_adriana_rizzo,Adriana Rizzo,WWE,NXT,NXT,Womens,Womens,Yes,Active,Prospect,Unknown,RingGeneral,,,50,72,"Game-derived estimate from roster tier, title status, current availability, and known public role",Medium,348000,52,25,73,70,71,70,78,71,69,69,73,71,70,68,71,68,74,70,64,20,72,63,77,27,73,80,69,71,67,64,71,https://www.thesmackdownhotel.com/roster/wwe/nxt/,https://www.wwe.com/superstars,https://www.operationsports.com/wwe-2k26-ratings-list/,Roster source captured from current TSDH brand page; ratings anchored to WWE 2K26 when present.,initial_stats_recalibration_v1,147,67.95,147,78,57,71,61,50,17
wwe_nxt_arianna_grace,Arianna Grace,WWE,NXT,NXT,Womens,Womens,Yes,Active,Prospect,Unknown,RingGeneral,Birthright,,50,72,"Game-derived estimate from roster tier, title status, current availability, and known public role",Medium,348000,52,25,73,70,71,70,78,71,69,69,73,71,70,68,71,68,74,70,64,20,72,63,77,27,73,80,69,71,67,64,71,https://www.thesmackdownhotel.com/roster/wwe/nxt/,https://www.wwe.com/superstars,https://www.operationsports.com/wwe-2k26-ratings-list/,Roster source captured from current TSDH brand page; ratings anchored to WWE 2K26 when present.,initial_stats_recalibration_v1,148,67.95,148,78,57,70,61,50,17
wwe_nxt_karmen_petrovic,Karmen Petrovic,WWE,NXT,NXT,Womens,Womens,Yes,Active,Prospect,Unknown,RingGeneral,,,50,72,"Game-derived estimate from roster tier, title status, current availability, and known public role",Medium,348000,52,25,73,70,71,70,78,71,69,69,73,71,70,68,71,68,74,70,64,20,72,63,77,27,73,80,69,71,67,64,71,https://www.thesmackdownhotel.com/roster/wwe/nxt/,https://www.wwe.com/superstars,https://www.operationsports.com/wwe-2k26-ratings-list/,Roster source captured from current TSDH brand page; ratings anchored to WWE 2K26 when present.,initial_stats_recalibration_v1,149,67.95,149,78,56,70,61,50,17
wwe_nxt_kendal_grey,Kendal Grey,WWE,NXT,NXT,Womens,Womens,Yes,Active,Prospect,Unknown,RingGeneral,,,50,72,"Game-derived estimate from roster tier, title status, current availability, and known public role",Medium,348000,52,25,73,70,71,70,78,71,69,69,73,71,70,68,71,68,74,70,64,20,72,63,77,27,73,80,69,71,67,64,71,https://www.thesmackdownhotel.com/roster/wwe/nxt/,https://www.wwe.com/superstars,https://www.operationsports.com/wwe-2k26-ratings-list/,Roster source captured from current TSDH brand page; ratings anchored to WWE 2K26 when present.,initial_stats_recalibration_v1,150,67.95,150,77,56,70,60,50,17
wwe_smackdown_kiana_james,Kiana James,WWE,SmackDown,SmackDown,Womens,Womens,Yes,Active,Prospect,Unknown,RingGeneral,Giulia & Kiana James,,50,72,"Game-derived estimate from roster tier, title status, current availability, and known public role",Medium,348000,52,25,73,70,71,70,78,71,69,69,73,71,70,68,71,68,74,70,64,20,72,63,77,27,73,80,69,71,67,64,71,https://www.thesmackdownhotel.com/roster/wwe/smackdown/,https://www.wwe.com/superstars,https://www.operationsports.com/wwe-2k26-ratings-list/,Roster source captured from current TSDH brand page; ratings anchored to WWE 2K26 when present.,initial_stats_recalibration_v1,151,67.95,151,62,56,70,60,49,17
wwe_smackdown_lainey_reid,Lainey Reid,WWE,SmackDown,SmackDown,Womens,Womens,Yes,Active,Prospect,Unknown,RingGeneral,The Fatal Influence,,50,72,"Game-derived estimate from roster tier, title status, current availability, and known public role",Medium,348000,52,25,73,70,71,70,78,71,69,69,73,71,70,68,71,68,74,70,64,20,72,63,77,27,73,80,69,71,67,64,71,https://www.thesmackdownhotel.com/roster/wwe/smackdown/,https://www.wwe.com/superstars,https://www.operationsports.com/wwe-2k26-ratings-list/,Roster source captured from current TSDH brand page; ratings anchored to WWE 2K26 when present.,initial_stats_recalibration_v1,152,67.95,152,61,56,69,60,49,16
wwe_nxt_lizzy_rain,Lizzy Rain,WWE,NXT,NXT,Womens,Womens,Yes,Active,Prospect,Unknown,RingGeneral,,,50,72,"Game-derived estimate from roster tier, title status, current availability, and known public role",Medium,348000,52,25,73,70,71,70,78,71,69,69,73,71,70,68,71,68,74,70,64,20,72,63,77,27,73,80,69,71,67,64,71,https://www.thesmackdownhotel.com/roster/wwe/nxt/,https://www.wwe.com/superstars,https://www.operationsports.com/wwe-2k26-ratings-list/,Roster source captured from current TSDH brand page; ratings anchored to WWE 2K26 when present.,initial_stats_recalibration_v1,153,67.95,153,77,56,69,63,49,18
wwe_nxt_myka_lockwood,Myka Lockwood,WWE,NXT,NXT,Womens,Womens,Yes,Active,Prospect,Unknown,RingGeneral,,,50,72,"Game-derived estimate from roster tier, title status, current availability, and known public role",Medium,348000,52,25,73,70,71,70,78,71,69,69,73,71,70,68,71,68,74,70,64,20,72,63,77,27,73,80,69,71,67,64,71,https://www.thesmackdownhotel.com/roster/wwe/nxt/,https://www.wwe.com/superstars,https://www.operationsports.com/wwe-2k26-ratings-list/,Roster source captured from current TSDH brand page; ratings anchored to WWE 2K26 when present.,initial_stats_recalibration_v1,154,67.95,154,77,56,69,63,49,18
wwe_smackdown_piper_niven,Piper Niven,WWE,SmackDown,SmackDown,Womens,Womens,Yes,Active,Prospect,Unknown,RingGeneral,The Green Regime,,50,72,"Game-derived estimate from roster tier, title status, current availability, and known public role",Medium,348000,52,25,73,70,71,70,78,71,69,69,73,71,70,68,71,68,74,70,64,20,72,63,77,27,73,80,69,71,67,64,71,https://www.thesmackdownhotel.com/roster/wwe/smackdown/,https://www.wwe.com/superstars,https://www.operationsports.com/wwe-2k26-ratings-list/,Roster source captured from current TSDH brand page; ratings anchored to WWE 2K26 when present.,initial_stats_recalibration_v1,155,67.95,155,60,56,68,59,49,16
wwe_nxt_skylar_raye,Skylar Raye,WWE,NXT,NXT,Womens,Womens,Yes,Active,Prospect,Unknown,RingGeneral,,,50,72,"Game-derived estimate from roster tier, title status, current availability, and known public role",Medium,348000,52,25,73,70,71,70,78,71,69,69,73,71,70,68,71,68,74,70,64,20,72,63,77,27,73,80,69,71,67,64,71,https://www.thesmackdownhotel.com/roster/wwe/nxt/,https://www.wwe.com/superstars,https://www.operationsports.com/wwe-2k26-ratings-list/,Roster source captured from current TSDH brand page; ratings anchored to WWE 2K26 when present.,initial_stats_recalibration_v1,156,67.95,156,81,56,68,63,49,18
wwe_nxt_tatum_paxley,Tatum Paxley,WWE,NXT,NXT,Womens,Womens,Yes,Active,Prospect,Unknown,RingGeneral,,,50,72,"Game-derived estimate from roster tier, title status, current availability, and known public role",Medium,348000,52,25,73,70,71,70,78,71,69,69,73,71,70,68,71,68,74,70,64,20,72,63,77,27,73,80,69,71,67,64,71,https://www.thesmackdownhotel.com/roster/wwe/nxt/,https://www.wwe.com/superstars,https://www.operationsports.com/wwe-2k26-ratings-list/,Roster source captured from current TSDH brand page; ratings anchored to WWE 2K26 when present.,initial_stats_recalibration_v1,157,67.95,157,81,56,68,63,49,18
wwe_nxt_thea_hail,Thea Hail,WWE,NXT,NXT,Womens,Womens,Yes,Active,Prospect,Unknown,RingGeneral,,,50,72,"Game-derived estimate from roster tier, title status, current availability, and known public role",Medium,348000,52,25,73,70,71,70,78,71,69,69,73,71,70,68,71,68,74,70,64,20,72,63,77,27,73,80,69,71,67,64,71,https://www.thesmackdownhotel.com/roster/wwe/nxt/,https://www.wwe.com/superstars,https://www.operationsports.com/wwe-2k26-ratings-list/,Roster source captured from current TSDH brand page; ratings anchored to WWE 2K26 when present.,initial_stats_recalibration_v1,158,67.95,158,80,55,71,62,49,18
wwe_nxt_wendy_choo,Wendy Choo,WWE,NXT,NXT,Womens,Womens,Yes,Active,Prospect,Unknown,RingGeneral,,,50,72,"Game-derived estimate from roster tier, title status, current availability, and known public role",Medium,348000,52,25,73,70,71,70,78,71,69,69,73,71,70,68,71,68,74,70,64,20,72,63,77,27,73,80,69,71,67,64,71,https://www.thesmackdownhotel.com/roster/wwe/nxt/,https://www.wwe.com/superstars,https://www.operationsports.com/wwe-2k26-ratings-list/,Roster source captured from current TSDH brand page; ratings anchored to WWE 2K26 when present.,initial_stats_recalibration_v1,159,67.95,159,80,55,71,62,49,18
wwe_nxt_wren_sinclair,Wren Sinclair,WWE,NXT,NXT,Womens,Womens,Yes,Active,Prospect,Unknown,RingGeneral,,,50,72,"Game-derived estimate from roster tier, title status, current availability, and known public role",Medium,348000,52,25,73,70,71,70,78,71,69,69,73,71,70,68,71,68,74,70,64,20,72,63,77,27,73,80,69,71,67,64,71,https://www.thesmackdownhotel.com/roster/wwe/nxt/,https://www.wwe.com/superstars,https://www.operationsports.com/wwe-2k26-ratings-list/,Roster source captured from current TSDH brand page; ratings anchored to WWE 2K26 when present.,initial_stats_recalibration_v1,160,67.95,160,79,55,71,62,49,17
wwe_nxt_zaria,Zaria,WWE,NXT,NXT,Womens,Womens,Yes,Active,Prospect,Unknown,RingGeneral,,,50,72,"Game-derived estimate from roster tier, title status, current availability, and known public role",Medium,348000,52,25,73,70,71,70,78,71,69,69,73,71,70,68,71,68,74,70,64,20,72,63,77,27,73,80,69,71,67,64,71,https://www.thesmackdownhotel.com/roster/wwe/nxt/,https://www.wwe.com/superstars,https://www.operationsports.com/wwe-2k26-ratings-list/,Roster source captured from current TSDH brand page; ratings anchored to WWE 2K26 when present.,initial_stats_recalibration_v1,161,67.95,161,79,55,71,62,48,17
wwe_raw_cruz_del_toro,Cruz Del Toro,WWE,Raw,Raw,Mens,Mens,Yes,Active,Enhancement,Face,RingGeneral,,,73,73,Sourced video-game overall used as anchor; component attributes derived for GM simulation,High,140000,52,25,72,72,72,71,66,74,78,76,75,73,68,76,79,75,72,75,63,28,67,72,76,25,69,73,77,72,78,62,73,https://www.thesmackdownhotel.com/roster/wwe/raw/,https://www.wwe.com/superstars,https://www.operationsports.com/wwe-2k26-ratings-list/,Roster source captured from current TSDH brand page; ratings anchored to WWE 2K26 when present.,initial_stats_recalibration_v1,162,67.65,162,55,49,72,64,56,24
wwe_smackdown_talla_tonga,Talla Tonga,WWE,SmackDown,SmackDown,Mens,Mens,Yes,Active,Midcard,Heel,Powerhouse,MFT,,50,72,"Game-derived estimate from roster tier, title status, current availability, and known public role",Medium,904000,52,25,69,68,68,72,75,73,71,71,70,78,66,75,75,77,70,74,66,27,61,65,68,17,75,71,76,70,70,64,81,https://www.thesmackdownhotel.com/roster/wwe/smackdown/,https://www.wwe.com/superstars,https://www.operationsports.com/wwe-2k26-ratings-list/,Roster source captured from current TSDH brand page; ratings anchored to WWE 2K26 when present.,initial_stats_recalibration_v1,163,67.45,163,66,57,72,72,48,21
wwe_smackdown_angel,Angel,WWE,SmackDown,SmackDown,Mens,Mens,Yes,Active,Enhancement,Heel,RingGeneral,Los Garza,,72,72,Sourced video-game overall used as anchor; component attributes derived for GM simulation,High,139000,52,25,73,72,72,73,71,67,67,65,75,76,67,73,71,72,70,71,68,20,73,68,68,21,72,81,71,69,68,61,77,https://www.thesmackdownhotel.com/roster/wwe/smackdown/,https://www.wwe.com/superstars,https://www.operationsports.com/wwe-2k26-ratings-list/,Roster source captured from current TSDH brand page; ratings anchored to WWE 2K26 when present.,initial_stats_recalibration_v1,164,67.3,164,59,49,61,57,48,16
wwe_smackdown_berto,Berto,WWE,SmackDown,SmackDown,Mens,Mens,Yes,Active,Enhancement,Heel,RingGeneral,Los Garza,,72,72,Sourced video-game overall used as anchor; component attributes derived for GM simulation,High,139000,52,25,73,72,72,73,71,67,67,65,75,76,67,73,71,72,70,71,68,20,73,68,68,21,72,81,71,69,68,61,77,https://www.thesmackdownhotel.com/roster/wwe/smackdown/,https://www.wwe.com/superstars,https://www.operationsports.com/wwe-2k26-ratings-list/,Roster source captured from current TSDH brand page; ratings anchored to WWE 2K26 when present.,initial_stats_recalibration_v1,165,67.3,165,57,48,61,56,48,16
wwe_raw_bravo_americano,Bravo Americano,WWE,Raw,Raw,Mens,Mens,Yes,Active,Enhancement,Tweener,RingGeneral,,,50,72,"Game-derived estimate from roster tier, title status, current availability, and known public role",Medium,139000,52,25,73,72,72,73,71,67,67,65,75,76,67,73,71,72,70,71,68,20,73,68,68,21,72,81,71,69,68,61,77,https://www.thesmackdownhotel.com/roster/wwe/raw/,https://www.wwe.com/superstars,https://www.operationsports.com/wwe-2k26-ratings-list/,Roster source captured from current TSDH brand page; ratings anchored to WWE 2K26 when present.,initial_stats_recalibration_v1,166,67.3,166,64,46,60,56,48,15
wwe_raw_grayson_waller,Grayson Waller,WWE,Raw,Raw,Mens,Mens,Yes,Active,Enhancement,Heel,RingGeneral,,,50,72,"Game-derived estimate from roster tier, title status, current availability, and known public role",Medium,139000,52,25,73,72,72,73,71,67,67,65,75,76,67,73,71,72,70,71,68,20,73,68,68,21,72,81,71,69,68,61,77,https://www.thesmackdownhotel.com/roster/wwe/raw/,https://www.wwe.com/superstars,https://www.operationsports.com/wwe-2k26-ratings-list/,Roster source captured from current TSDH brand page; ratings anchored to WWE 2K26 when present.,initial_stats_recalibration_v1,167,67.3,167,62,46,60,55,48,15
wwe_raw_joaquin_wilde,Joaquin Wilde,WWE,Raw,Raw,Mens,Mens,Yes,Active,Enhancement,Face,RingGeneral,,,72,72,Sourced video-game overall used as anchor; component attributes derived for GM simulation,High,139000,52,25,73,72,72,73,71,67,67,65,75,76,67,73,71,72,70,71,68,20,73,68,68,21,72,81,71,69,68,61,77,https://www.thesmackdownhotel.com/roster/wwe/raw/,https://www.wwe.com/superstars,https://www.operationsports.com/wwe-2k26-ratings-list/,Roster source captured from current TSDH brand page; ratings anchored to WWE 2K26 when present.,initial_stats_recalibration_v1,168,67.3,168,60,46,59,55,48,15
wwe_smackdown_matt_cardona,Matt Cardona,WWE,SmackDown,SmackDown,Mens,Mens,Yes,Active,Enhancement,Face,RingGeneral,,,50,72,"Game-derived estimate from roster tier, title status, current availability, and known public role",Medium,139000,52,25,73,72,72,73,71,67,67,65,75,76,67,73,71,72,70,71,68,20,73,68,68,21,72,81,71,69,68,61,77,https://www.thesmackdownhotel.com/roster/wwe/smackdown/,https://www.wwe.com/superstars,https://www.operationsports.com/wwe-2k26-ratings-list/,Roster source captured from current TSDH brand page; ratings anchored to WWE 2K26 when present.,initial_stats_recalibration_v1,169,67.3,169,55,48,58,57,48,16
wwe_raw_rayo_americano,Rayo Americano,WWE,Raw,Raw,Mens,Mens,Yes,Active,Enhancement,Tweener,RingGeneral,,,50,72,"Game-derived estimate from roster tier, title status, current availability, and known public role",Medium,139000,52,25,73,72,72,73,71,67,67,65,75,76,67,73,71,72,70,71,68,20,73,68,68,21,72,81,71,69,68,61,77,https://www.thesmackdownhotel.com/roster/wwe/raw/,https://www.wwe.com/superstars,https://www.operationsports.com/wwe-2k26-ratings-list/,Roster source captured from current TSDH brand page; ratings anchored to WWE 2K26 when present.,initial_stats_recalibration_v1,170,67.3,170,59,48,58,54,48,15
wwe_nxt_brad_baylor,Brad Baylor,WWE,NXT,NXT,Mens,Mens,Yes,Active,Prospect,Unknown,RingGeneral,,,50,72,"Game-derived estimate from roster tier, title status, current availability, and known public role",Medium,348000,52,25,71,68,69,73,75,70,67,74,73,67,69,73,70,77,69,73,68,18,66,65,69,12,72,77,73,70,67,63,76,https://www.thesmackdownhotel.com/roster/wwe/nxt/,https://www.wwe.com/superstars,https://www.operationsports.com/wwe-2k26-ratings-list/,Roster source captured from current TSDH brand page; ratings anchored to WWE 2K26 when present.,initial_stats_recalibration_v1,171,67,171,65,54,66,67,52,6
wwe_nxt_cutler_james,Cutler James,WWE,NXT,NXT,Mens,Mens,Yes,Active,Prospect,Unknown,RingGeneral,,,50,72,"Game-derived estimate from roster tier, title status, current availability, and known public role",Medium,348000,52,25,71,68,69,73,75,70,67,74,73,67,69,73,70,77,69,73,68,18,66,65,69,12,72,77,73,70,67,63,76,https://www.thesmackdownhotel.com/roster/wwe/nxt/,https://www.wwe.com/superstars,https://www.operationsports.com/wwe-2k26-ratings-list/,Roster source captured from current TSDH brand page; ratings anchored to WWE 2K26 when present.,initial_stats_recalibration_v1,172,67,172,64,54,66,67,52,6
wwe_nxt_dion_lennox,Dion Lennox,WWE,NXT,NXT,Mens,Mens,Yes,Active,Prospect,Unknown,RingGeneral,,,50,72,"Game-derived estimate from roster tier, title status, current availability, and known public role",Medium,348000,52,25,71,68,69,73,75,70,67,74,73,67,69,73,70,77,69,73,68,18,66,65,69,12,72,77,73,70,67,63,76,https://www.thesmackdownhotel.com/roster/wwe/nxt/,https://www.wwe.com/superstars,https://www.operationsports.com/wwe-2k26-ratings-list/,Roster source captured from current TSDH brand page; ratings anchored to WWE 2K26 when present.,initial_stats_recalibration_v1,173,67,173,62,54,65,66,52,6
wwe_nxt_ek_prosper,EK Prosper,WWE,NXT,NXT,Mens,Mens,Yes,Active,Prospect,Unknown,RingGeneral,,,50,72,"Game-derived estimate from roster tier, title status, current availability, and known public role",Medium,348000,52,25,71,68,69,73,75,70,67,74,73,67,69,73,70,77,69,73,68,18,66,65,69,12,72,77,73,70,67,63,76,https://www.thesmackdownhotel.com/roster/wwe/nxt/,https://www.wwe.com/superstars,https://www.operationsports.com/wwe-2k26-ratings-list/,Roster source captured from current TSDH brand page; ratings anchored to WWE 2K26 when present.,initial_stats_recalibration_v1,174,67,174,60,54,65,66,52,6
wwe_nxt_elio_lefleur,Elio LeFleur,WWE,NXT,NXT,Mens,Mens,Yes,Active,Prospect,Unknown,RingGeneral,,,50,72,"Game-derived estimate from roster tier, title status, current availability, and known public role",Medium,348000,52,25,71,68,69,73,75,70,67,74,73,67,69,73,70,77,69,73,68,18,66,65,69,12,72,77,73,70,67,63,76,https://www.thesmackdownhotel.com/roster/wwe/nxt/,https://www.wwe.com/superstars,https://www.operationsports.com/wwe-2k26-ratings-list/,Roster source captured from current TSDH brand page; ratings anchored to WWE 2K26 when present.,initial_stats_recalibration_v1,175,67,175,59,53,65,66,52,6
wwe_nxt_jackson_drake,Jackson Drake,WWE,NXT,NXT,Mens,Mens,Yes,Active,Prospect,Unknown,RingGeneral,,,50,72,"Game-derived estimate from roster tier, title status, current availability, and known public role",Medium,348000,52,25,71,68,69,73,75,70,67,74,73,67,69,73,70,77,69,73,68,18,66,65,69,12,72,77,73,70,67,63,76,https://www.thesmackdownhotel.com/roster/wwe/nxt/,https://www.wwe.com/superstars,https://www.operationsports.com/wwe-2k26-ratings-list/,Roster source captured from current TSDH brand page; ratings anchored to WWE 2K26 when present.,initial_stats_recalibration_v1,176,67,176,75,53,64,66,52,6
wwe_nxt_jasper_troy,Jasper Troy,WWE,NXT,NXT,Mens,Mens,Yes,Active,Prospect,Unknown,RingGeneral,,,50,72,"Game-derived estimate from roster tier, title status, current availability, and known public role",Medium,348000,52,25,71,68,69,73,75,70,67,74,73,67,69,73,70,77,69,73,68,18,66,65,69,12,72,77,73,70,67,63,76,https://www.thesmackdownhotel.com/roster/wwe/nxt/,https://www.wwe.com/superstars,https://www.operationsports.com/wwe-2k26-ratings-list/,Roster source captured from current TSDH brand page; ratings anchored to WWE 2K26 when present.,initial_stats_recalibration_v1,177,67,177,75,53,64,66,52,6
wwe_nxt_kale_dixon,Kale Dixon,WWE,NXT,NXT,Mens,Mens,Yes,Active,Prospect,Unknown,RingGeneral,,,50,72,"Game-derived estimate from roster tier, title status, current availability, and known public role",Medium,348000,52,25,71,68,69,73,75,70,67,74,73,67,69,73,70,77,69,73,68,18,66,65,69,12,72,77,73,70,67,63,76,https://www.thesmackdownhotel.com/roster/wwe/nxt/,https://www.wwe.com/superstars,https://www.operationsports.com/wwe-2k26-ratings-list/,Roster source captured from current TSDH brand page; ratings anchored to WWE 2K26 when present.,initial_stats_recalibration_v1,178,67,178,74,53,63,66,52,6
wwe_nxt_kam_hendrix,Kam Hendrix,WWE,NXT,NXT,Mens,Mens,Yes,Active,Prospect,Unknown,RingGeneral,,,50,72,"Game-derived estimate from roster tier, title status, current availability, and known public role",Medium,348000,52,25,71,68,69,73,75,70,67,74,73,67,69,73,70,77,69,73,68,18,66,65,69,12,72,77,73,70,67,63,76,https://www.thesmackdownhotel.com/roster/wwe/nxt/,https://www.wwe.com/superstars,https://www.operationsports.com/wwe-2k26-ratings-list/,Roster source captured from current TSDH brand page; ratings anchored to WWE 2K26 when present.,initial_stats_recalibration_v1,179,67,179,74,53,63,65,52,6
wwe_nxt_keanu_carver,Keanu Carver,WWE,NXT,NXT,Mens,Mens,Yes,Active,Prospect,Unknown,RingGeneral,,,50,72,"Game-derived estimate from roster tier, title status, current availability, and known public role",Medium,348000,52,25,71,68,69,73,75,70,67,74,73,67,69,73,70,77,69,73,68,18,66,65,69,12,72,77,73,70,67,63,76,https://www.thesmackdownhotel.com/roster/wwe/nxt/,https://www.wwe.com/superstars,https://www.operationsports.com/wwe-2k26-ratings-list/,Roster source captured from current TSDH brand page; ratings anchored to WWE 2K26 when present.,initial_stats_recalibration_v1,180,67,180,73,53,63,65,52,5
wwe_nxt_lexis_king,Lexis King,WWE,NXT,NXT,Mens,Mens,Yes,Active,Prospect,Unknown,RingGeneral,Birthright,,50,72,"Game-derived estimate from roster tier, title status, current availability, and known public role",Medium,348000,52,25,71,68,69,73,75,70,67,74,73,67,69,73,70,77,69,73,68,18,66,65,69,12,72,77,73,70,67,63,76,https://www.thesmackdownhotel.com/roster/wwe/nxt/,https://www.wwe.com/superstars,https://www.operationsports.com/wwe-2k26-ratings-list/,Roster source captured from current TSDH brand page; ratings anchored to WWE 2K26 when present.,initial_stats_recalibration_v1,181,67,181,73,52,62,69,52,5
wwe_nxt_lucien_price,Lucien Price,WWE,NXT,NXT,Mens,Mens,Yes,Active,Prospect,Unknown,RingGeneral,,,50,72,"Game-derived estimate from roster tier, title status, current availability, and known public role",Medium,348000,52,25,71,68,69,73,75,70,67,74,73,67,69,73,70,77,69,73,68,18,66,65,69,12,72,77,73,70,67,63,76,https://www.thesmackdownhotel.com/roster/wwe/nxt/,https://www.wwe.com/superstars,https://www.operationsports.com/wwe-2k26-ratings-list/,Roster source captured from current TSDH brand page; ratings anchored to WWE 2K26 when present.,initial_stats_recalibration_v1,182,67,182,72,52,62,69,51,5
wwe_nxt_mason_rook,Mason Rook,WWE,NXT,NXT,Mens,Mens,Yes,Active,Prospect,Unknown,RingGeneral,,,50,72,"Game-derived estimate from roster tier, title status, current availability, and known public role",Medium,348000,52,25,71,68,69,73,75,70,67,74,73,67,69,73,70,77,69,73,68,18,66,65,69,12,72,77,73,70,67,63,76,https://www.thesmackdownhotel.com/roster/wwe/nxt/,https://www.wwe.com/superstars,https://www.operationsports.com/wwe-2k26-ratings-list/,Roster source captured from current TSDH brand page; ratings anchored to WWE 2K26 when present.,initial_stats_recalibration_v1,183,67,183,72,52,62,69,51,5
wwe_nxt_naraku,Naraku,WWE,NXT,NXT,Mens,Mens,Yes,Active,Prospect,Unknown,RingGeneral,,,50,72,"Game-derived estimate from roster tier, title status, current availability, and known public role",Medium,348000,52,25,71,68,69,73,75,70,67,74,73,67,69,73,70,77,69,73,68,18,66,65,69,12,72,77,73,70,67,63,76,https://www.thesmackdownhotel.com/roster/wwe/nxt/,https://www.wwe.com/superstars,https://www.operationsports.com/wwe-2k26-ratings-list/,Roster source captured from current TSDH brand page; ratings anchored to WWE 2K26 when present.,initial_stats_recalibration_v1,184,67,184,71,52,68,68,51,5
wwe_nxt_niko_vance,Niko Vance,WWE,NXT,NXT,Mens,Mens,Yes,Active,Prospect,Unknown,RingGeneral,,,50,72,"Game-derived estimate from roster tier, title status, current availability, and known public role",Medium,348000,52,25,71,68,69,73,75,70,67,74,73,67,69,73,70,77,69,73,68,18,66,65,69,12,72,77,73,70,67,63,76,https://www.thesmackdownhotel.com/roster/wwe/nxt/,https://www.wwe.com/superstars,https://www.operationsports.com/wwe-2k26-ratings-list/,Roster source captured from current TSDH brand page; ratings anchored to WWE 2K26 when present.,initial_stats_recalibration_v1,185,67,185,71,52,68,68,51,5
wwe_nxt_osiris_griffin,Osiris Griffin,WWE,NXT,NXT,Mens,Mens,Yes,Active,Prospect,Unknown,RingGeneral,,,50,72,"Game-derived estimate from roster tier, title status, current availability, and known public role",Medium,348000,52,25,71,68,69,73,75,70,67,74,73,67,69,73,70,77,69,73,68,18,66,65,69,12,72,77,73,70,67,63,76,https://www.thesmackdownhotel.com/roster/wwe/nxt/,https://www.wwe.com/superstars,https://www.operationsports.com/wwe-2k26-ratings-list/,Roster source captured from current TSDH brand page; ratings anchored to WWE 2K26 when present.,initial_stats_recalibration_v1,186,67,186,70,52,67,68,51,5
wwe_nxt_ricky_smokes,Ricky Smokes,WWE,NXT,NXT,Mens,Mens,Yes,Active,Prospect,Unknown,RingGeneral,,,50,72,"Game-derived estimate from roster tier, title status, current availability, and known public role",Medium,348000,52,25,71,68,69,73,75,70,67,74,73,67,69,73,70,77,69,73,68,18,66,65,69,12,72,77,73,70,67,63,76,https://www.thesmackdownhotel.com/roster/wwe/nxt/,https://www.wwe.com/superstars,https://www.operationsports.com/wwe-2k26-ratings-list/,Roster source captured from current TSDH brand page; ratings anchored to WWE 2K26 when present.,initial_stats_recalibration_v1,187,67,187,69,51,67,68,51,5
wwe_nxt_saquon_shugars,Saquon Shugars,WWE,NXT,NXT,Mens,Mens,Yes,Active,Prospect,Unknown,RingGeneral,,,50,72,"Game-derived estimate from roster tier, title status, current availability, and known public role",Medium,348000,52,25,71,68,69,73,75,70,67,74,73,67,69,73,70,77,69,73,68,18,66,65,69,12,72,77,73,70,67,63,76,https://www.thesmackdownhotel.com/roster/wwe/nxt/,https://www.wwe.com/superstars,https://www.operationsports.com/wwe-2k26-ratings-list/,Roster source captured from current TSDH brand page; ratings anchored to WWE 2K26 when present.,initial_stats_recalibration_v1,188,67,188,68,51,67,68,51,5
wwe_nxt_sean_legacy,Sean Legacy,WWE,NXT,NXT,Mens,Mens,Yes,Active,Prospect,Unknown,RingGeneral,,,50,72,"Game-derived estimate from roster tier, title status, current availability, and known public role",Medium,348000,52,25,71,68,69,73,75,70,67,74,73,67,69,73,70,77,69,73,68,18,66,65,69,12,72,77,73,70,67,63,76,https://www.thesmackdownhotel.com/roster/wwe/nxt/,https://www.wwe.com/superstars,https://www.operationsports.com/wwe-2k26-ratings-list/,Roster source captured from current TSDH brand page; ratings anchored to WWE 2K26 when present.,initial_stats_recalibration_v1,189,67,189,67,51,67,68,51,5
wwe_nxt_shawn_spears,Shawn Spears,WWE,NXT,NXT,Mens,Mens,Yes,Active,Prospect,Unknown,RingGeneral,,,50,72,"Game-derived estimate from roster tier, title status, current availability, and known public role",Medium,348000,52,25,71,68,69,73,75,70,67,74,73,67,69,73,70,77,69,73,68,18,66,65,69,12,72,77,73,70,67,63,76,https://www.thesmackdownhotel.com/roster/wwe/nxt/,https://www.wwe.com/superstars,https://www.operationsports.com/wwe-2k26-ratings-list/,Roster source captured from current TSDH brand page; ratings anchored to WWE 2K26 when present.,initial_stats_recalibration_v1,190,67,190,67,51,67,67,51,4
wwe_nxt_shiloh_hill,Shiloh Hill,WWE,NXT,NXT,Mens,Mens,Yes,Active,Prospect,Unknown,RingGeneral,,,50,72,"Game-derived estimate from roster tier, title status, current availability, and known public role",Medium,348000,52,25,71,68,69,73,75,70,67,74,73,67,69,73,70,77,69,73,68,18,66,65,69,12,72,77,73,70,67,63,76,https://www.thesmackdownhotel.com/roster/wwe/nxt/,https://www.wwe.com/superstars,https://www.operationsports.com/wwe-2k26-ratings-list/,Roster source captured from current TSDH brand page; ratings anchored to WWE 2K26 when present.,initial_stats_recalibration_v1,191,67,191,66,51,67,67,51,4
wwe_nxt_tate_wilder,Tate Wilder,WWE,NXT,NXT,Mens,Mens,Yes,Active,Prospect,Unknown,RingGeneral,,,50,72,"Game-derived estimate from roster tier, title status, current availability, and known public role",Medium,348000,52,25,71,68,69,73,75,70,67,74,73,67,69,73,70,77,69,73,68,18,66,65,69,12,72,77,73,70,67,63,76,https://www.thesmackdownhotel.com/roster/wwe/nxt/,https://www.wwe.com/superstars,https://www.operationsports.com/wwe-2k26-ratings-list/,Roster source captured from current TSDH brand page; ratings anchored to WWE 2K26 when present.,initial_stats_recalibration_v1,192,67,192,76,51,66,67,51,4
wwe_nxt_tavion_heights,Tavion Heights,WWE,NXT,NXT,Mens,Mens,Yes,Active,Prospect,Unknown,RingGeneral,,,50,72,"Game-derived estimate from roster tier, title status, current availability, and known public role",Medium,348000,52,25,71,68,69,73,75,70,67,74,73,67,69,73,70,77,69,73,68,18,66,65,69,12,72,77,73,70,67,63,76,https://www.thesmackdownhotel.com/roster/wwe/nxt/,https://www.wwe.com/superstars,https://www.operationsports.com/wwe-2k26-ratings-list/,Roster source captured from current TSDH brand page; ratings anchored to WWE 2K26 when present.,initial_stats_recalibration_v1,193,67,193,76,50,66,70,51,4
wwe_nxt_tristan_angels,Tristan Angels,WWE,NXT,NXT,Mens,Mens,Yes,Active,Prospect,Unknown,RingGeneral,,,50,72,"Game-derived estimate from roster tier, title status, current availability, and known public role",Medium,348000,52,25,71,68,69,73,75,70,67,74,73,67,69,73,70,77,69,73,68,18,66,65,69,12,72,77,73,70,67,63,76,https://www.thesmackdownhotel.com/roster/wwe/nxt/,https://www.wwe.com/superstars,https://www.operationsports.com/wwe-2k26-ratings-list/,Roster source captured from current TSDH brand page; ratings anchored to WWE 2K26 when present.,initial_stats_recalibration_v1,194,67,194,76,50,66,70,52,4
wwe_smackdown_rey_fenix,Rey Fenix,WWE,SmackDown,SmackDown,Mens,Mens,Yes,Active,Enhancement,Face,HighFlyer,,,50,72,"Game-derived estimate from roster tier, title status, current availability, and known public role",Medium,139000,52,25,70,72,71,75,67,75,71,74,72,68,70,73,71,69,67,70,64,26,68,73,70,14,71,76,70,69,73,64,74,https://www.thesmackdownhotel.com/roster/wwe/smackdown/,https://www.wwe.com/superstars,https://www.operationsports.com/wwe-2k26-ratings-list/,Roster source captured from current TSDH brand page; ratings anchored to WWE 2K26 when present.,initial_stats_recalibration_v1,195,66.9,195,54,50,66,50,56,22
wwe_raw_julius_creed,Julius Creed,WWE,Raw,Raw,Mens,Mens,Yes,Active,Enhancement,Heel,Powerhouse,American Made,,50,72,"Game-derived estimate from roster tier, title status, current availability, and known public role",Medium,139000,52,25,72,71,71,74,68,70,71,77,70,72,67,71,75,67,74,71,67,21,63,70,66,26,68,79,71,70,77,61,78,https://www.thesmackdownhotel.com/roster/wwe/raw/,https://www.wwe.com/superstars,https://www.operationsports.com/wwe-2k26-ratings-list/,Roster source captured from current TSDH brand page; ratings anchored to WWE 2K26 when present.,initial_stats_recalibration_v1,196,66.85,196,57,47,57,53,48,14
wwe_smackdown_elton_prince,Elton Prince,WWE,SmackDown,SmackDown,Mens,Mens,Yes,Active,Enhancement,Unknown,RingGeneral,Pretty Deadly,,71,71,Sourced video-game overall used as anchor; component attributes derived for GM simulation,High,139000,52,25,69,69,69,69,64,68,67,68,73,76,69,75,75,71,71,72,64,26,69,70,77,14,71,71,73,71,70,63,72,https://www.thesmackdownhotel.com/roster/wwe/smackdown/,https://www.wwe.com/superstars,https://www.operationsports.com/wwe-2k26-ratings-list/,Roster source captured from current TSDH brand page; ratings anchored to WWE 2K26 when present.,initial_stats_recalibration_v1,197,65.45,197,53,45,61,57,56,21
wwe_smackdown_candice_lerae,Candice LeRae,WWE,SmackDown,SmackDown,Womens,Womens,Yes,Active,Enhancement,Unknown,RingGeneral,,,71,71,Sourced video-game overall used as anchor; component attributes derived for GM simulation,High,139000,52,25,69,67,68,71,71,71,66,76,66,68,68,73,78,76,70,75,64,32,60,72,70,16,74,75,77,71,68,62,72,https://www.thesmackdownhotel.com/roster/wwe/smackdown/,https://www.wwe.com/superstars,https://www.operationsports.com/wwe-2k26-ratings-list/,Roster source captured from current TSDH brand page; ratings anchored to WWE 2K26 when present.,initial_stats_recalibration_v1,198,64.9,198,51,47,56,58,56,27
wwe_raw_akira_tozawa,Akira Tozawa,WWE,Raw,Raw,Mens,Mens,Yes,Active,Enhancement,Face,Powerhouse,Alpha Academy,,68,68,Sourced video-game overall used as anchor; component attributes derived for GM simulation,High,137000,52,25,71,64,67,76,67,70,70,69,65,70,68,64,59,60,70,62,64,23,67,73,69,27,72,71,59,65,70,62,78,https://www.thesmackdownhotel.com/roster/wwe/raw/,https://www.wwe.com/superstars,https://www.operationsports.com/wwe-2k26-ratings-list/,Roster source captured from current TSDH brand page; ratings anchored to WWE 2K26 when present.,initial_stats_recalibration_v1,199,63.15,199,54,47,55,51,55,20
wwe_smackdown_b_fab,B-Fab,WWE,SmackDown,SmackDown,Womens,Womens,Yes,Active,Enhancement,Unknown,RingGeneral,,,67,67,Sourced video-game overall used as anchor; component attributes derived for GM simulation,High,136000,52,25,64,65,64,60,70,67,66,61,62,68,65,71,71,72,60,70,61,22,71,70,64,17,63,70,71,65,63,59,70,https://www.thesmackdownhotel.com/roster/wwe/smackdown/,https://www.wwe.com/superstars,https://www.operationsports.com/wwe-2k26-ratings-list/,Roster source captured from current TSDH brand page; ratings anchored to WWE 2K26 when present.,initial_stats_recalibration_v1,200,61.4,200,50,45,56,52,51,15
