approve,name,id,rank,title,author,score,flags,page_url,preview_path,raw_path,status,error
"","Cody Rhodes","wwe-smackdown-cody-rhodes","1","Custom Cody Rhodes Render!","cxpv1dz","65","","https://www.deviantart.com/cxpv1dz/art/Custom-Cody-Rhodes-Render-1239559143","previews/wwe-smackdown-cody-rhodes__1__cxpv1dz.jpg","raw/wwe-smackdown-cody-rhodes__1__cxpv1dz.png","error","HTTPError: 403 Client Error: Forbidden for url: https://www.deviantart.com/cxpv1dz/art/Custom-Cody-Rhodes-Render-1239559143"
"","Cody Rhodes","wwe-smackdown-cody-rhodes","2","Cody Rhodes render","tdg129","65","","https://www.deviantart.com/tdg129/art/Cody-Rhodes-render-1329751439","previews/wwe-smackdown-cody-rhodes__2__tdg129.jpg","raw/wwe-smackdown-cody-rhodes__2__tdg129.png","error","HTTPError: 403 Client Error: Forbidden for url: https://www.deviantart.com/tdg129/art/Cody-Rhodes-render-1329751439"
"","Cody Rhodes","wwe-smackdown-cody-rhodes","3","Cody Rhodes 2026 Render WWE","line2j","65","","https://www.deviantart.com/line2j/art/Cody-Rhodes-2026-Render-WWE-1302847529","previews/wwe-smackdown-cody-rhodes__3__line2j.jpg","raw/wwe-smackdown-cody-rhodes__3__line2j.png","error","HTTPError: 403 Client Error: Forbidden for url: https://www.deviantart.com/line2j/art/Cody-Rhodes-2026-Render-WWE-1302847529"
"","Kazuchika Okada","aew-aew-kazuchika-okada","1","Kazuchika Okada Render by yasuke4u","yasuke4u","65","","https://www.deviantart.com/yasuke4u/art/Kazuchika-Okada-Render-by-yasuke4u-1298988764","previews/aew-aew-kazuchika-okada__1__yasuke4u.jpg","raw/aew-aew-kazuchika-okada__1__yasuke4u.png","error","HTTPError: 403 Client Error: Forbidden for url: https://www.deviantart.com/yasuke4u/art/Kazuchika-Okada-Render-by-yasuke4u-1298988764"
"","Kazuchika Okada","aew-aew-kazuchika-okada","2","Kazuchika Okada Render by yasuke4u","yasuke4u","65","","https://www.deviantart.com/yasuke4u/art/Kazuchika-Okada-Render-by-yasuke4u-1295485644","previews/aew-aew-kazuchika-okada__2__yasuke4u.jpg","raw/aew-aew-kazuchika-okada__2__yasuke4u.png","error","HTTPError: 403 Client Error: Forbidden for url: https://www.deviantart.com/yasuke4u/art/Kazuchika-Okada-Render-by-yasuke4u-1295485644"
"","Kazuchika Okada","aew-aew-kazuchika-okada","3","Kazuchika Okada Intercontinental Champion Render","renderzgalore","65","belt-champion","https://www.deviantart.com/renderzgalore/art/Kazuchika-Okada-Intercontinental-Champion-Render-1264622393","previews/aew-aew-kazuchika-okada__3__renderzgalore.jpg","raw/aew-aew-kazuchika-okada__3__renderzgalore.png","error","HTTPError: 403 Client Error: Forbidden for url: https://www.deviantart.com/renderzgalore/art/Kazuchika-Okada-Intercontinental-Champion-Render-1264622393"
"","Chris Jericho","aew-aew-chris-jericho","1","Chris Jericho '26 Render","xharlott","65","","https://www.deviantart.com/xharlott/art/Chris-Jericho-26-Render-1316933972","previews/aew-aew-chris-jericho__1__xharlott.jpg","raw/aew-aew-chris-jericho__1__xharlott.png","error","HTTPError: 403 Client Error: Forbidden for url: https://www.deviantart.com/xharlott/art/Chris-Jericho-26-Render-1316933972"
"","Chris Jericho","aew-aew-chris-jericho","2","Chris Jericho '16 Render","xharlott","65","","https://www.deviantart.com/xharlott/art/Chris-Jericho-16-Render-1304763629","previews/aew-aew-chris-jericho__2__xharlott.jpg","raw/aew-aew-chris-jericho__2__xharlott.png","error","HTTPError: 403 Client Error: Forbidden for url: https://www.deviantart.com/xharlott/art/Chris-Jericho-16-Render-1304763629"
"","Chris Jericho","aew-aew-chris-jericho","3","Chris Jericho '03 Render","xharlott","65","","https://www.deviantart.com/xharlott/art/Chris-Jericho-03-Render-1291550629","previews/aew-aew-chris-jericho__3__xharlott.jpg","raw/aew-aew-chris-jericho__3__xharlott.png","error","HTTPError: 403 Client Error: Forbidden for url: https://www.deviantart.com/xharlott/art/Chris-Jericho-03-Render-1291550629"
"","CM Punk","wwe-raw-cm-punk","1","CM Punk Render by yasuke4u","yasuke4u","65","","https://www.deviantart.com/yasuke4u/art/CM-Punk-Render-by-yasuke4u-1319217738","previews/wwe-raw-cm-punk__1__yasuke4u.jpg","raw/wwe-raw-cm-punk__1__yasuke4u.png","error","HTTPError: 403 Client Error: Forbidden for url: https://www.deviantart.com/yasuke4u/art/CM-Punk-Render-by-yasuke4u-1319217738"
"","CM Punk","wwe-raw-cm-punk","2","CM Punk Render by yasuke4u","yasuke4u","65","","https://www.deviantart.com/yasuke4u/art/CM-Punk-Render-by-yasuke4u-1319217756","previews/wwe-raw-cm-punk__2__yasuke4u.jpg","raw/wwe-raw-cm-punk__2__yasuke4u.png","error","HTTPError: 403 Client Error: Forbidden for url: https://www.deviantart.com/yasuke4u/art/CM-Punk-Render-by-yasuke4u-1319217756"
"","CM Punk","wwe-raw-cm-punk","3","CM Punk 2026 Render WWE","line2j","65","","https://www.deviantart.com/line2j/art/CM-Punk-2026-Render-WWE-1332086875","previews/wwe-raw-cm-punk__3__line2j.jpg","raw/wwe-raw-cm-punk__3__line2j.png","error","HTTPError: 403 Client Error: Forbidden for url: https://www.deviantart.com/line2j/art/CM-Punk-2026-Render-WWE-1332086875"
"","Liv Morgan","wwe-raw-liv-morgan","1","Liv Morgan Render by yasuke4u","yasuke4u","65","","https://www.deviantart.com/yasuke4u/art/Liv-Morgan-Render-by-yasuke4u-1318937245","previews/wwe-raw-liv-morgan__1__yasuke4u.jpg","raw/wwe-raw-liv-morgan__1__yasuke4u.png","error","HTTPError: 403 Client Error: Forbidden for url: https://www.deviantart.com/yasuke4u/art/Liv-Morgan-Render-by-yasuke4u-1318937245"
"","Liv Morgan","wwe-raw-liv-morgan","2","Liv Morgan Render by yasuke4u","yasuke4u","65","","https://www.deviantart.com/yasuke4u/art/Liv-Morgan-Render-by-yasuke4u-1296893643","previews/wwe-raw-liv-morgan__2__yasuke4u.jpg","raw/wwe-raw-liv-morgan__2__yasuke4u.png","error","HTTPError: 403 Client Error: Forbidden for url: https://www.deviantart.com/yasuke4u/art/Liv-Morgan-Render-by-yasuke4u-1296893643"
"","Liv Morgan","wwe-raw-liv-morgan","3","Liv Morgan 2026 Render WWE","line2j","65","","https://www.deviantart.com/line2j/art/Liv-Morgan-2026-Render-WWE-1291301076","previews/wwe-raw-liv-morgan__3__line2j.jpg","raw/wwe-raw-liv-morgan__3__line2j.png","error","HTTPError: 403 Client Error: Forbidden for url: https://www.deviantart.com/line2j/art/Liv-Morgan-2026-Render-WWE-1291301076"
"","Will Ospreay","aew-aew-will-ospreay","1","Will Ospreay Render by yasuke4u","yasuke4u","65","","https://www.deviantart.com/yasuke4u/art/Will-Ospreay-Render-by-yasuke4u-1295485792","previews/aew-aew-will-ospreay__1__yasuke4u.jpg","raw/aew-aew-will-ospreay__1__yasuke4u.png","error","HTTPError: 403 Client Error: Forbidden for url: https://www.deviantart.com/yasuke4u/art/Will-Ospreay-Render-by-yasuke4u-1295485792"
"","Will Ospreay","aew-aew-will-ospreay","2","Will Ospreay Intercontinental Champion render","tdg129","65","belt-champion","https://www.deviantart.com/tdg129/art/Will-Ospreay-Intercontinental-Champion-render-1330601933","previews/aew-aew-will-ospreay__2__tdg129.jpg","raw/aew-aew-will-ospreay__2__tdg129.png","error","HTTPError: 403 Client Error: Forbidden for url: https://www.deviantart.com/tdg129/art/Will-Ospreay-Intercontinental-Champion-render-1330601933"
"","Will Ospreay","aew-aew-will-ospreay","3","AEW Will Ospreay 2024 render","vlysyuk","65","","https://www.deviantart.com/vlysyuk/art/AEW-Will-Ospreay-2024-render-1132664239","previews/aew-aew-will-ospreay__3__vlysyuk.jpg","raw/aew-aew-will-ospreay__3__vlysyuk.png","error","HTTPError: 403 Client Error: Forbidden for url: https://www.deviantart.com/vlysyuk/art/AEW-Will-Ospreay-2024-render-1132664239"
"","Naomi","wwe-raw-naomi","1","Naomi Render by yasuke4u","yasuke4u","65","","https://www.deviantart.com/yasuke4u/art/Naomi-Render-by-yasuke4u-1317865886","previews/wwe-raw-naomi__1__yasuke4u.jpg","raw/wwe-raw-naomi__1__yasuke4u.png","error","HTTPError: 403 Client Error: Forbidden for url: https://www.deviantart.com/yasuke4u/art/Naomi-Render-by-yasuke4u-1317865886"
"","Naomi","wwe-raw-naomi","2","Naomi Render by yasuke4u","yasuke4u","65","","https://www.deviantart.com/yasuke4u/art/Naomi-Render-by-yasuke4u-1319364045","previews/wwe-raw-naomi__2__yasuke4u.jpg","raw/wwe-raw-naomi__2__yasuke4u.png","error","HTTPError: 403 Client Error: Forbidden for url: https://www.deviantart.com/yasuke4u/art/Naomi-Render-by-yasuke4u-1319364045"
"","Naomi","wwe-raw-naomi","3","Naomi Render by yasuke4u","yasuke4u","65","","https://www.deviantart.com/yasuke4u/art/Naomi-Render-by-yasuke4u-1317811308","previews/wwe-raw-naomi__3__yasuke4u.jpg","raw/wwe-raw-naomi__3__yasuke4u.png","error","HTTPError: 403 Client Error: Forbidden for url: https://www.deviantart.com/yasuke4u/art/Naomi-Render-by-yasuke4u-1317811308"
"","Stephanie Vaquer","wwe-raw-stephanie-vaquer","1","Stephanie Vaquer Render by yasuke4u","yasuke4u","65","","https://www.deviantart.com/yasuke4u/art/Stephanie-Vaquer-Render-by-yasuke4u-1295486263","previews/wwe-raw-stephanie-vaquer__1__yasuke4u.jpg","raw/wwe-raw-stephanie-vaquer__1__yasuke4u.png","error","HTTPError: 403 Client Error: Forbidden for url: https://www.deviantart.com/yasuke4u/art/Stephanie-Vaquer-Render-by-yasuke4u-1295486263"
"","Stephanie Vaquer","wwe-raw-stephanie-vaquer","2","Stephanie Vaquer WWE Render PNG","wwewomendaily","65","","https://www.deviantart.com/wwewomendaily/art/Stephanie-Vaquer-WWE-Render-PNG-1288962560","previews/wwe-raw-stephanie-vaquer__2__wwewomendaily.jpg","raw/wwe-raw-stephanie-vaquer__2__wwewomendaily.png","error","HTTPError: 403 Client Error: Forbidden for url: https://www.deviantart.com/wwewomendaily/art/Stephanie-Vaquer-WWE-Render-PNG-1288962560"
"","Stephanie Vaquer","wwe-raw-stephanie-vaquer","3","Stephanie Vaquer Mar '26 Render","xharlott","65","","https://www.deviantart.com/xharlott/art/Stephanie-Vaquer-Mar-26-Render-1316382851","previews/wwe-raw-stephanie-vaquer__3__xharlott.jpg","raw/wwe-raw-stephanie-vaquer__3__xharlott.png","error","HTTPError: 403 Client Error: Forbidden for url: https://www.deviantart.com/xharlott/art/Stephanie-Vaquer-Mar-26-Render-1316382851"
"","Asuka","wwe-raw-asuka","1","Asuka Render by yasuke4u","yasuke4u","65","","https://www.deviantart.com/yasuke4u/art/Asuka-Render-by-yasuke4u-1317850624","previews/wwe-raw-asuka__1__yasuke4u.jpg","raw/wwe-raw-asuka__1__yasuke4u.png","error","HTTPError: 403 Client Error: Forbidden for url: https://www.deviantart.com/yasuke4u/art/Asuka-Render-by-yasuke4u-1317850624"
"","Asuka","wwe-raw-asuka","2","Momoko Asuka Render 17","iljaheld","50","","https://www.deviantart.com/iljaheld/art/Momoko-Asuka-Render-17-1284015418","previews/wwe-raw-asuka__2__iljaheld.jpg","raw/wwe-raw-asuka__2__iljaheld.png","error","HTTPError: 403 Client Error: Forbidden for url: https://www.deviantart.com/iljaheld/art/Momoko-Asuka-Render-17-1284015418"
"","Asuka","wwe-raw-asuka","3","Asuka render 4","akatsukiannie","50","","https://www.deviantart.com/akatsukiannie/art/Asuka-render-4-1184837712","previews/wwe-raw-asuka__3__akatsukiannie.jpg","raw/wwe-raw-asuka__3__akatsukiannie.png","error","HTTPError: 403 Client Error: Forbidden for url: https://www.deviantart.com/akatsukiannie/art/Asuka-render-4-1184837712"
"","Bron Breakker","wwe-raw-bron-breakker","1","Bron Breakker Render by yasuke4u","yasuke4u","65","","https://www.deviantart.com/yasuke4u/art/Bron-Breakker-Render-by-yasuke4u-1319217926","previews/wwe-raw-bron-breakker__1__yasuke4u.jpg","raw/wwe-raw-bron-breakker__1__yasuke4u.png","error","HTTPError: 403 Client Error: Forbidden for url: https://www.deviantart.com/yasuke4u/art/Bron-Breakker-Render-by-yasuke4u-1319217926"
"","Bron Breakker","wwe-raw-bron-breakker","2","Bron Breakker WWE Render PNG","wwewomendaily","65","","https://www.deviantart.com/wwewomendaily/art/Bron-Breakker-WWE-Render-PNG-1297854483","previews/wwe-raw-bron-breakker__2__wwewomendaily.jpg","raw/wwe-raw-bron-breakker__2__wwewomendaily.png","error","HTTPError: 403 Client Error: Forbidden for url: https://www.deviantart.com/wwewomendaily/art/Bron-Breakker-WWE-Render-PNG-1297854483"
"","Bron Breakker","wwe-raw-bron-breakker","3","Bron Breakker WWE Render PNG","wwewomendaily","65","","https://www.deviantart.com/wwewomendaily/art/Bron-Breakker-WWE-Render-PNG-1296696634","previews/wwe-raw-bron-breakker__3__wwewomendaily.jpg","raw/wwe-raw-bron-breakker__3__wwewomendaily.png","error","HTTPError: 403 Client Error: Forbidden for url: https://www.deviantart.com/wwewomendaily/art/Bron-Breakker-WWE-Render-PNG-1296696634"
"","Thekla","aew-aew-thekla","1","Thekla Render by yasuke4u","yasuke4u","65","","https://www.deviantart.com/yasuke4u/art/Thekla-Render-by-yasuke4u-1291647570","previews/aew-aew-thekla__1__yasuke4u.jpg","raw/aew-aew-thekla__1__yasuke4u.png","error","HTTPError: 403 Client Error: Forbidden for url: https://www.deviantart.com/yasuke4u/art/Thekla-Render-by-yasuke4u-1291647570"
"","Thekla","aew-aew-thekla","2","Thekla Render by yasuke4u","yasuke4u","65","","https://www.deviantart.com/yasuke4u/art/Thekla-Render-by-yasuke4u-1319825297","previews/aew-aew-thekla__2__yasuke4u.jpg","raw/aew-aew-thekla__2__yasuke4u.png","error","HTTPError: 403 Client Error: Forbidden for url: https://www.deviantart.com/yasuke4u/art/Thekla-Render-by-yasuke4u-1319825297"
"","Thekla","aew-aew-thekla","3","Thekla Render by yasuke4u","yasuke4u","65","","https://www.deviantart.com/yasuke4u/art/Thekla-Render-by-yasuke4u-1303249933","previews/aew-aew-thekla__3__yasuke4u.jpg","raw/aew-aew-thekla__3__yasuke4u.png","error","HTTPError: 403 Client Error: Forbidden for url: https://www.deviantart.com/yasuke4u/art/Thekla-Render-by-yasuke4u-1303249933"
"","Willow Nightingale","aew-aew-willow-nightingale","1","Willow Nightingale Render by yasuke4u","yasuke4u","65","","https://www.deviantart.com/yasuke4u/art/Willow-Nightingale-Render-by-yasuke4u-1291725071","previews/aew-aew-willow-nightingale__1__yasuke4u.jpg","raw/aew-aew-willow-nightingale__1__yasuke4u.png","error","HTTPError: 403 Client Error: Forbidden for url: https://www.deviantart.com/yasuke4u/art/Willow-Nightingale-Render-by-yasuke4u-1291725071"
"","Willow Nightingale","aew-aew-willow-nightingale","2","Willow Nightingale Render by yasuke4u","yasuke4u","65","","https://www.deviantart.com/yasuke4u/art/Willow-Nightingale-Render-by-yasuke4u-1308406979","previews/aew-aew-willow-nightingale__2__yasuke4u.jpg","raw/aew-aew-willow-nightingale__2__yasuke4u.png","error","HTTPError: 403 Client Error: Forbidden for url: https://www.deviantart.com/yasuke4u/art/Willow-Nightingale-Render-by-yasuke4u-1308406979"
"","Willow Nightingale","aew-aew-willow-nightingale","3","Willow Nightingale AEW Render","dmtaco","50","","https://www.deviantart.com/dmtaco/art/Willow-Nightingale-AEW-Render-1331591220","previews/aew-aew-willow-nightingale__3__dmtaco.jpg","raw/aew-aew-willow-nightingale__3__dmtaco.png","error","HTTPError: 403 Client Error: Forbidden for url: https://www.deviantart.com/dmtaco/art/Willow-Nightingale-AEW-Render-1331591220"
"","Jade Cargill","wwe-smackdown-jade-cargill","1","Jade Cargill Render by yasuke4u","yasuke4u","65","","https://www.deviantart.com/yasuke4u/art/Jade-Cargill-Render-by-yasuke4u-1317870995","previews/wwe-smackdown-jade-cargill__1__yasuke4u.jpg","raw/wwe-smackdown-jade-cargill__1__yasuke4u.png","error","HTTPError: 403 Client Error: Forbidden for url: https://www.deviantart.com/yasuke4u/art/Jade-Cargill-Render-by-yasuke4u-1317870995"
"","Jade Cargill","wwe-smackdown-jade-cargill","2","Jade Cargill Render by yasuke4u","yasuke4u","65","","https://www.deviantart.com/yasuke4u/art/Jade-Cargill-Render-by-yasuke4u-1309841992","previews/wwe-smackdown-jade-cargill__2__yasuke4u.jpg","raw/wwe-smackdown-jade-cargill__2__yasuke4u.png","error","HTTPError: 403 Client Error: Forbidden for url: https://www.deviantart.com/yasuke4u/art/Jade-Cargill-Render-by-yasuke4u-1309841992"
"","Jade Cargill","wwe-smackdown-jade-cargill","3","Jade Cargill render!","cxpv1dz","65","","https://www.deviantart.com/cxpv1dz/art/Jade-Cargill-render-1268345318","previews/wwe-smackdown-jade-cargill__3__cxpv1dz.jpg","raw/wwe-smackdown-jade-cargill__3__cxpv1dz.png","error","HTTPError: 403 Client Error: Forbidden for url: https://www.deviantart.com/cxpv1dz/art/Jade-Cargill-render-1268345318"
"","Swerve Strickland","aew-aew-swerve-strickland","1","Swerve Strickland Render by yasukeu4","yasuke4u","65","","https://www.deviantart.com/yasuke4u/art/Swerve-Strickland-Render-by-yasukeu4-1297333893","previews/aew-aew-swerve-strickland__1__yasuke4u.jpg","raw/aew-aew-swerve-strickland__1__yasuke4u.png","error","HTTPError: 403 Client Error: Forbidden for url: https://www.deviantart.com/yasuke4u/art/Swerve-Strickland-Render-by-yasukeu4-1297333893"
"","Swerve Strickland","aew-aew-swerve-strickland","2","AEW Swerve Strickland render","vlysyuk","65","","https://www.deviantart.com/vlysyuk/art/AEW-Swerve-Strickland-render-1172956394","previews/aew-aew-swerve-strickland__2__vlysyuk.jpg","raw/aew-aew-swerve-strickland__2__vlysyuk.png","error","HTTPError: 403 Client Error: Forbidden for url: https://www.deviantart.com/vlysyuk/art/AEW-Swerve-Strickland-render-1172956394"
"","Swerve Strickland","aew-aew-swerve-strickland","3","Swerve Strickland AEW Render","dmtaco","50","","https://www.deviantart.com/dmtaco/art/Swerve-Strickland-AEW-Render-1302852181","previews/aew-aew-swerve-strickland__3__dmtaco.jpg","raw/aew-aew-swerve-strickland__3__dmtaco.png","error","HTTPError: 403 Client Error: Forbidden for url: https://www.deviantart.com/dmtaco/art/Swerve-Strickland-AEW-Render-1302852181"
"","Jacob Fatu","wwe-smackdown-jacob-fatu","1","Jacob Fatu WM42 Render","xharlott","65","","https://www.deviantart.com/xharlott/art/Jacob-Fatu-WM42-Render-1325547639","previews/wwe-smackdown-jacob-fatu__1__xharlott.jpg","raw/wwe-smackdown-jacob-fatu__1__xharlott.png","error","HTTPError: 403 Client Error: Forbidden for url: https://www.deviantart.com/xharlott/art/Jacob-Fatu-WM42-Render-1325547639"
"","Jacob Fatu","wwe-smackdown-jacob-fatu","2","Jacob Fatu Render by yasuke4u","yasuke4u","65","","https://www.deviantart.com/yasuke4u/art/Jacob-Fatu-Render-by-yasuke4u-1319217817","previews/wwe-smackdown-jacob-fatu__2__yasuke4u.jpg","raw/wwe-smackdown-jacob-fatu__2__yasuke4u.png","error","HTTPError: 403 Client Error: Forbidden for url: https://www.deviantart.com/yasuke4u/art/Jacob-Fatu-Render-by-yasuke4u-1319217817"
"","Jacob Fatu","wwe-smackdown-jacob-fatu","3","Jacob Fatu '25 Render","xharlott","65","","https://www.deviantart.com/xharlott/art/Jacob-Fatu-25-Render-1288157333","previews/wwe-smackdown-jacob-fatu__3__xharlott.jpg","raw/wwe-smackdown-jacob-fatu__3__xharlott.png","error","HTTPError: 403 Client Error: Forbidden for url: https://www.deviantart.com/xharlott/art/Jacob-Fatu-25-Render-1288157333"
"","Jay White","aew-aew-jay-white","1","Jay White Bullet Club Render","tdg129","65","","https://www.deviantart.com/tdg129/art/Jay-White-Bullet-Club-Render-1330602232","previews/aew-aew-jay-white__1__tdg129.jpg","raw/aew-aew-jay-white__1__tdg129.png","error","HTTPError: 403 Client Error: Forbidden for url: https://www.deviantart.com/tdg129/art/Jay-White-Bullet-Club-Render-1330602232"
"","Jay White","aew-aew-jay-white","2","Jay White WWE World Tag Team Champion PNG/Render","yanrtbtn","65","belt-champion;team-tag","https://www.deviantart.com/yanrtbtn/art/Jay-White-WWE-World-Tag-Team-Champion-PNG-Render-923776473","previews/aew-aew-jay-white__2__yanrtbtn.jpg","raw/aew-aew-jay-white__2__yanrtbtn.png","error","HTTPError: 403 Client Error: Forbidden for url: https://www.deviantart.com/yanrtbtn/art/Jay-White-WWE-World-Tag-Team-Champion-PNG-Render-923776473"
"","Jay White","aew-aew-jay-white","3","Jay White Render 3","replayscreen","50","","https://www.deviantart.com/replayscreen/art/Jay-White-Render-3-1309468376","previews/aew-aew-jay-white__3__replayscreen.jpg","raw/aew-aew-jay-white__3__replayscreen.png","error","HTTPError: 403 Client Error: Forbidden for url: https://www.deviantart.com/replayscreen/art/Jay-White-Render-3-1309468376"
"","Megan Bayne","aew-aew-megan-bayne","1","Megan Bayne Render by yasuke4u","yasuke4u","65","","https://www.deviantart.com/yasuke4u/art/Megan-Bayne-Render-by-yasuke4u-1292529315","previews/aew-aew-megan-bayne__1__yasuke4u.jpg","raw/aew-aew-megan-bayne__1__yasuke4u.png","error","HTTPError: 403 Client Error: Forbidden for url: https://www.deviantart.com/yasuke4u/art/Megan-Bayne-Render-by-yasuke4u-1292529315"
"","Megan Bayne","aew-aew-megan-bayne","2","Megan Bayne Render by yasuke4u","yasuke4u","65","","https://www.deviantart.com/yasuke4u/art/Megan-Bayne-Render-by-yasuke4u-1287637955","previews/aew-aew-megan-bayne__2__yasuke4u.jpg","raw/aew-aew-megan-bayne__2__yasuke4u.png","error","HTTPError: 403 Client Error: Forbidden for url: https://www.deviantart.com/yasuke4u/art/Megan-Bayne-Render-by-yasuke4u-1287637955"
"","Megan Bayne","aew-aew-megan-bayne","3","Megan Bayne Render by yasuke4u","yasuke4u","65","","https://www.deviantart.com/yasuke4u/art/Megan-Bayne-Render-by-yasuke4u-1315369569","previews/aew-aew-megan-bayne__3__yasuke4u.jpg","raw/aew-aew-megan-bayne__3__yasuke4u.png","error","HTTPError: 403 Client Error: Forbidden for url: https://www.deviantart.com/yasuke4u/art/Megan-Bayne-Render-by-yasuke4u-1315369569"
"","Eddie Kingston","aew-aew-eddie-kingston","1","AEW Eddie Kingston PNG #2","gamechanger2000","65","","https://www.deviantart.com/gamechanger2000/art/AEW-Eddie-Kingston-PNG-2-1178843320","previews/aew-aew-eddie-kingston__1__gamechanger2000.jpg","raw/aew-aew-eddie-kingston__1__gamechanger2000.png","error","HTTPError: 403 Client Error: Forbidden for url: https://www.deviantart.com/gamechanger2000/art/AEW-Eddie-Kingston-PNG-2-1178843320"
"","Eddie Kingston","aew-aew-eddie-kingston","2","AEW Eddie Kingston PNG","gamechanger2000","65","","https://www.deviantart.com/gamechanger2000/art/AEW-Eddie-Kingston-PNG-1178842430","previews/aew-aew-eddie-kingston__2__gamechanger2000.jpg","raw/aew-aew-eddie-kingston__2__gamechanger2000.png","error","HTTPError: 403 Client Error: Forbidden for url: https://www.deviantart.com/gamechanger2000/art/AEW-Eddie-Kingston-PNG-1178842430"
"","Eddie Kingston","aew-aew-eddie-kingston","3","AEW Eddie Kingston Triple Crown Champion PNG","gamechanger2000","65","belt-champion","https://www.deviantart.com/gamechanger2000/art/AEW-Eddie-Kingston-Triple-Crown-Champion-PNG-1295715585","previews/aew-aew-eddie-kingston__3__gamechanger2000.jpg","raw/aew-aew-eddie-kingston__3__gamechanger2000.png","error","HTTPError: 403 Client Error: Forbidden for url: https://www.deviantart.com/gamechanger2000/art/AEW-Eddie-Kingston-Triple-Crown-Champion-PNG-1295715585"
"","Adam Copeland","aew-aew-adam-copeland","1","Adam Copeland '23 Render","xharlott","65","","https://www.deviantart.com/xharlott/art/Adam-Copeland-23-Render-1317369161","previews/aew-aew-adam-copeland__1__xharlott.jpg","raw/aew-aew-adam-copeland__1__xharlott.png","error","HTTPError: 403 Client Error: Forbidden for url: https://www.deviantart.com/xharlott/art/Adam-Copeland-23-Render-1317369161"
"","Adam Copeland","aew-aew-adam-copeland","2","AEW Adam Copeland render","vlysyuk","65","","https://www.deviantart.com/vlysyuk/art/AEW-Adam-Copeland-render-1092321136","previews/aew-aew-adam-copeland__2__vlysyuk.jpg","raw/aew-aew-adam-copeland__2__vlysyuk.png","error","HTTPError: 403 Client Error: Forbidden for url: https://www.deviantart.com/vlysyuk/art/AEW-Adam-Copeland-render-1092321136"
"","Adam Copeland","aew-aew-adam-copeland","3","Adam Copeland international champion render","renderzgalore","65","belt-champion","https://www.deviantart.com/renderzgalore/art/Adam-Copeland-international-champion-render-1125652067","previews/aew-aew-adam-copeland__3__renderzgalore.jpg","raw/aew-aew-adam-copeland__3__renderzgalore.png","error","HTTPError: 403 Client Error: Forbidden for url: https://www.deviantart.com/renderzgalore/art/Adam-Copeland-international-champion-render-1125652067"
"","PAC","aew-aew-pac","1","X-Pac Render","xharlott","65","wrong-wrestler-risk","https://www.deviantart.com/xharlott/art/X-Pac-Render-1291276925","previews/aew-aew-pac__1__xharlott.jpg","raw/aew-aew-pac__1__xharlott.png","error","HTTPError: 403 Client Error: Forbidden for url: https://www.deviantart.com/xharlott/art/X-Pac-Render-1291276925"
"","PAC","aew-aew-pac","2","WWE X-Pac Render 2024","yanrtbtn","65","wrong-wrestler-risk","https://www.deviantart.com/yanrtbtn/art/WWE-X-Pac-Render-2024-1078651219","previews/aew-aew-pac__2__yanrtbtn.jpg","raw/aew-aew-pac__2__yanrtbtn.png","error","HTTPError: 403 Client Error: Forbidden for url: https://www.deviantart.com/yanrtbtn/art/WWE-X-Pac-Render-2024-1078651219"
"","PAC","aew-aew-pac","3","WWF X-Pac render","vlysyuk","65","wrong-wrestler-risk","https://www.deviantart.com/vlysyuk/art/WWF-X-Pac-render-1175621950","previews/aew-aew-pac__3__vlysyuk.jpg","raw/aew-aew-pac__3__vlysyuk.png","error","HTTPError: 403 Client Error: Forbidden for url: https://www.deviantart.com/vlysyuk/art/WWF-X-Pac-render-1175621950"
"","Jey Uso","wwe-raw-jey-uso","1","Jey Uso Render!","cxpv1dz","65","","https://www.deviantart.com/cxpv1dz/art/Jey-Uso-Render-1276607496","previews/wwe-raw-jey-uso__1__cxpv1dz.jpg","raw/wwe-raw-jey-uso__1__cxpv1dz.png","error","HTTPError: 403 Client Error: Forbidden for url: https://www.deviantart.com/cxpv1dz/art/Jey-Uso-Render-1276607496"
"","Jey Uso","wwe-raw-jey-uso","2","Jey Uso WWE Render PNG","wwewomendaily","65","","https://www.deviantart.com/wwewomendaily/art/Jey-Uso-WWE-Render-PNG-1282485141","previews/wwe-raw-jey-uso__2__wwewomendaily.jpg","raw/wwe-raw-jey-uso__2__wwewomendaily.png","error","HTTPError: 403 Client Error: Forbidden for url: https://www.deviantart.com/wwewomendaily/art/Jey-Uso-WWE-Render-PNG-1282485141"
"","Jey Uso","wwe-raw-jey-uso","3","Jey Uso Render","xharlott","65","","https://www.deviantart.com/xharlott/art/Jey-Uso-Render-1285942431","previews/wwe-raw-jey-uso__3__xharlott.jpg","raw/wwe-raw-jey-uso__3__xharlott.png","error","HTTPError: 403 Client Error: Forbidden for url: https://www.deviantart.com/xharlott/art/Jey-Uso-Render-1285942431"
"","Kyle O'Reilly","aew-aew-kyle-o-reilly","1","Kyle OReilly Render/PNG 1","karmicraze","50","","https://www.deviantart.com/karmicraze/art/Kyle-OReilly-Render-PNG-1-916120426","previews/aew-aew-kyle-o-reilly__1__karmicraze.jpg","raw/aew-aew-kyle-o-reilly__1__karmicraze.png","error","HTTPError: 403 Client Error: Forbidden for url: https://www.deviantart.com/karmicraze/art/Kyle-OReilly-Render-PNG-1-916120426"
"","Kyle O'Reilly","aew-aew-kyle-o-reilly","2","KYLE OREILLY RENDER NXT","mrlivef","50","","https://www.deviantart.com/mrlivef/art/KYLE-OREILLY-RENDER-NXT-873306494","previews/aew-aew-kyle-o-reilly__2__mrlivef.jpg","raw/aew-aew-kyle-o-reilly__2__mrlivef.png","error","HTTPError: 403 Client Error: Forbidden for url: https://www.deviantart.com/mrlivef/art/KYLE-OREILLY-RENDER-NXT-873306494"
"","Kyle O'Reilly","aew-aew-kyle-o-reilly","3","Kyle OReilly 2012 render","xdivisionqueen","50","","https://www.deviantart.com/xdivisionqueen/art/Kyle-OReilly-2012-render-976842131","previews/aew-aew-kyle-o-reilly__3__xdivisionqueen.jpg","raw/aew-aew-kyle-o-reilly__3__xdivisionqueen.png","error","HTTPError: 403 Client Error: Forbidden for url: https://www.deviantart.com/xdivisionqueen/art/Kyle-OReilly-2012-render-976842131"
"","Samoa Joe","aew-aew-samoa-joe","1","Samoa Joe Render by yasuke4u","yasuke4u","65","","https://www.deviantart.com/yasuke4u/art/Samoa-Joe-Render-by-yasuke4u-1294106145","previews/aew-aew-samoa-joe__1__yasuke4u.jpg","raw/aew-aew-samoa-joe__1__yasuke4u.png","error","HTTPError: 403 Client Error: Forbidden for url: https://www.deviantart.com/yasuke4u/art/Samoa-Joe-Render-by-yasuke4u-1294106145"
"","Samoa Joe","aew-aew-samoa-joe","2","Samoa Joe '04 Render","xharlott","65","","https://www.deviantart.com/xharlott/art/Samoa-Joe-04-Render-1285939738","previews/aew-aew-samoa-joe__2__xharlott.jpg","raw/aew-aew-samoa-joe__2__xharlott.png","error","HTTPError: 403 Client Error: Forbidden for url: https://www.deviantart.com/xharlott/art/Samoa-Joe-04-Render-1285939738"
"","Samoa Joe","aew-aew-samoa-joe","3","Samoa Joe 2019 PNG Render","superajstylesnick","65","","https://www.deviantart.com/superajstylesnick/art/Samoa-Joe-2019-PNG-Render-928568929","previews/aew-aew-samoa-joe__3__superajstylesnick.jpg","raw/aew-aew-samoa-joe__3__superajstylesnick.png","error","HTTPError: 403 Client Error: Forbidden for url: https://www.deviantart.com/superajstylesnick/art/Samoa-Joe-2019-PNG-Render-928568929"
"","Logan Paul","wwe-raw-logan-paul","1","Logan Paul Render by yasuke4u","yasuke4u","65","","https://www.deviantart.com/yasuke4u/art/Logan-Paul-Render-by-yasuke4u-1319217947","previews/wwe-raw-logan-paul__1__yasuke4u.jpg","raw/wwe-raw-logan-paul__1__yasuke4u.png","error","HTTPError: 403 Client Error: Forbidden for url: https://www.deviantart.com/yasuke4u/art/Logan-Paul-Render-by-yasuke4u-1319217947"
"","Logan Paul","wwe-raw-logan-paul","2","Logan Paul '26 Render","xharlott","65","","https://www.deviantart.com/xharlott/art/Logan-Paul-26-Render-1290047062","previews/wwe-raw-logan-paul__2__xharlott.jpg","raw/wwe-raw-logan-paul__2__xharlott.png","error","HTTPError: 403 Client Error: Forbidden for url: https://www.deviantart.com/xharlott/art/Logan-Paul-26-Render-1290047062"
"","Logan Paul","wwe-raw-logan-paul","3","Logan Paul Apr '22 Render","xharlott","65","","https://www.deviantart.com/xharlott/art/Logan-Paul-Apr-22-Render-1301232574","previews/wwe-raw-logan-paul__3__xharlott.jpg","raw/wwe-raw-logan-paul__3__xharlott.png","error","HTTPError: 403 Client Error: Forbidden for url: https://www.deviantart.com/xharlott/art/Logan-Paul-Apr-22-Render-1301232574"
"","Roderick Strong","aew-aew-roderick-strong","1","Roderick Strong NXT Cruiserweight Champion Render","ambrose2k","65","belt-champion","https://www.deviantart.com/ambrose2k/art/Roderick-Strong-NXT-Cruiserweight-Champion-Render-912444519","previews/aew-aew-roderick-strong__1__ambrose2k.jpg","raw/aew-aew-roderick-strong__1__ambrose2k.png","error","HTTPError: 403 Client Error: Forbidden for url: https://www.deviantart.com/ambrose2k/art/Roderick-Strong-NXT-Cruiserweight-Champion-Render-912444519"
"","Roderick Strong","aew-aew-roderick-strong","2","Roderick Strong *OFFICIAL* NXT render 2020","babuguuscooties","65","","https://www.deviantart.com/babuguuscooties/art/Roderick-Strong-OFFICIAL-NXT-render-2020-844230207","previews/aew-aew-roderick-strong__2__babuguuscooties.jpg","raw/aew-aew-roderick-strong__2__babuguuscooties.png","error","HTTPError: 403 Client Error: Forbidden for url: https://www.deviantart.com/babuguuscooties/art/Roderick-Strong-OFFICIAL-NXT-render-2020-844230207"
"","Roderick Strong","aew-aew-roderick-strong","3","Roderick Strong Diamond Mine WWE NXT Render","ambrose2k","65","","https://www.deviantart.com/ambrose2k/art/Roderick-Strong-Diamond-Mine-WWE-NXT-Render-911980938","previews/aew-aew-roderick-strong__3__ambrose2k.jpg","raw/aew-aew-roderick-strong__3__ambrose2k.png","error","HTTPError: 403 Client Error: Forbidden for url: https://www.deviantart.com/ambrose2k/art/Roderick-Strong-Diamond-Mine-WWE-NXT-Render-911980938"
"","Bobby Lashley","aew-aew-bobby-lashley","1","Bobby Lashley WWE Render PNG","wwewomendaily","65","","https://www.deviantart.com/wwewomendaily/art/Bobby-Lashley-WWE-Render-PNG-1089037786","previews/aew-aew-bobby-lashley__1__wwewomendaily.jpg","raw/aew-aew-bobby-lashley__1__wwewomendaily.png","error","HTTPError: 403 Client Error: Forbidden for url: https://www.deviantart.com/wwewomendaily/art/Bobby-Lashley-WWE-Render-PNG-1089037786"
"","Bobby Lashley","aew-aew-bobby-lashley","2","Bobby Lashley WWE Render PNG","wwewomendaily","65","","https://www.deviantart.com/wwewomendaily/art/Bobby-Lashley-WWE-Render-PNG-955722767","previews/aew-aew-bobby-lashley__2__wwewomendaily.jpg","raw/aew-aew-bobby-lashley__2__wwewomendaily.png","error","HTTPError: 403 Client Error: Forbidden for url: https://www.deviantart.com/wwewomendaily/art/Bobby-Lashley-WWE-Render-PNG-955722767"
"","Bobby Lashley","aew-aew-bobby-lashley","3","WWE Bobby Lashley Render","ykprihodilo","65","","https://www.deviantart.com/ykprihodilo/art/WWE-Bobby-Lashley-Render-1072821180","previews/aew-aew-bobby-lashley__3__ykprihodilo.jpg","raw/aew-aew-bobby-lashley__3__ykprihodilo.png","error","HTTPError: 403 Client Error: Forbidden for url: https://www.deviantart.com/ykprihodilo/art/WWE-Bobby-Lashley-Render-1072821180"
"","Kevin Owens","wwe-smackdown-kevin-owens","1","Kevin Owens WWE Render 2025","ykprihodilo","65","","https://www.deviantart.com/ykprihodilo/art/Kevin-Owens-WWE-Render-2025-1269069856","previews/wwe-smackdown-kevin-owens__1__ykprihodilo.jpg","raw/wwe-smackdown-kevin-owens__1__ykprihodilo.png","error","HTTPError: 403 Client Error: Forbidden for url: https://www.deviantart.com/ykprihodilo/art/Kevin-Owens-WWE-Render-2025-1269069856"
"","Kevin Owens","wwe-smackdown-kevin-owens","2","WWE Kevin Owens render","vlysyuk","65","","https://www.deviantart.com/vlysyuk/art/WWE-Kevin-Owens-render-1335402542","previews/wwe-smackdown-kevin-owens__2__vlysyuk.jpg","raw/wwe-smackdown-kevin-owens__2__vlysyuk.png","error","HTTPError: 403 Client Error: Forbidden for url: https://www.deviantart.com/vlysyuk/art/WWE-Kevin-Owens-render-1335402542"
"","Kevin Owens","wwe-smackdown-kevin-owens","3","Kevin Owens WWE Render PNG","wwewomendaily","65","","https://www.deviantart.com/wwewomendaily/art/Kevin-Owens-WWE-Render-PNG-1171692966","previews/wwe-smackdown-kevin-owens__3__wwewomendaily.jpg","raw/wwe-smackdown-kevin-owens__3__wwewomendaily.png","error","HTTPError: 403 Client Error: Forbidden for url: https://www.deviantart.com/wwewomendaily/art/Kevin-Owens-WWE-Render-PNG-1171692966"
"","Mark Davis","aew-aew-mark-davis","1","MARK DAVIS AEW NATIONAL CHAMPION RENDER","kiddmoxxie","50","belt-champion","https://www.deviantart.com/kiddmoxxie/art/MARK-DAVIS-AEW-NATIONAL-CHAMPION-RENDER-1331718911","previews/aew-aew-mark-davis__1__kiddmoxxie.jpg","raw/aew-aew-mark-davis__1__kiddmoxxie.png","error","HTTPError: 403 Client Error: Forbidden for url: https://www.deviantart.com/kiddmoxxie/art/MARK-DAVIS-AEW-NATIONAL-CHAMPION-RENDER-1331718911"
"","Mark Davis","aew-aew-mark-davis","2","Mark Davis AEW Render PNG 2024","sierradzn","50","","https://www.deviantart.com/sierradzn/art/Mark-Davis-AEW-Render-PNG-2024-1017787022","previews/aew-aew-mark-davis__2__sierradzn.jpg","raw/aew-aew-mark-davis__2__sierradzn.png","error","HTTPError: 403 Client Error: Forbidden for url: https://www.deviantart.com/sierradzn/art/Mark-Davis-AEW-Render-PNG-2024-1017787022"
"","Mark Davis","aew-aew-mark-davis","3","MARK DAVIS AEW TRIOS CHAMPION","kiddmoxxie","30","belt-champion;team-tag","https://www.deviantart.com/kiddmoxxie/art/MARK-DAVIS-AEW-TRIOS-CHAMPION-1308049504","previews/aew-aew-mark-davis__3__kiddmoxxie.jpg","raw/aew-aew-mark-davis__3__kiddmoxxie.png","error","HTTPError: 403 Client Error: Forbidden for url: https://www.deviantart.com/kiddmoxxie/art/MARK-DAVIS-AEW-TRIOS-CHAMPION-1308049504"
"","LA Knight","wwe-raw-la-knight","1","La Knight Casual Render","tdg129","65","","https://www.deviantart.com/tdg129/art/La-Knight-Casual-Render-1336216641","previews/wwe-raw-la-knight__1__tdg129.jpg","raw/wwe-raw-la-knight__1__tdg129.png","error","HTTPError: 403 Client Error: Forbidden for url: https://www.deviantart.com/tdg129/art/La-Knight-Casual-Render-1336216641"
"","LA Knight","wwe-raw-la-knight","2","LA Knight Render by yasuke4u","yasuke4u","65","","https://www.deviantart.com/yasuke4u/art/LA-Knight-Render-by-yasuke4u-1319217804","previews/wwe-raw-la-knight__2__yasuke4u.jpg","raw/wwe-raw-la-knight__2__yasuke4u.png","error","HTTPError: 403 Client Error: Forbidden for url: https://www.deviantart.com/yasuke4u/art/LA-Knight-Render-by-yasuke4u-1319217804"
"","LA Knight","wwe-raw-la-knight","3","LA Knight WWE Render PNG","wwewomendaily","65","","https://www.deviantart.com/wwewomendaily/art/LA-Knight-WWE-Render-PNG-1302342797","previews/wwe-raw-la-knight__3__wwewomendaily.jpg","raw/wwe-raw-la-knight__3__wwewomendaily.png","error","HTTPError: 403 Client Error: Forbidden for url: https://www.deviantart.com/wwewomendaily/art/LA-Knight-WWE-Render-PNG-1302342797"
"","Sami Zayn","wwe-smackdown-sami-zayn","1","Sami Zayn '26 Render V2","xharlott","65","","https://www.deviantart.com/xharlott/art/Sami-Zayn-26-Render-V2-1309669604","previews/wwe-smackdown-sami-zayn__1__xharlott.jpg","raw/wwe-smackdown-sami-zayn__1__xharlott.png","error","HTTPError: 403 Client Error: Forbidden for url: https://www.deviantart.com/xharlott/art/Sami-Zayn-26-Render-V2-1309669604"
"","Sami Zayn","wwe-smackdown-sami-zayn","2","Sami Zayn WWE Render 2024-2025","ykprihodilo","65","","https://www.deviantart.com/ykprihodilo/art/Sami-Zayn-WWE-Render-2024-2025-1250560650","previews/wwe-smackdown-sami-zayn__2__ykprihodilo.jpg","raw/wwe-smackdown-sami-zayn__2__ykprihodilo.png","error","HTTPError: 403 Client Error: Forbidden for url: https://www.deviantart.com/ykprihodilo/art/Sami-Zayn-WWE-Render-2024-2025-1250560650"
"","Sami Zayn","wwe-smackdown-sami-zayn","3","Sami Zayn WWE Render PNG","wwewomendaily","65","","https://www.deviantart.com/wwewomendaily/art/Sami-Zayn-WWE-Render-PNG-1283742600","previews/wwe-smackdown-sami-zayn__3__wwewomendaily.jpg","raw/wwe-smackdown-sami-zayn__3__wwewomendaily.png","error","HTTPError: 403 Client Error: Forbidden for url: https://www.deviantart.com/wwewomendaily/art/Sami-Zayn-WWE-Render-PNG-1283742600"
"","Giulia","wwe-smackdown-giulia","1","Giulia Render by yasuke4u","yasuke4u","65","","https://www.deviantart.com/yasuke4u/art/Giulia-Render-by-yasuke4u-1318937278","previews/wwe-smackdown-giulia__1__yasuke4u.jpg","raw/wwe-smackdown-giulia__1__yasuke4u.png","error","HTTPError: 403 Client Error: Forbidden for url: https://www.deviantart.com/yasuke4u/art/Giulia-Render-by-yasuke4u-1318937278"
"","Giulia","wwe-smackdown-giulia","2","Giulia Render by yasuke4u","yasuke4u","65","","https://www.deviantart.com/yasuke4u/art/Giulia-Render-by-yasuke4u-1317811331","previews/wwe-smackdown-giulia__2__yasuke4u.jpg","raw/wwe-smackdown-giulia__2__yasuke4u.png","error","HTTPError: 403 Client Error: Forbidden for url: https://www.deviantart.com/yasuke4u/art/Giulia-Render-by-yasuke4u-1317811331"
"","Giulia","wwe-smackdown-giulia","3","Giulia '26 Render","xharlott","65","","https://www.deviantart.com/xharlott/art/Giulia-26-Render-1295489414","previews/wwe-smackdown-giulia__3__xharlott.jpg","raw/wwe-smackdown-giulia__3__xharlott.png","error","HTTPError: 403 Client Error: Forbidden for url: https://www.deviantart.com/xharlott/art/Giulia-26-Render-1295489414"
"","Nattie","wwe-raw-nattie","1","Nattie Render by yasuke4u","yasuke4u","65","","https://www.deviantart.com/yasuke4u/art/Nattie-Render-by-yasuke4u-1300628953","previews/wwe-raw-nattie__1__yasuke4u.jpg","raw/wwe-raw-nattie__1__yasuke4u.png","error","HTTPError: 403 Client Error: Forbidden for url: https://www.deviantart.com/yasuke4u/art/Nattie-Render-by-yasuke4u-1300628953"
"","Nattie","wwe-raw-nattie","2","Nattie Render by yasuke4u","yasuke4u","65","","https://www.deviantart.com/yasuke4u/art/Nattie-Render-by-yasuke4u-1317843839","previews/wwe-raw-nattie__2__yasuke4u.jpg","raw/wwe-raw-nattie__2__yasuke4u.png","error","HTTPError: 403 Client Error: Forbidden for url: https://www.deviantart.com/yasuke4u/art/Nattie-Render-by-yasuke4u-1317843839"
"","Nattie","wwe-raw-nattie","3","WWE Nattie PNG Render 2026","yanrtbtn","65","","https://www.deviantart.com/yanrtbtn/art/WWE-Nattie-PNG-Render-2026-1298585977","previews/wwe-raw-nattie__3__yanrtbtn.jpg","raw/wwe-raw-nattie__3__yanrtbtn.png","error","HTTPError: 403 Client Error: Forbidden for url: https://www.deviantart.com/yanrtbtn/art/WWE-Nattie-PNG-Render-2026-1298585977"
"","Raquel Rodriguez","wwe-raw-raquel-rodriguez","1","Raquel Rodriguez Render by yasuke4u","yasuke4u","65","","https://www.deviantart.com/yasuke4u/art/Raquel-Rodriguez-Render-by-yasuke4u-1307030648","previews/wwe-raw-raquel-rodriguez__1__yasuke4u.jpg","raw/wwe-raw-raquel-rodriguez__1__yasuke4u.png","error","HTTPError: 403 Client Error: Forbidden for url: https://www.deviantart.com/yasuke4u/art/Raquel-Rodriguez-Render-by-yasuke4u-1307030648"
"","Raquel Rodriguez","wwe-raw-raquel-rodriguez","2","WWE Raquel Rodriguez 2025 render","vlysyuk","65","","https://www.deviantart.com/vlysyuk/art/WWE-Raquel-Rodriguez-2025-render-1225068659","previews/wwe-raw-raquel-rodriguez__2__vlysyuk.jpg","raw/wwe-raw-raquel-rodriguez__2__vlysyuk.png","error","HTTPError: 403 Client Error: Forbidden for url: https://www.deviantart.com/vlysyuk/art/WWE-Raquel-Rodriguez-2025-render-1225068659"
"","Raquel Rodriguez","wwe-raw-raquel-rodriguez","3","Raquel Rodriguez Render by yasuke4u","yasuke4u","65","","https://www.deviantart.com/yasuke4u/art/Raquel-Rodriguez-Render-by-yasuke4u-1318937261","previews/wwe-raw-raquel-rodriguez__3__yasuke4u.jpg","raw/wwe-raw-raquel-rodriguez__3__yasuke4u.png","error","HTTPError: 403 Client Error: Forbidden for url: https://www.deviantart.com/yasuke4u/art/Raquel-Rodriguez-Render-by-yasuke4u-1318937261"
"","Damian Priest","wwe-smackdown-damian-priest","1","Damian Priest Render by yasuke4u","yasuke4u","65","","https://www.deviantart.com/yasuke4u/art/Damian-Priest-Render-by-yasuke4u-1319217766","previews/wwe-smackdown-damian-priest__1__yasuke4u.jpg","raw/wwe-smackdown-damian-priest__1__yasuke4u.png","error","HTTPError: 403 Client Error: Forbidden for url: https://www.deviantart.com/yasuke4u/art/Damian-Priest-Render-by-yasuke4u-1319217766"
"","Damian Priest","wwe-smackdown-damian-priest","2","WWE Damian Priest 2026 render","vlysyuk","65","","https://www.deviantart.com/vlysyuk/art/WWE-Damian-Priest-2026-render-1320477080","previews/wwe-smackdown-damian-priest__2__vlysyuk.jpg","raw/wwe-smackdown-damian-priest__2__vlysyuk.png","error","HTTPError: 403 Client Error: Forbidden for url: https://www.deviantart.com/vlysyuk/art/WWE-Damian-Priest-2026-render-1320477080"
"","Damian Priest","wwe-smackdown-damian-priest","3","Damian Priest WWE Render PNG","wwewomendaily","65","","https://www.deviantart.com/wwewomendaily/art/Damian-Priest-WWE-Render-PNG-1097560620","previews/wwe-smackdown-damian-priest__3__wwewomendaily.jpg","raw/wwe-smackdown-damian-priest__3__wwewomendaily.png","error","HTTPError: 403 Client Error: Forbidden for url: https://www.deviantart.com/wwewomendaily/art/Damian-Priest-WWE-Render-PNG-1097560620"
"","Sheamus","wwe-raw-sheamus","1","Sheamus WWE Render PNG","wwewomendaily","65","","https://www.deviantart.com/wwewomendaily/art/Sheamus-WWE-Render-PNG-1280489915","previews/wwe-raw-sheamus__1__wwewomendaily.jpg","raw/wwe-raw-sheamus__1__wwewomendaily.png","error","HTTPError: 403 Client Error: Forbidden for url: https://www.deviantart.com/wwewomendaily/art/Sheamus-WWE-Render-PNG-1280489915"
"","Sheamus","wwe-raw-sheamus","2","Sheamus WWE Render PNG","wwewomendaily","65","","https://www.deviantart.com/wwewomendaily/art/Sheamus-WWE-Render-PNG-1302343307","previews/wwe-raw-sheamus__2__wwewomendaily.jpg","raw/wwe-raw-sheamus__2__wwewomendaily.png","error","HTTPError: 403 Client Error: Forbidden for url: https://www.deviantart.com/wwewomendaily/art/Sheamus-WWE-Render-PNG-1302343307"
"","Sheamus","wwe-raw-sheamus","3","Sheamus WWE Render PNG","wwewomendaily","65","","https://www.deviantart.com/wwewomendaily/art/Sheamus-WWE-Render-PNG-1235108180","previews/wwe-raw-sheamus__3__wwewomendaily.jpg","raw/wwe-raw-sheamus__3__wwewomendaily.png","error","HTTPError: 403 Client Error: Forbidden for url: https://www.deviantart.com/wwewomendaily/art/Sheamus-WWE-Render-PNG-1235108180"
"","Finn Bálor","wwe-raw-finn-b-lor","1","Finn Balor Render by yasuke4u","yasuke4u","65","","https://www.deviantart.com/yasuke4u/art/Finn-Balor-Render-by-yasuke4u-1319217857","previews/wwe-raw-finn-b-lor__1__yasuke4u.jpg","raw/wwe-raw-finn-b-lor__1__yasuke4u.png","error","HTTPError: 403 Client Error: Forbidden for url: https://www.deviantart.com/yasuke4u/art/Finn-Balor-Render-by-yasuke4u-1319217857"
"","Finn Bálor","wwe-raw-finn-b-lor","2","Finn Balor Renders","gamechanger2000","65","","https://www.deviantart.com/gamechanger2000/art/Finn-Balor-Renders-1274466037","previews/wwe-raw-finn-b-lor__2__gamechanger2000.jpg","raw/wwe-raw-finn-b-lor__2__gamechanger2000.png","error","HTTPError: 403 Client Error: Forbidden for url: https://www.deviantart.com/gamechanger2000/art/Finn-Balor-Renders-1274466037"
"","Finn Bálor","wwe-raw-finn-b-lor","3","Finn Balor WWE Render PNG","wwewomendaily","65","","https://www.deviantart.com/wwewomendaily/art/Finn-Balor-WWE-Render-PNG-1220130456","previews/wwe-raw-finn-b-lor__3__wwewomendaily.jpg","raw/wwe-raw-finn-b-lor__3__wwewomendaily.png","error","HTTPError: 403 Client Error: Forbidden for url: https://www.deviantart.com/wwewomendaily/art/Finn-Balor-WWE-Render-PNG-1220130456"
"","Dominik Mysterio","wwe-raw-dominik-mysterio","1","Dominik Mysterio WWE Render PNG","wwewomendaily","65","","https://www.deviantart.com/wwewomendaily/art/Dominik-Mysterio-WWE-Render-PNG-974110694","previews/wwe-raw-dominik-mysterio__1__wwewomendaily.jpg","raw/wwe-raw-dominik-mysterio__1__wwewomendaily.png","error","HTTPError: 403 Client Error: Forbidden for url: https://www.deviantart.com/wwewomendaily/art/Dominik-Mysterio-WWE-Render-PNG-974110694"
"","Dominik Mysterio","wwe-raw-dominik-mysterio","2","Dominik Mysterio '25 Render","xharlott","65","","https://www.deviantart.com/xharlott/art/Dominik-Mysterio-25-Render-1289334361","previews/wwe-raw-dominik-mysterio__2__xharlott.jpg","raw/wwe-raw-dominik-mysterio__2__xharlott.png","error","HTTPError: 403 Client Error: Forbidden for url: https://www.deviantart.com/xharlott/art/Dominik-Mysterio-25-Render-1289334361"
"","Dominik Mysterio","wwe-raw-dominik-mysterio","3","Dominik Mysterio Render by yasuke4u","yasuke4u","65","","https://www.deviantart.com/yasuke4u/art/Dominik-Mysterio-Render-by-yasuke4u-1319217776","previews/wwe-raw-dominik-mysterio__3__yasuke4u.jpg","raw/wwe-raw-dominik-mysterio__3__yasuke4u.png","error","HTTPError: 403 Client Error: Forbidden for url: https://www.deviantart.com/yasuke4u/art/Dominik-Mysterio-Render-by-yasuke4u-1319217776"
"","Lena Kross","aew-aew-lena-kross","1","Lena Kross Render by yasuke4u","yasuke4u","65","","https://www.deviantart.com/yasuke4u/art/Lena-Kross-Render-by-yasuke4u-1313984458","previews/aew-aew-lena-kross__1__yasuke4u.jpg","raw/aew-aew-lena-kross__1__yasuke4u.png","error","HTTPError: 403 Client Error: Forbidden for url: https://www.deviantart.com/yasuke4u/art/Lena-Kross-Render-by-yasuke4u-1313984458"
"","Lena Kross","aew-aew-lena-kross","2","Lena Kross AEW Render 2026","elitejoshiarchive","50","","https://www.deviantart.com/elitejoshiarchive/art/Lena-Kross-AEW-Render-2026-1332698399","previews/aew-aew-lena-kross__2__elitejoshiarchive.jpg","raw/aew-aew-lena-kross__2__elitejoshiarchive.png","error","HTTPError: 403 Client Error: Forbidden for url: https://www.deviantart.com/elitejoshiarchive/art/Lena-Kross-AEW-Render-2026-1332698399"
"","Lena Kross","aew-aew-lena-kross","3","Lena Kross AEW 2026 Render","ihammertg","50","","https://www.deviantart.com/ihammertg/art/Lena-Kross-AEW-2026-Render-1299033802","previews/aew-aew-lena-kross__3__ihammertg.jpg","raw/aew-aew-lena-kross__3__ihammertg.png","error","HTTPError: 403 Client Error: Forbidden for url: https://www.deviantart.com/ihammertg/art/Lena-Kross-AEW-2026-Render-1299033802"
"","Alexa Bliss","wwe-smackdown-alexa-bliss","1","Alexa Bliss 2016-2017 SmackDown Render","line2j","65","","https://www.deviantart.com/line2j/art/Alexa-Bliss-2016-2017-SmackDown-Render-1282350655","previews/wwe-smackdown-alexa-bliss__1__line2j.jpg","raw/wwe-smackdown-alexa-bliss__1__line2j.png","error","HTTPError: 403 Client Error: Forbidden for url: https://www.deviantart.com/line2j/art/Alexa-Bliss-2016-2017-SmackDown-Render-1282350655"
"","Alexa Bliss","wwe-smackdown-alexa-bliss","2","Alexa Bliss Render by yasuke4u","yasuke4u","65","","https://www.deviantart.com/yasuke4u/art/Alexa-Bliss-Render-by-yasuke4u-1319364023","previews/wwe-smackdown-alexa-bliss__2__yasuke4u.jpg","raw/wwe-smackdown-alexa-bliss__2__yasuke4u.png","error","HTTPError: 403 Client Error: Forbidden for url: https://www.deviantart.com/yasuke4u/art/Alexa-Bliss-Render-by-yasuke4u-1319364023"
"","Alexa Bliss","wwe-smackdown-alexa-bliss","3","Alexa Bliss WM42 Render","xharlott","65","","https://www.deviantart.com/xharlott/art/Alexa-Bliss-WM42-Render-1324583083","previews/wwe-smackdown-alexa-bliss__3__xharlott.jpg","raw/wwe-smackdown-alexa-bliss__3__xharlott.png","error","HTTPError: 403 Client Error: Forbidden for url: https://www.deviantart.com/xharlott/art/Alexa-Bliss-WM42-Render-1324583083"
"","Jimmy Uso","wwe-raw-jimmy-uso","1","Jimmy Uso Render","tdg129","65","","https://www.deviantart.com/tdg129/art/Jimmy-Uso-Render-1332941052","previews/wwe-raw-jimmy-uso__1__tdg129.jpg","raw/wwe-raw-jimmy-uso__1__tdg129.png","error","HTTPError: 403 Client Error: Forbidden for url: https://www.deviantart.com/tdg129/art/Jimmy-Uso-Render-1332941052"
"","Jimmy Uso","wwe-raw-jimmy-uso","2","Jimmy Uso '26 Render","xharlott","65","","https://www.deviantart.com/xharlott/art/Jimmy-Uso-26-Render-1332805070","previews/wwe-raw-jimmy-uso__2__xharlott.jpg","raw/wwe-raw-jimmy-uso__2__xharlott.png","error","HTTPError: 403 Client Error: Forbidden for url: https://www.deviantart.com/xharlott/art/Jimmy-Uso-26-Render-1332805070"
"","Jimmy Uso","wwe-raw-jimmy-uso","3","Jimmy Uso Render","xharlott","65","","https://www.deviantart.com/xharlott/art/Jimmy-Uso-Render-1285942293","previews/wwe-raw-jimmy-uso__3__xharlott.jpg","raw/wwe-raw-jimmy-uso__3__xharlott.png","error","HTTPError: 403 Client Error: Forbidden for url: https://www.deviantart.com/xharlott/art/Jimmy-Uso-Render-1285942293"
"","Shinsuke Nakamura","wwe-smackdown-shinsuke-nakamura","1","Shinsuke Nakamura '25 Render","xharlott","65","","https://www.deviantart.com/xharlott/art/Shinsuke-Nakamura-25-Render-1286229083","previews/wwe-smackdown-shinsuke-nakamura__1__xharlott.jpg","raw/wwe-smackdown-shinsuke-nakamura__1__xharlott.png","error","HTTPError: 403 Client Error: Forbidden for url: https://www.deviantart.com/xharlott/art/Shinsuke-Nakamura-25-Render-1286229083"
"","Shinsuke Nakamura","wwe-smackdown-shinsuke-nakamura","2","Shinsuke Nakamura '14 Render","xharlott","65","","https://www.deviantart.com/xharlott/art/Shinsuke-Nakamura-14-Render-1292724395","previews/wwe-smackdown-shinsuke-nakamura__2__xharlott.jpg","raw/wwe-smackdown-shinsuke-nakamura__2__xharlott.png","error","HTTPError: 403 Client Error: Forbidden for url: https://www.deviantart.com/xharlott/art/Shinsuke-Nakamura-14-Render-1292724395"
"","Shinsuke Nakamura","wwe-smackdown-shinsuke-nakamura","3","Shinsuke Nakamura 'CUSTOM' US Champion Render","methio22","65","belt-champion","https://www.deviantart.com/methio22/art/Shinsuke-Nakamura-CUSTOM-US-Champion-Render-1126667699","previews/wwe-smackdown-shinsuke-nakamura__3__methio22.jpg","raw/wwe-smackdown-shinsuke-nakamura__3__methio22.png","error","HTTPError: 403 Client Error: Forbidden for url: https://www.deviantart.com/methio22/art/Shinsuke-Nakamura-CUSTOM-US-Champion-Render-1126667699"
"","Chelsea Green","wwe-smackdown-chelsea-green","1","Custom Chelsea Green WWE Render PNG","wwewomendaily","65","","https://www.deviantart.com/wwewomendaily/art/Custom-Chelsea-Green-WWE-Render-PNG-1239165310","previews/wwe-smackdown-chelsea-green__1__wwewomendaily.jpg","raw/wwe-smackdown-chelsea-green__1__wwewomendaily.png","error","HTTPError: 403 Client Error: Forbidden for url: https://www.deviantart.com/wwewomendaily/art/Custom-Chelsea-Green-WWE-Render-PNG-1239165310"
"","Chelsea Green","wwe-smackdown-chelsea-green","2","Chelsea Green Render by yasuke4u","yasuke4u","65","","https://www.deviantart.com/yasuke4u/art/Chelsea-Green-Render-by-yasuke4u-1318937356","previews/wwe-smackdown-chelsea-green__2__yasuke4u.jpg","raw/wwe-smackdown-chelsea-green__2__yasuke4u.png","error","HTTPError: 403 Client Error: Forbidden for url: https://www.deviantart.com/yasuke4u/art/Chelsea-Green-Render-by-yasuke4u-1318937356"
"","Chelsea Green","wwe-smackdown-chelsea-green","3","Chelsea Green WWE Render PNG","wwewomendaily","65","","https://www.deviantart.com/wwewomendaily/art/Chelsea-Green-WWE-Render-PNG-1010225226","previews/wwe-smackdown-chelsea-green__3__wwewomendaily.jpg","raw/wwe-smackdown-chelsea-green__3__wwewomendaily.png","error","HTTPError: 403 Client Error: Forbidden for url: https://www.deviantart.com/wwewomendaily/art/Chelsea-Green-WWE-Render-PNG-1010225226"
"","Ilja Dragunov","wwe-smackdown-ilja-dragunov","1","WWE NXT UK Ilja Dragunov render","vlysyuk","65","","https://www.deviantart.com/vlysyuk/art/WWE-NXT-UK-Ilja-Dragunov-render-1336048015","previews/wwe-smackdown-ilja-dragunov__1__vlysyuk.jpg","raw/wwe-smackdown-ilja-dragunov__1__vlysyuk.png","error","HTTPError: 403 Client Error: Forbidden for url: https://www.deviantart.com/vlysyuk/art/WWE-NXT-UK-Ilja-Dragunov-render-1336048015"
"","Ilja Dragunov","wwe-smackdown-ilja-dragunov","2","Ilja Dragunov Ic Champion Render","tdg129","65","belt-champion","https://www.deviantart.com/tdg129/art/Ilja-Dragunov-Ic-Champion-Render-1329846984","previews/wwe-smackdown-ilja-dragunov__2__tdg129.jpg","raw/wwe-smackdown-ilja-dragunov__2__tdg129.png","error","HTTPError: 403 Client Error: Forbidden for url: https://www.deviantart.com/tdg129/art/Ilja-Dragunov-Ic-Champion-Render-1329846984"
"","Ilja Dragunov","wwe-smackdown-ilja-dragunov","3","Ilja Dragunov WWE Render PNG","wwewomendaily","65","","https://www.deviantart.com/wwewomendaily/art/Ilja-Dragunov-WWE-Render-PNG-1310093480","previews/wwe-smackdown-ilja-dragunov__3__wwewomendaily.jpg","raw/wwe-smackdown-ilja-dragunov__3__wwewomendaily.png","error","HTTPError: 403 Client Error: Forbidden for url: https://www.deviantart.com/wwewomendaily/art/Ilja-Dragunov-WWE-Render-PNG-1310093480"
"","Roxanne Perez","wwe-raw-roxanne-perez","1","Roxanne Perez Render by yasuke4u","yasuke4u","65","","https://www.deviantart.com/yasuke4u/art/Roxanne-Perez-Render-by-yasuke4u-1309667388","previews/wwe-raw-roxanne-perez__1__yasuke4u.jpg","raw/wwe-raw-roxanne-perez__1__yasuke4u.png","error","HTTPError: 403 Client Error: Forbidden for url: https://www.deviantart.com/yasuke4u/art/Roxanne-Perez-Render-by-yasuke4u-1309667388"
"","Roxanne Perez","wwe-raw-roxanne-perez","2","Roxanne Perez Render by yasuke4u","yasuke4u","65","","https://www.deviantart.com/yasuke4u/art/Roxanne-Perez-Render-by-yasuke4u-1318413779","previews/wwe-raw-roxanne-perez__2__yasuke4u.jpg","raw/wwe-raw-roxanne-perez__2__yasuke4u.png","error","HTTPError: 403 Client Error: Forbidden for url: https://www.deviantart.com/yasuke4u/art/Roxanne-Perez-Render-by-yasuke4u-1318413779"
"","Roxanne Perez","wwe-raw-roxanne-perez","3","Roxanne Perez '26 Render","xharlott","65","","https://www.deviantart.com/xharlott/art/Roxanne-Perez-26-Render-1291248550","previews/wwe-raw-roxanne-perez__3__xharlott.jpg","raw/wwe-raw-roxanne-perez__3__xharlott.png","error","HTTPError: 403 Client Error: Forbidden for url: https://www.deviantart.com/xharlott/art/Roxanne-Perez-26-Render-1291248550"
"","Trick Williams","wwe-smackdown-trick-williams","1","Trick Williams Render by yasuke4u","yasuke4u","65","","https://www.deviantart.com/yasuke4u/art/Trick-Williams-Render-by-yasuke4u-1319217811","previews/wwe-smackdown-trick-williams__1__yasuke4u.jpg","raw/wwe-smackdown-trick-williams__1__yasuke4u.png","error","HTTPError: 403 Client Error: Forbidden for url: https://www.deviantart.com/yasuke4u/art/Trick-Williams-Render-by-yasuke4u-1319217811"
"","Trick Williams","wwe-smackdown-trick-williams","2","Trick Williams '26 Render","xharlott","65","","https://www.deviantart.com/xharlott/art/Trick-Williams-26-Render-1308301368","previews/wwe-smackdown-trick-williams__2__xharlott.jpg","raw/wwe-smackdown-trick-williams__2__xharlott.png","error","HTTPError: 403 Client Error: Forbidden for url: https://www.deviantart.com/xharlott/art/Trick-Williams-26-Render-1308301368"
"","Trick Williams","wwe-smackdown-trick-williams","3","WWE Trick Williams 2026 render","vlysyuk","65","","https://www.deviantart.com/vlysyuk/art/WWE-Trick-Williams-2026-render-1327369549","previews/wwe-smackdown-trick-williams__3__vlysyuk.jpg","raw/wwe-smackdown-trick-williams__3__vlysyuk.png","error","HTTPError: 403 Client Error: Forbidden for url: https://www.deviantart.com/vlysyuk/art/WWE-Trick-Williams-2026-render-1327369549"
"","Mark Briscoe","aew-aew-mark-briscoe","1","AEW Mark Briscoe render","vlysyuk","65","","https://www.deviantart.com/vlysyuk/art/AEW-Mark-Briscoe-render-1172955525","previews/aew-aew-mark-briscoe__1__vlysyuk.jpg","raw/aew-aew-mark-briscoe__1__vlysyuk.png","error","HTTPError: 403 Client Error: Forbidden for url: https://www.deviantart.com/vlysyuk/art/AEW-Mark-Briscoe-render-1172955525"
"","Mark Briscoe","aew-aew-mark-briscoe","2","WWE 2K RENDER - MARK BRISCOE","xlone2k","50","","https://www.deviantart.com/xlone2k/art/WWE-2K-RENDER-MARK-BRISCOE-1294512274","previews/aew-aew-mark-briscoe__2__xlone2k.jpg","raw/aew-aew-mark-briscoe__2__xlone2k.png","error","HTTPError: 403 Client Error: Forbidden for url: https://www.deviantart.com/xlone2k/art/WWE-2K-RENDER-MARK-BRISCOE-1294512274"
"","Mark Briscoe","aew-aew-mark-briscoe","3","Mark Briscoe *OFFICIAL* AEW Render 2025","wrestlerender","50","","https://www.deviantart.com/wrestlerender/art/Mark-Briscoe-OFFICIAL-AEW-Render-2025-1181854703","previews/aew-aew-mark-briscoe__3__wrestlerender.jpg","raw/aew-aew-mark-briscoe__3__wrestlerender.png","error","HTTPError: 403 Client Error: Forbidden for url: https://www.deviantart.com/wrestlerender/art/Mark-Briscoe-OFFICIAL-AEW-Render-2025-1181854703"
"","Tommaso Ciampa","aew-aew-tommaso-ciampa","1","AEW Tommaso Ciampa Renders","gamechanger2000","65","","https://www.deviantart.com/gamechanger2000/art/AEW-Tommaso-Ciampa-Renders-1328873259","previews/aew-aew-tommaso-ciampa__1__gamechanger2000.jpg","raw/aew-aew-tommaso-ciampa__1__gamechanger2000.png","error","HTTPError: 403 Client Error: Forbidden for url: https://www.deviantart.com/gamechanger2000/art/AEW-Tommaso-Ciampa-Renders-1328873259"
"","Tommaso Ciampa","aew-aew-tommaso-ciampa","2","WWE Tommaso Ciampa render 2024","vlysyuk","65","","https://www.deviantart.com/vlysyuk/art/WWE-Tommaso-Ciampa-render-2024-1074483696","previews/aew-aew-tommaso-ciampa__2__vlysyuk.jpg","raw/aew-aew-tommaso-ciampa__2__vlysyuk.png","error","HTTPError: 403 Client Error: Forbidden for url: https://www.deviantart.com/vlysyuk/art/WWE-Tommaso-Ciampa-render-2024-1074483696"
"","Tommaso Ciampa","aew-aew-tommaso-ciampa","3","Tommaso Ciampa WWE Render PNG","wwewomendaily","65","","https://www.deviantart.com/wwewomendaily/art/Tommaso-Ciampa-WWE-Render-PNG-931956891","previews/aew-aew-tommaso-ciampa__3__wwewomendaily.jpg","raw/aew-aew-tommaso-ciampa__3__wwewomendaily.png","error","HTTPError: 403 Client Error: Forbidden for url: https://www.deviantart.com/wwewomendaily/art/Tommaso-Ciampa-WWE-Render-PNG-931956891"
"","Christian Cage","aew-aew-christian-cage","1","AEW Christian Cage render","vlysyuk","65","","https://www.deviantart.com/vlysyuk/art/AEW-Christian-Cage-render-1092321235","previews/aew-aew-christian-cage__1__vlysyuk.jpg","raw/aew-aew-christian-cage__1__vlysyuk.png","error","HTTPError: 403 Client Error: Forbidden for url: https://www.deviantart.com/vlysyuk/art/AEW-Christian-Cage-render-1092321235"
"","Christian Cage","aew-aew-christian-cage","2","AEW Christian Cage Render PNG 2025","probabiyhunter","50","","https://www.deviantart.com/probabiyhunter/art/AEW-Christian-Cage-Render-PNG-2025-1211074848","previews/aew-aew-christian-cage__2__probabiyhunter.jpg","raw/aew-aew-christian-cage__2__probabiyhunter.png","error","HTTPError: 403 Client Error: Forbidden for url: https://www.deviantart.com/probabiyhunter/art/AEW-Christian-Cage-Render-PNG-2025-1211074848"
"","Christian Cage","aew-aew-christian-cage","3","Christian Cage Render","soulridergfx","50","","https://www.deviantart.com/soulridergfx/art/Christian-Cage-Render-1030821768","previews/aew-aew-christian-cage__3__soulridergfx.jpg","raw/aew-aew-christian-cage__3__soulridergfx.png","error","HTTPError: 403 Client Error: Forbidden for url: https://www.deviantart.com/soulridergfx/art/Christian-Cage-Render-1030821768"
"","El Grande Americano","wwe-raw-el-grande-americano","1","El Grande Americano Render by yasuke4u","yasuke4u","65","","https://www.deviantart.com/yasuke4u/art/El-Grande-Americano-Render-by-yasuke4u-1319217895","previews/wwe-raw-el-grande-americano__1__yasuke4u.jpg","raw/wwe-raw-el-grande-americano__1__yasuke4u.png","error","HTTPError: 403 Client Error: Forbidden for url: https://www.deviantart.com/yasuke4u/art/El-Grande-Americano-Render-by-yasuke4u-1319217895"
"","El Grande Americano","wwe-raw-el-grande-americano","2","Original El Grande Americano Render by yasuke4u","yasuke4u","65","","https://www.deviantart.com/yasuke4u/art/Original-El-Grande-Americano-Render-by-yasuke4u-1319217910","previews/wwe-raw-el-grande-americano__2__yasuke4u.jpg","raw/wwe-raw-el-grande-americano__2__yasuke4u.png","error","HTTPError: 403 Client Error: Forbidden for url: https://www.deviantart.com/yasuke4u/art/Original-El-Grande-Americano-Render-by-yasuke4u-1319217910"
"","El Grande Americano","wwe-raw-el-grande-americano","3","WWE Original El Grande Americano 2026 render","vlysyuk","65","","https://www.deviantart.com/vlysyuk/art/WWE-Original-El-Grande-Americano-2026-render-1313112757","previews/wwe-raw-el-grande-americano__3__vlysyuk.jpg","raw/wwe-raw-el-grande-americano__3__vlysyuk.png","error","HTTPError: 403 Client Error: Forbidden for url: https://www.deviantart.com/vlysyuk/art/WWE-Original-El-Grande-Americano-2026-render-1313112757"
"","Matt Jackson","aew-aew-matt-jackson","1","WWE 2K RENDER - MATT JACKSON","xlone2k","50","","https://www.deviantart.com/xlone2k/art/WWE-2K-RENDER-MATT-JACKSON-1291701559","previews/aew-aew-matt-jackson__1__xlone2k.jpg","raw/aew-aew-matt-jackson__1__xlone2k.png","error","HTTPError: 403 Client Error: Forbidden for url: https://www.deviantart.com/xlone2k/art/WWE-2K-RENDER-MATT-JACKSON-1291701559"
"","Matt Jackson","aew-aew-matt-jackson","2","WWE 2K RENDER - MATT JACKSON","xlone2k","50","","https://www.deviantart.com/xlone2k/art/WWE-2K-RENDER-MATT-JACKSON-1291701652","previews/aew-aew-matt-jackson__2__xlone2k.jpg","raw/aew-aew-matt-jackson__2__xlone2k.png","error","HTTPError: 403 Client Error: Forbidden for url: https://www.deviantart.com/xlone2k/art/WWE-2K-RENDER-MATT-JACKSON-1291701652"
"","Matt Jackson","aew-aew-matt-jackson","3","WWE 2K RENDER - MATT JACKSON","xlone2k","50","","https://www.deviantart.com/xlone2k/art/WWE-2K-RENDER-MATT-JACKSON-1291702155","previews/aew-aew-matt-jackson__3__xlone2k.jpg","raw/aew-aew-matt-jackson__3__xlone2k.png","error","HTTPError: 403 Client Error: Forbidden for url: https://www.deviantart.com/xlone2k/art/WWE-2K-RENDER-MATT-JACKSON-1291702155"
"","Nick Jackson","aew-aew-nick-jackson","1","WWE 2K RENDER - NICK JACKSON","xlone2k","50","","https://www.deviantart.com/xlone2k/art/WWE-2K-RENDER-NICK-JACKSON-1291702092","previews/aew-aew-nick-jackson__1__xlone2k.jpg","raw/aew-aew-nick-jackson__1__xlone2k.png","error","HTTPError: 403 Client Error: Forbidden for url: https://www.deviantart.com/xlone2k/art/WWE-2K-RENDER-NICK-JACKSON-1291702092"
"","Nick Jackson","aew-aew-nick-jackson","2","WWE 2K RENDER - NICK JACKSON","xlone2k","50","","https://www.deviantart.com/xlone2k/art/WWE-2K-RENDER-NICK-JACKSON-1291701783","previews/aew-aew-nick-jackson__2__xlone2k.jpg","raw/aew-aew-nick-jackson__2__xlone2k.png","error","HTTPError: 403 Client Error: Forbidden for url: https://www.deviantart.com/xlone2k/art/WWE-2K-RENDER-NICK-JACKSON-1291701783"
"","Nick Jackson","aew-aew-nick-jackson","3","WWE 2K RENDER - NICK JACKSON","xlone2k","50","","https://www.deviantart.com/xlone2k/art/WWE-2K-RENDER-NICK-JACKSON-1291701888","previews/aew-aew-nick-jackson__3__xlone2k.jpg","raw/aew-aew-nick-jackson__3__xlone2k.png","error","HTTPError: 403 Client Error: Forbidden for url: https://www.deviantart.com/xlone2k/art/WWE-2K-RENDER-NICK-JACKSON-1291701888"
"","Original El Grande Americano","wwe-raw-original-el-grande-americano","1","Original El Grande Americano Render by yasuke4u","yasuke4u","65","","https://www.deviantart.com/yasuke4u/art/Original-El-Grande-Americano-Render-by-yasuke4u-1319217910","previews/wwe-raw-original-el-grande-americano__1__yasuke4u.jpg","raw/wwe-raw-original-el-grande-americano__1__yasuke4u.png","error","HTTPError: 403 Client Error: Forbidden for url: https://www.deviantart.com/yasuke4u/art/Original-El-Grande-Americano-Render-by-yasuke4u-1319217910"
"","Original El Grande Americano","wwe-raw-original-el-grande-americano","2","WWE Original El Grande Americano 2026 render","vlysyuk","65","","https://www.deviantart.com/vlysyuk/art/WWE-Original-El-Grande-Americano-2026-render-1313112757","previews/wwe-raw-original-el-grande-americano__2__vlysyuk.jpg","raw/wwe-raw-original-el-grande-americano__2__vlysyuk.png","error","HTTPError: 403 Client Error: Forbidden for url: https://www.deviantart.com/vlysyuk/art/WWE-Original-El-Grande-Americano-2026-render-1313112757"
"","Original El Grande Americano","wwe-raw-original-el-grande-americano","3","Original El Grande Americano *OFFICIAL* WWE render","babuguuscooties","65","","https://www.deviantart.com/babuguuscooties/art/Original-El-Grande-Americano-OFFICIAL-WWE-render-1313539188","previews/wwe-raw-original-el-grande-americano__3__babuguuscooties.jpg","raw/wwe-raw-original-el-grande-americano__3__babuguuscooties.png","error","HTTPError: 403 Client Error: Forbidden for url: https://www.deviantart.com/babuguuscooties/art/Original-El-Grande-Americano-OFFICIAL-WWE-render-1313539188"
"","Solo Sikoa","wwe-smackdown-solo-sikoa","1","WWE Solo Sikoa US Champion PNG Render 2025","yanrtbtn","65","belt-champion","https://www.deviantart.com/yanrtbtn/art/WWE-Solo-Sikoa-US-Champion-PNG-Render-2025-1233446987","previews/wwe-smackdown-solo-sikoa__1__yanrtbtn.jpg","raw/wwe-smackdown-solo-sikoa__1__yanrtbtn.png","error","HTTPError: 403 Client Error: Forbidden for url: https://www.deviantart.com/yanrtbtn/art/WWE-Solo-Sikoa-US-Champion-PNG-Render-2025-1233446987"
"","Solo Sikoa","wwe-smackdown-solo-sikoa","2","WWE Solo Sikoa 2026 render","vlysyuk","65","","https://www.deviantart.com/vlysyuk/art/WWE-Solo-Sikoa-2026-render-1311815599","previews/wwe-smackdown-solo-sikoa__2__vlysyuk.jpg","raw/wwe-smackdown-solo-sikoa__2__vlysyuk.png","error","HTTPError: 403 Client Error: Forbidden for url: https://www.deviantart.com/vlysyuk/art/WWE-Solo-Sikoa-2026-render-1311815599"
"","Solo Sikoa","wwe-smackdown-solo-sikoa","3","Solo Sikoa 2025 Render","gamechanger2000","65","","https://www.deviantart.com/gamechanger2000/art/Solo-Sikoa-2025-Render-1205056406","previews/wwe-smackdown-solo-sikoa__3__gamechanger2000.jpg","raw/wwe-smackdown-solo-sikoa__3__gamechanger2000.png","error","HTTPError: 403 Client Error: Forbidden for url: https://www.deviantart.com/gamechanger2000/art/Solo-Sikoa-2025-Render-1205056406"
"","Rey Mysterio","wwe-raw-rey-mysterio","1","WWE Rey Mysterio PNG Render 2025","yanrtbtn","65","","https://www.deviantart.com/yanrtbtn/art/WWE-Rey-Mysterio-PNG-Render-2025-1162713466","previews/wwe-raw-rey-mysterio__1__yanrtbtn.jpg","raw/wwe-raw-rey-mysterio__1__yanrtbtn.png","error","HTTPError: 403 Client Error: Forbidden for url: https://www.deviantart.com/yanrtbtn/art/WWE-Rey-Mysterio-PNG-Render-2025-1162713466"
"","Rey Mysterio","wwe-raw-rey-mysterio","2","Rey Mysterio '26 Render","xharlott","65","","https://www.deviantart.com/xharlott/art/Rey-Mysterio-26-Render-1289593023","previews/wwe-raw-rey-mysterio__2__xharlott.jpg","raw/wwe-raw-rey-mysterio__2__xharlott.png","error","HTTPError: 403 Client Error: Forbidden for url: https://www.deviantart.com/xharlott/art/Rey-Mysterio-26-Render-1289593023"
"","Rey Mysterio","wwe-raw-rey-mysterio","3","Rey Mysterio WM42 Render","xharlott","65","","https://www.deviantart.com/xharlott/art/Rey-Mysterio-WM42-Render-1324362781","previews/wwe-raw-rey-mysterio__3__xharlott.jpg","raw/wwe-raw-rey-mysterio__3__xharlott.png","error","HTTPError: 403 Client Error: Forbidden for url: https://www.deviantart.com/xharlott/art/Rey-Mysterio-WM42-Render-1324362781"
"","Athena","aew-aew-athena","1","Athena Render by yasuke4u","yasuke4u","65","","https://www.deviantart.com/yasuke4u/art/Athena-Render-by-yasuke4u-1302178687","previews/aew-aew-athena__1__yasuke4u.jpg","raw/aew-aew-athena__1__yasuke4u.png","error","HTTPError: 403 Client Error: Forbidden for url: https://www.deviantart.com/yasuke4u/art/Athena-Render-by-yasuke4u-1302178687"
"","Athena","aew-aew-athena","2","Athena Render by yasuke4u","yasuke4u","65","","https://www.deviantart.com/yasuke4u/art/Athena-Render-by-yasuke4u-1310800323","previews/aew-aew-athena__2__yasuke4u.jpg","raw/aew-aew-athena__2__yasuke4u.png","error","HTTPError: 403 Client Error: Forbidden for url: https://www.deviantart.com/yasuke4u/art/Athena-Render-by-yasuke4u-1310800323"
"","Athena","aew-aew-athena","3","Athena Render by yasuke4u","yasuke4u","65","","https://www.deviantart.com/yasuke4u/art/Athena-Render-by-yasuke4u-1291724994","previews/aew-aew-athena__3__yasuke4u.jpg","raw/aew-aew-athena__3__yasuke4u.png","error","HTTPError: 403 Client Error: Forbidden for url: https://www.deviantart.com/yasuke4u/art/Athena-Render-by-yasuke4u-1291724994"
"","Hikaru Shida","aew-aew-hikaru-shida","1","Hikaru Shida Render by yasuke4u","yasuke4u","65","","https://www.deviantart.com/yasuke4u/art/Hikaru-Shida-Render-by-yasuke4u-1290761914","previews/aew-aew-hikaru-shida__1__yasuke4u.jpg","raw/aew-aew-hikaru-shida__1__yasuke4u.png","error","HTTPError: 403 Client Error: Forbidden for url: https://www.deviantart.com/yasuke4u/art/Hikaru-Shida-Render-by-yasuke4u-1290761914"
"","Hikaru Shida","aew-aew-hikaru-shida","2","Hikaru Shida Render by yasuke4u","yasuke4u","65","","https://www.deviantart.com/yasuke4u/art/Hikaru-Shida-Render-by-yasuke4u-1291725147","previews/aew-aew-hikaru-shida__2__yasuke4u.jpg","raw/aew-aew-hikaru-shida__2__yasuke4u.png","error","HTTPError: 403 Client Error: Forbidden for url: https://www.deviantart.com/yasuke4u/art/Hikaru-Shida-Render-by-yasuke4u-1291725147"
"","Hikaru Shida","aew-aew-hikaru-shida","3","Hikaru Shida AEW 2026 Render","ihammertg","50","","https://www.deviantart.com/ihammertg/art/Hikaru-Shida-AEW-2026-Render-1324123172","previews/aew-aew-hikaru-shida__3__ihammertg.jpg","raw/aew-aew-hikaru-shida__3__ihammertg.png","error","HTTPError: 403 Client Error: Forbidden for url: https://www.deviantart.com/ihammertg/art/Hikaru-Shida-AEW-2026-Render-1324123172"
"","Jamie Hayter","aew-aew-jamie-hayter","1","Jamie Hayter Render by yasuke4u","yasuke4u","65","","https://www.deviantart.com/yasuke4u/art/Jamie-Hayter-Render-by-yasuke4u-1319596932","previews/aew-aew-jamie-hayter__1__yasuke4u.jpg","raw/aew-aew-jamie-hayter__1__yasuke4u.png","error","HTTPError: 403 Client Error: Forbidden for url: https://www.deviantart.com/yasuke4u/art/Jamie-Hayter-Render-by-yasuke4u-1319596932"
"","Jamie Hayter","aew-aew-jamie-hayter","2","Jamie Hayter Render by yasuke4u","yasuke4u","65","","https://www.deviantart.com/yasuke4u/art/Jamie-Hayter-Render-by-yasuke4u-1311603415","previews/aew-aew-jamie-hayter__2__yasuke4u.jpg","raw/aew-aew-jamie-hayter__2__yasuke4u.png","error","HTTPError: 403 Client Error: Forbidden for url: https://www.deviantart.com/yasuke4u/art/Jamie-Hayter-Render-by-yasuke4u-1311603415"
"","Jamie Hayter","aew-aew-jamie-hayter","3","Jamie Hayter Render by yasuke4u","yasuke4u","65","","https://www.deviantart.com/yasuke4u/art/Jamie-Hayter-Render-by-yasuke4u-1311603429","previews/aew-aew-jamie-hayter__3__yasuke4u.jpg","raw/aew-aew-jamie-hayter__3__yasuke4u.png","error","HTTPError: 403 Client Error: Forbidden for url: https://www.deviantart.com/yasuke4u/art/Jamie-Hayter-Render-by-yasuke4u-1311603429"
"","Kris Statlander","aew-aew-kris-statlander","1","Kris Statlander AEW Render 2025","ykprihodilo","65","","https://www.deviantart.com/ykprihodilo/art/Kris-Statlander-AEW-Render-2025-1243870485","previews/aew-aew-kris-statlander__1__ykprihodilo.jpg","raw/aew-aew-kris-statlander__1__ykprihodilo.png","error","HTTPError: 403 Client Error: Forbidden for url: https://www.deviantart.com/ykprihodilo/art/Kris-Statlander-AEW-Render-2025-1243870485"
"","Kris Statlander","aew-aew-kris-statlander","2","Kris Statlander Render by yasuke4u","yasuke4u","65","","https://www.deviantart.com/yasuke4u/art/Kris-Statlander-Render-by-yasuke4u-1291725293","previews/aew-aew-kris-statlander__2__yasuke4u.jpg","raw/aew-aew-kris-statlander__2__yasuke4u.png","error","HTTPError: 403 Client Error: Forbidden for url: https://www.deviantart.com/yasuke4u/art/Kris-Statlander-Render-by-yasuke4u-1291725293"
"","Kris Statlander","aew-aew-kris-statlander","3","AEW Kris Statlander render","vlysyuk","65","","https://www.deviantart.com/vlysyuk/art/AEW-Kris-Statlander-render-1172955060","previews/aew-aew-kris-statlander__3__vlysyuk.jpg","raw/aew-aew-kris-statlander__3__vlysyuk.png","error","HTTPError: 403 Client Error: Forbidden for url: https://www.deviantart.com/vlysyuk/art/AEW-Kris-Statlander-render-1172955060"
"","Thunder Rosa","aew-aew-thunder-rosa","1","Thunder Rosa Render by yasuke4u","yasuke4u","65","","https://www.deviantart.com/yasuke4u/art/Thunder-Rosa-Render-by-yasuke4u-1303828375","previews/aew-aew-thunder-rosa__1__yasuke4u.jpg","raw/aew-aew-thunder-rosa__1__yasuke4u.png","error","HTTPError: 403 Client Error: Forbidden for url: https://www.deviantart.com/yasuke4u/art/Thunder-Rosa-Render-by-yasuke4u-1303828375"
"","Thunder Rosa","aew-aew-thunder-rosa","2","Thunder Rosa New AEW Render","dmtaco","50","","https://www.deviantart.com/dmtaco/art/Thunder-Rosa-New-AEW-Render-1306827521","previews/aew-aew-thunder-rosa__2__dmtaco.jpg","raw/aew-aew-thunder-rosa__2__dmtaco.png","error","HTTPError: 403 Client Error: Forbidden for url: https://www.deviantart.com/dmtaco/art/Thunder-Rosa-New-AEW-Render-1306827521"
"","Thunder Rosa","aew-aew-thunder-rosa","3","Thunder Rosa Render 10","replayscreen","50","","https://www.deviantart.com/replayscreen/art/Thunder-Rosa-Render-10-1233227207","previews/aew-aew-thunder-rosa__3__replayscreen.jpg","raw/aew-aew-thunder-rosa__3__replayscreen.png","error","HTTPError: 403 Client Error: Forbidden for url: https://www.deviantart.com/replayscreen/art/Thunder-Rosa-Render-10-1233227207"
"","Ethan Page","wwe-raw-ethan-page","1","Ethan Page Render by yasuke4u","yasuke4u","65","","https://www.deviantart.com/yasuke4u/art/Ethan-Page-Render-by-yasuke4u-1319217973","previews/wwe-raw-ethan-page__1__yasuke4u.jpg","raw/wwe-raw-ethan-page__1__yasuke4u.png","error","HTTPError: 403 Client Error: Forbidden for url: https://www.deviantart.com/yasuke4u/art/Ethan-Page-Render-by-yasuke4u-1319217973"
"","Ethan Page","wwe-raw-ethan-page","2","Ethan Page WWE Render PNG","wwewomendaily","65","","https://www.deviantart.com/wwewomendaily/art/Ethan-Page-WWE-Render-PNG-1204650419","previews/wwe-raw-ethan-page__2__wwewomendaily.jpg","raw/wwe-raw-ethan-page__2__wwewomendaily.png","error","HTTPError: 403 Client Error: Forbidden for url: https://www.deviantart.com/wwewomendaily/art/Ethan-Page-WWE-Render-PNG-1204650419"
"","Ethan Page","wwe-raw-ethan-page","3","Ethan Page WWE Render PNG","wwewomendaily","65","","https://www.deviantart.com/wwewomendaily/art/Ethan-Page-WWE-Render-PNG-1204344418","previews/wwe-raw-ethan-page__3__wwewomendaily.jpg","raw/wwe-raw-ethan-page__3__wwewomendaily.png","error","HTTPError: 403 Client Error: Forbidden for url: https://www.deviantart.com/wwewomendaily/art/Ethan-Page-WWE-Render-PNG-1204344418"
"","Carmelo Hayes","wwe-smackdown-carmelo-hayes","1","WWE Carmelo Hayes 2026 render","vlysyuk","65","","https://www.deviantart.com/vlysyuk/art/WWE-Carmelo-Hayes-2026-render-1304589076","previews/wwe-smackdown-carmelo-hayes__1__vlysyuk.jpg","raw/wwe-smackdown-carmelo-hayes__1__vlysyuk.png","error","HTTPError: 403 Client Error: Forbidden for url: https://www.deviantart.com/vlysyuk/art/WWE-Carmelo-Hayes-2026-render-1304589076"
"","Carmelo Hayes","wwe-smackdown-carmelo-hayes","2","Carmelo Hayes WWE Render 2024-2026","ykprihodilo","65","","https://www.deviantart.com/ykprihodilo/art/Carmelo-Hayes-WWE-Render-2024-2026-1289981074","previews/wwe-smackdown-carmelo-hayes__2__ykprihodilo.jpg","raw/wwe-smackdown-carmelo-hayes__2__ykprihodilo.png","error","HTTPError: 403 Client Error: Forbidden for url: https://www.deviantart.com/ykprihodilo/art/Carmelo-Hayes-WWE-Render-2024-2026-1289981074"
"","Carmelo Hayes","wwe-smackdown-carmelo-hayes","3","WWE *OFFICIAL* Carmelo Hayes Render!","cxpv1dz","65","","https://www.deviantart.com/cxpv1dz/art/WWE-OFFICIAL-Carmelo-Hayes-Render-1304194023","previews/wwe-smackdown-carmelo-hayes__3__cxpv1dz.jpg","raw/wwe-smackdown-carmelo-hayes__3__cxpv1dz.png","error","HTTPError: 403 Client Error: Forbidden for url: https://www.deviantart.com/cxpv1dz/art/WWE-OFFICIAL-Carmelo-Hayes-Render-1304194023"
"","Konosuke Takeshita","aew-aew-konosuke-takeshita","1","Konosuke Takeshita Render","xharlott","65","","https://www.deviantart.com/xharlott/art/Konosuke-Takeshita-Render-1339232299","previews/aew-aew-konosuke-takeshita__1__xharlott.jpg","raw/aew-aew-konosuke-takeshita__1__xharlott.png","error","HTTPError: 403 Client Error: Forbidden for url: https://www.deviantart.com/xharlott/art/Konosuke-Takeshita-Render-1339232299"
"","Konosuke Takeshita","aew-aew-konosuke-takeshita","2","AEW Konosuke Takeshita render","vlysyuk","65","","https://www.deviantart.com/vlysyuk/art/AEW-Konosuke-Takeshita-render-1172954918","previews/aew-aew-konosuke-takeshita__2__vlysyuk.jpg","raw/aew-aew-konosuke-takeshita__2__vlysyuk.png","error","HTTPError: 403 Client Error: Forbidden for url: https://www.deviantart.com/vlysyuk/art/AEW-Konosuke-Takeshita-render-1172954918"
"","Konosuke Takeshita","aew-aew-konosuke-takeshita","3","Konosuke takeshita aew Render 2026 internacional c","lenxrend","50","","https://www.deviantart.com/lenxrend/art/Konosuke-takeshita-aew-Render-2026-internacional-c-1337365518","previews/aew-aew-konosuke-takeshita__3__lenxrend.jpg","raw/aew-aew-konosuke-takeshita__3__lenxrend.png","error","HTTPError: 403 Client Error: Forbidden for url: https://www.deviantart.com/lenxrend/art/Konosuke-takeshita-aew-Render-2026-internacional-c-1337365518"
"","Austin Theory","wwe-raw-austin-theory","1","Austin Theory Render by yasuke4u","yasuke4u","65","","https://www.deviantart.com/yasuke4u/art/Austin-Theory-Render-by-yasuke4u-1319217960","previews/wwe-raw-austin-theory__1__yasuke4u.jpg","raw/wwe-raw-austin-theory__1__yasuke4u.png","error","HTTPError: 403 Client Error: Forbidden for url: https://www.deviantart.com/yasuke4u/art/Austin-Theory-Render-by-yasuke4u-1319217960"
"","Austin Theory","wwe-raw-austin-theory","2","Austin Theory WWE Render PNG","wwewomendaily","65","","https://www.deviantart.com/wwewomendaily/art/Austin-Theory-WWE-Render-PNG-1278342678","previews/wwe-raw-austin-theory__2__wwewomendaily.jpg","raw/wwe-raw-austin-theory__2__wwewomendaily.png","error","HTTPError: 403 Client Error: Forbidden for url: https://www.deviantart.com/wwewomendaily/art/Austin-Theory-WWE-Render-PNG-1278342678"
"","Austin Theory","wwe-raw-austin-theory","3","Austin Theory '26 Render","xharlott","65","","https://www.deviantart.com/xharlott/art/Austin-Theory-26-Render-1290046694","previews/wwe-raw-austin-theory__3__xharlott.jpg","raw/wwe-raw-austin-theory__3__xharlott.png","error","HTTPError: 403 Client Error: Forbidden for url: https://www.deviantart.com/xharlott/art/Austin-Theory-26-Render-1290046694"
"","Kyle Fletcher","aew-aew-kyle-fletcher","1","Kyle Fletcher Render by yasuke4u","yasuke4u","65","","https://www.deviantart.com/yasuke4u/art/Kyle-Fletcher-Render-by-yasuke4u-1312123616","previews/aew-aew-kyle-fletcher__1__yasuke4u.jpg","raw/aew-aew-kyle-fletcher__1__yasuke4u.png","error","HTTPError: 403 Client Error: Forbidden for url: https://www.deviantart.com/yasuke4u/art/Kyle-Fletcher-Render-by-yasuke4u-1312123616"
"","Kyle Fletcher","aew-aew-kyle-fletcher","2","Kyle Fletcher Render by yasuke4u","yasuke4u","65","","https://www.deviantart.com/yasuke4u/art/Kyle-Fletcher-Render-by-yasuke4u-1312123623","previews/aew-aew-kyle-fletcher__2__yasuke4u.jpg","raw/aew-aew-kyle-fletcher__2__yasuke4u.png","error","HTTPError: 403 Client Error: Forbidden for url: https://www.deviantart.com/yasuke4u/art/Kyle-Fletcher-Render-by-yasuke4u-1312123623"
"","Kyle Fletcher","aew-aew-kyle-fletcher","3","Kyle Fletcher Render by yasuke4u","yasuke4u","65","","https://www.deviantart.com/yasuke4u/art/Kyle-Fletcher-Render-by-yasuke4u-1294106174","previews/aew-aew-kyle-fletcher__3__yasuke4u.jpg","raw/aew-aew-kyle-fletcher__3__yasuke4u.png","error","HTTPError: 403 Client Error: Forbidden for url: https://www.deviantart.com/yasuke4u/art/Kyle-Fletcher-Render-by-yasuke4u-1294106174"
"","Shelton Benjamin","aew-aew-shelton-benjamin","1","WWE Shelton Benjamin 2005 render","vlysyuk","65","","https://www.deviantart.com/vlysyuk/art/WWE-Shelton-Benjamin-2005-render-1296948634","previews/aew-aew-shelton-benjamin__1__vlysyuk.jpg","raw/aew-aew-shelton-benjamin__1__vlysyuk.png","error","HTTPError: 403 Client Error: Forbidden for url: https://www.deviantart.com/vlysyuk/art/WWE-Shelton-Benjamin-2005-render-1296948634"
"","Shelton Benjamin","aew-aew-shelton-benjamin","2","Shelton Benjamin WWE Render PNG","wwewomendaily","65","","https://www.deviantart.com/wwewomendaily/art/Shelton-Benjamin-WWE-Render-PNG-955559505","previews/aew-aew-shelton-benjamin__2__wwewomendaily.jpg","raw/aew-aew-shelton-benjamin__2__wwewomendaily.png","error","HTTPError: 403 Client Error: Forbidden for url: https://www.deviantart.com/wwewomendaily/art/Shelton-Benjamin-WWE-Render-PNG-955559505"
"","Shelton Benjamin","aew-aew-shelton-benjamin","3","Shelton Benjamin WWE Render PNG","wwewomendaily","65","","https://www.deviantart.com/wwewomendaily/art/Shelton-Benjamin-WWE-Render-PNG-946647660","previews/aew-aew-shelton-benjamin__3__wwewomendaily.jpg","raw/aew-aew-shelton-benjamin__3__wwewomendaily.png","error","HTTPError: 403 Client Error: Forbidden for url: https://www.deviantart.com/wwewomendaily/art/Shelton-Benjamin-WWE-Render-PNG-946647660"
"","Ricky Saints","wwe-smackdown-ricky-saints","1","Ricky Saints May '26 Render","xharlott","65","","https://www.deviantart.com/xharlott/art/Ricky-Saints-May-26-Render-1334000046","previews/wwe-smackdown-ricky-saints__1__xharlott.jpg","raw/wwe-smackdown-ricky-saints__1__xharlott.png","error","HTTPError: 403 Client Error: Forbidden for url: https://www.deviantart.com/xharlott/art/Ricky-Saints-May-26-Render-1334000046"
"","Ricky Saints","wwe-smackdown-ricky-saints","2","Ricky Saints WWE Render PNG","wwewomendaily","65","","https://www.deviantart.com/wwewomendaily/art/Ricky-Saints-WWE-Render-PNG-1255223810","previews/wwe-smackdown-ricky-saints__2__wwewomendaily.jpg","raw/wwe-smackdown-ricky-saints__2__wwewomendaily.png","error","HTTPError: 403 Client Error: Forbidden for url: https://www.deviantart.com/wwewomendaily/art/Ricky-Saints-WWE-Render-PNG-1255223810"
"","Ricky Saints","wwe-smackdown-ricky-saints","3","Ricky Saints *CUSTOM* US champ render #3","babuguuscooties","65","","https://www.deviantart.com/babuguuscooties/art/Ricky-Saints-CUSTOM-US-champ-render-3-1266844240","previews/wwe-smackdown-ricky-saints__3__babuguuscooties.jpg","raw/wwe-smackdown-ricky-saints__3__babuguuscooties.png","error","HTTPError: 403 Client Error: Forbidden for url: https://www.deviantart.com/babuguuscooties/art/Ricky-Saints-CUSTOM-US-champ-render-3-1266844240"
"","Adam Cole","aew-aew-adam-cole","1","Adam Cole Render by yasuke4u","yasuke4u","65","","https://www.deviantart.com/yasuke4u/art/Adam-Cole-Render-by-yasuke4u-1312123602","previews/aew-aew-adam-cole__1__yasuke4u.jpg","raw/aew-aew-adam-cole__1__yasuke4u.png","error","HTTPError: 403 Client Error: Forbidden for url: https://www.deviantart.com/yasuke4u/art/Adam-Cole-Render-by-yasuke4u-1312123602"
"","Adam Cole","aew-aew-adam-cole","2","AEW Adam Cole render","vlysyuk","65","","https://www.deviantart.com/vlysyuk/art/AEW-Adam-Cole-render-1172952494","previews/aew-aew-adam-cole__2__vlysyuk.jpg","raw/aew-aew-adam-cole__2__vlysyuk.png","error","HTTPError: 403 Client Error: Forbidden for url: https://www.deviantart.com/vlysyuk/art/AEW-Adam-Cole-render-1172952494"
"","Adam Cole","aew-aew-adam-cole","3","WWE NXT Adam Cole 2018 render","vlysyuk","65","","https://www.deviantart.com/vlysyuk/art/WWE-NXT-Adam-Cole-2018-render-1154114156","previews/aew-aew-adam-cole__3__vlysyuk.jpg","raw/aew-aew-adam-cole__3__vlysyuk.png","error","HTTPError: 403 Client Error: Forbidden for url: https://www.deviantart.com/vlysyuk/art/WWE-NXT-Adam-Cole-2018-render-1154114156"
"","Michin","wwe-smackdown-michin","1","Michin May '26 Render","xharlott","65","","https://www.deviantart.com/xharlott/art/Michin-May-26-Render-1334004538","previews/wwe-smackdown-michin__1__xharlott.jpg","raw/wwe-smackdown-michin__1__xharlott.png","error","HTTPError: 403 Client Error: Forbidden for url: https://www.deviantart.com/xharlott/art/Michin-May-26-Render-1334004538"
"","Michin","wwe-smackdown-michin","2","Michin *OFFICIAL* WWE render '26","babuguuscooties","65","","https://www.deviantart.com/babuguuscooties/art/Michin-OFFICIAL-WWE-render-26-1319585403","previews/wwe-smackdown-michin__2__babuguuscooties.jpg","raw/wwe-smackdown-michin__2__babuguuscooties.png","error","HTTPError: 403 Client Error: Forbidden for url: https://www.deviantart.com/babuguuscooties/art/Michin-OFFICIAL-WWE-render-26-1319585403"
"","Michin","wwe-smackdown-michin","3","WWE Michin 2026 render","vlysyuk","65","","https://www.deviantart.com/vlysyuk/art/WWE-Michin-2026-render-1319237711","previews/wwe-smackdown-michin__3__vlysyuk.jpg","raw/wwe-smackdown-michin__3__vlysyuk.png","error","HTTPError: 403 Client Error: Forbidden for url: https://www.deviantart.com/vlysyuk/art/WWE-Michin-2026-render-1319237711"
"","R-Truth","wwe-smackdown-r-truth","1","WWE R-Truth 2026 render","vlysyuk","65","","https://www.deviantart.com/vlysyuk/art/WWE-R-Truth-2026-render-1320477391","previews/wwe-smackdown-r-truth__1__vlysyuk.jpg","raw/wwe-smackdown-r-truth__1__vlysyuk.png","error","HTTPError: 403 Client Error: Forbidden for url: https://www.deviantart.com/vlysyuk/art/WWE-R-Truth-2026-render-1320477391"
"","R-Truth","wwe-smackdown-r-truth","2","WWE R-Truth render 2024","vlysyuk","65","","https://www.deviantart.com/vlysyuk/art/WWE-R-Truth-render-2024-1031978110","previews/wwe-smackdown-r-truth__2__vlysyuk.jpg","raw/wwe-smackdown-r-truth__2__vlysyuk.png","error","HTTPError: 403 Client Error: Forbidden for url: https://www.deviantart.com/vlysyuk/art/WWE-R-Truth-render-2024-1031978110"
"","R-Truth","wwe-smackdown-r-truth","3","WWE R-Truth render","vlysyuk","65","","https://www.deviantart.com/vlysyuk/art/WWE-R-Truth-render-1048430470","previews/wwe-smackdown-r-truth__3__vlysyuk.jpg","raw/wwe-smackdown-r-truth__3__vlysyuk.png","error","HTTPError: 403 Client Error: Forbidden for url: https://www.deviantart.com/vlysyuk/art/WWE-R-Truth-render-1048430470"
"","The Miz","wwe-smackdown-the-miz","1","The Miz '22 Render","xharlott","65","","https://www.deviantart.com/xharlott/art/The-Miz-22-Render-1313492084","previews/wwe-smackdown-the-miz__1__xharlott.jpg","raw/wwe-smackdown-the-miz__1__xharlott.png","error","HTTPError: 403 Client Error: Forbidden for url: https://www.deviantart.com/xharlott/art/The-Miz-22-Render-1313492084"
"","The Miz","wwe-smackdown-the-miz","2","The Miz '08 Render","xharlott","65","","https://www.deviantart.com/xharlott/art/The-Miz-08-Render-1338740861","previews/wwe-smackdown-the-miz__2__xharlott.jpg","raw/wwe-smackdown-the-miz__2__xharlott.png","error","HTTPError: 403 Client Error: Forbidden for url: https://www.deviantart.com/xharlott/art/The-Miz-08-Render-1338740861"
"","The Miz","wwe-smackdown-the-miz","3","The Miz '09 Render","xharlott","65","","https://www.deviantart.com/xharlott/art/The-Miz-09-Render-1338710718","previews/wwe-smackdown-the-miz__3__xharlott.jpg","raw/wwe-smackdown-the-miz__3__xharlott.png","error","HTTPError: 403 Client Error: Forbidden for url: https://www.deviantart.com/xharlott/art/The-Miz-09-Render-1338710718"
"","Jordynne Grace","wwe-smackdown-jordynne-grace","1","WWE Jordynne Grace PNG Render 2025","yanrtbtn","65","","https://www.deviantart.com/yanrtbtn/art/WWE-Jordynne-Grace-PNG-Render-2025-1154587268","previews/wwe-smackdown-jordynne-grace__1__yanrtbtn.jpg","raw/wwe-smackdown-jordynne-grace__1__yanrtbtn.png","error","HTTPError: 403 Client Error: Forbidden for url: https://www.deviantart.com/yanrtbtn/art/WWE-Jordynne-Grace-PNG-Render-2025-1154587268"
"","Jordynne Grace","wwe-smackdown-jordynne-grace","2","Jordynne Grace Render by yasuke4u","yasuke4u","65","","https://www.deviantart.com/yasuke4u/art/Jordynne-Grace-Render-by-yasuke4u-1318937310","previews/wwe-smackdown-jordynne-grace__2__yasuke4u.jpg","raw/wwe-smackdown-jordynne-grace__2__yasuke4u.png","error","HTTPError: 403 Client Error: Forbidden for url: https://www.deviantart.com/yasuke4u/art/Jordynne-Grace-Render-by-yasuke4u-1318937310"
"","Jordynne Grace","wwe-smackdown-jordynne-grace","3","Jordynne Grace *OFFICIAL* WWE render","babuguuscooties","65","","https://www.deviantart.com/babuguuscooties/art/Jordynne-Grace-OFFICIAL-WWE-render-1298849107","previews/wwe-smackdown-jordynne-grace__3__babuguuscooties.jpg","raw/wwe-smackdown-jordynne-grace__3__babuguuscooties.png","error","HTTPError: 403 Client Error: Forbidden for url: https://www.deviantart.com/babuguuscooties/art/Jordynne-Grace-OFFICIAL-WWE-render-1298849107"
"","Lash Legend","wwe-smackdown-lash-legend","1","Lash Legend WWE Render 2025-2026","ykprihodilo","65","","https://www.deviantart.com/ykprihodilo/art/Lash-Legend-WWE-Render-2025-2026-1285205533","previews/wwe-smackdown-lash-legend__1__ykprihodilo.jpg","raw/wwe-smackdown-lash-legend__1__ykprihodilo.png","error","HTTPError: 403 Client Error: Forbidden for url: https://www.deviantart.com/ykprihodilo/art/Lash-Legend-WWE-Render-2025-2026-1285205533"
"","Lash Legend","wwe-smackdown-lash-legend","2","Custom Lash Legend Render!","cxpv1dz","65","","https://www.deviantart.com/cxpv1dz/art/Custom-Lash-Legend-Render-1304193436","previews/wwe-smackdown-lash-legend__2__cxpv1dz.jpg","raw/wwe-smackdown-lash-legend__2__cxpv1dz.png","error","HTTPError: 403 Client Error: Forbidden for url: https://www.deviantart.com/cxpv1dz/art/Custom-Lash-Legend-Render-1304193436"
"","Lash Legend","wwe-smackdown-lash-legend","3","Lash Legend WWE Render PNG","wwewomendaily","65","","https://www.deviantart.com/wwewomendaily/art/Lash-Legend-WWE-Render-PNG-1173153740","previews/wwe-smackdown-lash-legend__3__wwewomendaily.jpg","raw/wwe-smackdown-lash-legend__3__wwewomendaily.png","error","HTTPError: 403 Client Error: Forbidden for url: https://www.deviantart.com/wwewomendaily/art/Lash-Legend-WWE-Render-PNG-1173153740"
"","Dr. Britt Baker, D.M.D.","aew-aew-dr-britt-baker-d-m-d","1","Britt Baker D.M.D. Render by yasuke4u","yasuke4u","65","","https://www.deviantart.com/yasuke4u/art/Britt-Baker-D-M-D-Render-by-yasuke4u-1292373066","previews/aew-aew-dr-britt-baker-d-m-d__1__yasuke4u.jpg","raw/aew-aew-dr-britt-baker-d-m-d__1__yasuke4u.png","error","HTTPError: 403 Client Error: Forbidden for url: https://www.deviantart.com/yasuke4u/art/Britt-Baker-D-M-D-Render-by-yasuke4u-1292373066"
"","Dr. Britt Baker, D.M.D.","aew-aew-dr-britt-baker-d-m-d","2","Britt Baker Render by sttormzero","sttormzero","50","","https://www.deviantart.com/sttormzero/art/Britt-Baker-Render-by-sttormzero-1286424503","previews/aew-aew-dr-britt-baker-d-m-d__2__sttormzero.jpg","raw/aew-aew-dr-britt-baker-d-m-d__2__sttormzero.png","error","HTTPError: 403 Client Error: Forbidden for url: https://www.deviantart.com/sttormzero/art/Britt-Baker-Render-by-sttormzero-1286424503"
"","Dr. Britt Baker, D.M.D.","aew-aew-dr-britt-baker-d-m-d","3","Britt Baker Render","novarc99","50","","https://www.deviantart.com/novarc99/art/Britt-Baker-Render-1045450231","previews/aew-aew-dr-britt-baker-d-m-d__3__novarc99.jpg","raw/aew-aew-dr-britt-baker-d-m-d__3__novarc99.png","error","HTTPError: 403 Client Error: Forbidden for url: https://www.deviantart.com/novarc99/art/Britt-Baker-Render-1045450231"
"","""Timeless"" Toni Storm","aew-aew-timeless-toni-storm","1","WWE NXT UK Toni Storm render","vlysyuk","65","","https://www.deviantart.com/vlysyuk/art/WWE-NXT-UK-Toni-Storm-render-1336793631","previews/aew-aew-timeless-toni-storm__1__vlysyuk.jpg","raw/aew-aew-timeless-toni-storm__1__vlysyuk.png","error","HTTPError: 403 Client Error: Forbidden for url: https://www.deviantart.com/vlysyuk/art/WWE-NXT-UK-Toni-Storm-render-1336793631"
"","""Timeless"" Toni Storm","aew-aew-timeless-toni-storm","2","WWE NXT UK Toni Storm render","vlysyuk","65","","https://www.deviantart.com/vlysyuk/art/WWE-NXT-UK-Toni-Storm-render-1336793463","previews/aew-aew-timeless-toni-storm__2__vlysyuk.jpg","raw/aew-aew-timeless-toni-storm__2__vlysyuk.png","error","HTTPError: 403 Client Error: Forbidden for url: https://www.deviantart.com/vlysyuk/art/WWE-NXT-UK-Toni-Storm-render-1336793463"
"","""Timeless"" Toni Storm","aew-aew-timeless-toni-storm","3","Toni Storm Render by yasuke4u","yasuke4u","65","","https://www.deviantart.com/yasuke4u/art/Toni-Storm-Render-by-yasuke4u-1269216841","previews/aew-aew-timeless-toni-storm__3__yasuke4u.jpg","raw/aew-aew-timeless-toni-storm__3__yasuke4u.png","error","HTTPError: 403 Client Error: Forbidden for url: https://www.deviantart.com/yasuke4u/art/Toni-Storm-Render-by-yasuke4u-1269216841"
"","Montez Ford","wwe-raw-montez-ford","1","Montez Ford WWE Render PNG","wwewomendaily","65","","https://www.deviantart.com/wwewomendaily/art/Montez-Ford-WWE-Render-PNG-1288962050","previews/wwe-raw-montez-ford__1__wwewomendaily.jpg","raw/wwe-raw-montez-ford__1__wwewomendaily.png","error","HTTPError: 403 Client Error: Forbidden for url: https://www.deviantart.com/wwewomendaily/art/Montez-Ford-WWE-Render-PNG-1288962050"
"","Montez Ford","wwe-raw-montez-ford","2","Montez Ford WWE Render PNG","wwewomendaily","65","","https://www.deviantart.com/wwewomendaily/art/Montez-Ford-WWE-Render-PNG-1203827896","previews/wwe-raw-montez-ford__2__wwewomendaily.jpg","raw/wwe-raw-montez-ford__2__wwewomendaily.png","error","HTTPError: 403 Client Error: Forbidden for url: https://www.deviantart.com/wwewomendaily/art/Montez-Ford-WWE-Render-PNG-1203827896"
"","Montez Ford","wwe-raw-montez-ford","3","Montez Ford WWE Render PNG","wwewomendaily","65","","https://www.deviantart.com/wwewomendaily/art/Montez-Ford-WWE-Render-PNG-1203829081","previews/wwe-raw-montez-ford__3__wwewomendaily.jpg","raw/wwe-raw-montez-ford__3__wwewomendaily.png","error","HTTPError: 403 Client Error: Forbidden for url: https://www.deviantart.com/wwewomendaily/art/Montez-Ford-WWE-Render-PNG-1203829081"
"","Jacy Jayne","wwe-smackdown-jacy-jayne","1","Jacy Jayne Render by yasuke4u","yasuke4u","65","","https://www.deviantart.com/yasuke4u/art/Jacy-Jayne-Render-by-yasuke4u-1319596997","previews/wwe-smackdown-jacy-jayne__1__yasuke4u.jpg","raw/wwe-smackdown-jacy-jayne__1__yasuke4u.png","error","HTTPError: 403 Client Error: Forbidden for url: https://www.deviantart.com/yasuke4u/art/Jacy-Jayne-Render-by-yasuke4u-1319596997"
"","Jacy Jayne","wwe-smackdown-jacy-jayne","2","Jacy Jayne '25 Render","xharlott","65","","https://www.deviantart.com/xharlott/art/Jacy-Jayne-25-Render-1288428845","previews/wwe-smackdown-jacy-jayne__2__xharlott.jpg","raw/wwe-smackdown-jacy-jayne__2__xharlott.png","error","HTTPError: 403 Client Error: Forbidden for url: https://www.deviantart.com/xharlott/art/Jacy-Jayne-25-Render-1288428845"
"","Jacy Jayne","wwe-smackdown-jacy-jayne","3","Jacy Jayne WWE Render 2026","ykprihodilo","65","","https://www.deviantart.com/ykprihodilo/art/Jacy-Jayne-WWE-Render-2026-1335063706","previews/wwe-smackdown-jacy-jayne__3__ykprihodilo.jpg","raw/wwe-smackdown-jacy-jayne__3__ykprihodilo.png","error","HTTPError: 403 Client Error: Forbidden for url: https://www.deviantart.com/ykprihodilo/art/Jacy-Jayne-WWE-Render-2026-1335063706"
"","Kelani Jordan","wwe-nxt-kelani-jordan","1","WWE NXT Kelani Jordan 2026 render","vlysyuk","65","","https://www.deviantart.com/vlysyuk/art/WWE-NXT-Kelani-Jordan-2026-render-1332428916","previews/wwe-nxt-kelani-jordan__1__vlysyuk.jpg","raw/wwe-nxt-kelani-jordan__1__vlysyuk.png","error","HTTPError: 403 Client Error: Forbidden for url: https://www.deviantart.com/vlysyuk/art/WWE-NXT-Kelani-Jordan-2026-render-1332428916"
"","Kelani Jordan","wwe-nxt-kelani-jordan","2","Kelani Jordan 2026 Render WWE NXT","line2j","65","","https://www.deviantart.com/line2j/art/Kelani-Jordan-2026-Render-WWE-NXT-1300818223","previews/wwe-nxt-kelani-jordan__2__line2j.jpg","raw/wwe-nxt-kelani-jordan__2__line2j.png","error","HTTPError: 403 Client Error: Forbidden for url: https://www.deviantart.com/line2j/art/Kelani-Jordan-2026-Render-WWE-NXT-1300818223"
"","Kelani Jordan","wwe-nxt-kelani-jordan","3","Kelani Jordan *NEW* NXT render '26","babuguuscooties","65","","https://www.deviantart.com/babuguuscooties/art/Kelani-Jordan-NEW-NXT-render-26-1332629649","previews/wwe-nxt-kelani-jordan__3__babuguuscooties.jpg","raw/wwe-nxt-kelani-jordan__3__babuguuscooties.png","error","HTTPError: 403 Client Error: Forbidden for url: https://www.deviantart.com/babuguuscooties/art/Kelani-Jordan-NEW-NXT-render-26-1332629649"
"","Dragon Lee","wwe-raw-dragon-lee","1","Dragon Lee Render by yasuke4u","yasuke4u","65","","https://www.deviantart.com/yasuke4u/art/Dragon-Lee-Render-by-yasuke4u-1299454985","previews/wwe-raw-dragon-lee__1__yasuke4u.jpg","raw/wwe-raw-dragon-lee__1__yasuke4u.png","error","HTTPError: 403 Client Error: Forbidden for url: https://www.deviantart.com/yasuke4u/art/Dragon-Lee-Render-by-yasuke4u-1299454985"
"","Dragon Lee","wwe-raw-dragon-lee","2","Dragon Lee WM42 Render","xharlott","65","","https://www.deviantart.com/xharlott/art/Dragon-Lee-WM42-Render-1326611211","previews/wwe-raw-dragon-lee__2__xharlott.jpg","raw/wwe-raw-dragon-lee__2__xharlott.png","error","HTTPError: 403 Client Error: Forbidden for url: https://www.deviantart.com/xharlott/art/Dragon-Lee-WM42-Render-1326611211"
"","Dragon Lee","wwe-raw-dragon-lee","3","Dragon Lee Render 2025","renderzgalore","65","","https://www.deviantart.com/renderzgalore/art/Dragon-Lee-Render-2025-1179369027","previews/wwe-raw-dragon-lee__3__renderzgalore.jpg","raw/wwe-raw-dragon-lee__3__renderzgalore.png","error","HTTPError: 403 Client Error: Forbidden for url: https://www.deviantart.com/renderzgalore/art/Dragon-Lee-Render-2025-1179369027"
"","JD McDonagh","wwe-raw-jd-mcdonagh","1","JD McDonagh Render by yasuke4u","yasuke4u","65","","https://www.deviantart.com/yasuke4u/art/JD-McDonagh-Render-by-yasuke4u-1319217865","previews/wwe-raw-jd-mcdonagh__1__yasuke4u.jpg","raw/wwe-raw-jd-mcdonagh__1__yasuke4u.png","error","HTTPError: 403 Client Error: Forbidden for url: https://www.deviantart.com/yasuke4u/art/JD-McDonagh-Render-by-yasuke4u-1319217865"
"","JD McDonagh","wwe-raw-jd-mcdonagh","2","JD McDonagh WWE Render PNG","wwewomendaily","65","","https://www.deviantart.com/wwewomendaily/art/JD-McDonagh-WWE-Render-PNG-1235108028","previews/wwe-raw-jd-mcdonagh__2__wwewomendaily.jpg","raw/wwe-raw-jd-mcdonagh__2__wwewomendaily.png","error","HTTPError: 403 Client Error: Forbidden for url: https://www.deviantart.com/wwewomendaily/art/JD-McDonagh-WWE-Render-PNG-1235108028"
"","JD McDonagh","wwe-raw-jd-mcdonagh","3","WWE JD McDonagh PNG Render 2025","yanrtbtn","65","","https://www.deviantart.com/yanrtbtn/art/WWE-JD-McDonagh-PNG-Render-2025-1200371546","previews/wwe-raw-jd-mcdonagh__3__yanrtbtn.jpg","raw/wwe-raw-jd-mcdonagh__3__yanrtbtn.png","error","HTTPError: 403 Client Error: Forbidden for url: https://www.deviantart.com/yanrtbtn/art/WWE-JD-McDonagh-PNG-Render-2025-1200371546"
"","Tony D'Angelo","wwe-nxt-tony-d-angelo","1","Tony DAngelo WWE Render PNG","wwewomendaily","65","","https://www.deviantart.com/wwewomendaily/art/Tony-DAngelo-WWE-Render-PNG-1173389125","previews/wwe-nxt-tony-d-angelo__1__wwewomendaily.jpg","raw/wwe-nxt-tony-d-angelo__1__wwewomendaily.png","error","HTTPError: 403 Client Error: Forbidden for url: https://www.deviantart.com/wwewomendaily/art/Tony-DAngelo-WWE-Render-PNG-1173389125"
"","Tony D'Angelo","wwe-nxt-tony-d-angelo","2","Tony DAngelo WWE Render PNG","wwewomendaily","65","","https://www.deviantart.com/wwewomendaily/art/Tony-DAngelo-WWE-Render-PNG-973031451","previews/wwe-nxt-tony-d-angelo__2__wwewomendaily.jpg","raw/wwe-nxt-tony-d-angelo__2__wwewomendaily.png","error","HTTPError: 403 Client Error: Forbidden for url: https://www.deviantart.com/wwewomendaily/art/Tony-DAngelo-WWE-Render-PNG-973031451"
"","Tony D'Angelo","wwe-nxt-tony-d-angelo","3","Tony DAngelo WWE Render PNG","wwewomendaily","65","","https://www.deviantart.com/wwewomendaily/art/Tony-DAngelo-WWE-Render-PNG-958788431","previews/wwe-nxt-tony-d-angelo__3__wwewomendaily.jpg","raw/wwe-nxt-tony-d-angelo__3__wwewomendaily.png","error","HTTPError: 403 Client Error: Forbidden for url: https://www.deviantart.com/wwewomendaily/art/Tony-DAngelo-WWE-Render-PNG-958788431"
"","Angelo Dawkins","wwe-raw-angelo-dawkins","1","WWE Angelo Dawkins Render 2024","yanrtbtn","65","","https://www.deviantart.com/yanrtbtn/art/WWE-Angelo-Dawkins-Render-2024-1073518131","previews/wwe-raw-angelo-dawkins__1__yanrtbtn.jpg","raw/wwe-raw-angelo-dawkins__1__yanrtbtn.png","error","HTTPError: 403 Client Error: Forbidden for url: https://www.deviantart.com/yanrtbtn/art/WWE-Angelo-Dawkins-Render-2024-1073518131"
"","Angelo Dawkins","wwe-raw-angelo-dawkins","2","Angelo Dawkins WWE Render PNG","wwewomendaily","65","","https://www.deviantart.com/wwewomendaily/art/Angelo-Dawkins-WWE-Render-PNG-1203827638","previews/wwe-raw-angelo-dawkins__2__wwewomendaily.jpg","raw/wwe-raw-angelo-dawkins__2__wwewomendaily.png","error","HTTPError: 403 Client Error: Forbidden for url: https://www.deviantart.com/wwewomendaily/art/Angelo-Dawkins-WWE-Render-PNG-1203827638"
"","Angelo Dawkins","wwe-raw-angelo-dawkins","3","WWE Angelo Dawkins 2025 render","vlysyuk","65","","https://www.deviantart.com/vlysyuk/art/WWE-Angelo-Dawkins-2025-render-1182585873","previews/wwe-raw-angelo-dawkins__3__vlysyuk.jpg","raw/wwe-raw-angelo-dawkins__3__vlysyuk.png","error","HTTPError: 403 Client Error: Forbidden for url: https://www.deviantart.com/vlysyuk/art/WWE-Angelo-Dawkins-2025-render-1182585873"
"","Je'Von Evans","wwe-raw-je-von-evans","1","Jevon Evans Render by yasuke4u","yasuke4u","65","","https://www.deviantart.com/yasuke4u/art/Jevon-Evans-Render-by-yasuke4u-1319217831","previews/wwe-raw-je-von-evans__1__yasuke4u.jpg","raw/wwe-raw-je-von-evans__1__yasuke4u.png","error","HTTPError: 403 Client Error: Forbidden for url: https://www.deviantart.com/yasuke4u/art/Jevon-Evans-Render-by-yasuke4u-1319217831"
"","Je'Von Evans","wwe-raw-je-von-evans","2","Wwe jevon evans render","dillonclay5","50","","https://www.deviantart.com/dillonclay5/art/Wwe-jevon-evans-render-1295211585","previews/wwe-raw-je-von-evans__2__dillonclay5.jpg","raw/wwe-raw-je-von-evans__2__dillonclay5.png","error","HTTPError: 403 Client Error: Forbidden for url: https://www.deviantart.com/dillonclay5/art/Wwe-jevon-evans-render-1295211585"
"","Je'Von Evans","wwe-raw-je-von-evans","3","JeVon Evans render","danteofshadows","50","","https://www.deviantart.com/danteofshadows/art/JeVon-Evans-render-1178090008","previews/wwe-raw-je-von-evans__3__danteofshadows.jpg","raw/wwe-raw-je-von-evans__3__danteofshadows.png","error","HTTPError: 403 Client Error: Forbidden for url: https://www.deviantart.com/danteofshadows/art/JeVon-Evans-render-1178090008"
"","Blake Monroe","wwe-smackdown-blake-monroe","1","Blake Monroe Render by yasuke4u","yasuke4u","65","","https://www.deviantart.com/yasuke4u/art/Blake-Monroe-Render-by-yasuke4u-1318413717","previews/wwe-smackdown-blake-monroe__1__yasuke4u.jpg","raw/wwe-smackdown-blake-monroe__1__yasuke4u.png","error","HTTPError: 403 Client Error: Forbidden for url: https://www.deviantart.com/yasuke4u/art/Blake-Monroe-Render-by-yasuke4u-1318413717"
"","Blake Monroe","wwe-smackdown-blake-monroe","2","Custom Blake Monroe WWE Render PNG","wwewomendaily","65","","https://www.deviantart.com/wwewomendaily/art/Custom-Blake-Monroe-WWE-Render-PNG-1240219288","previews/wwe-smackdown-blake-monroe__2__wwewomendaily.jpg","raw/wwe-smackdown-blake-monroe__2__wwewomendaily.png","error","HTTPError: 403 Client Error: Forbidden for url: https://www.deviantart.com/wwewomendaily/art/Custom-Blake-Monroe-WWE-Render-PNG-1240219288"
"","Blake Monroe","wwe-smackdown-blake-monroe","3","Blake Monroe Render by yasuke4u","yasuke4u","65","","https://www.deviantart.com/yasuke4u/art/Blake-Monroe-Render-by-yasuke4u-1305064340","previews/wwe-smackdown-blake-monroe__3__yasuke4u.jpg","raw/wwe-smackdown-blake-monroe__3__yasuke4u.png","error","HTTPError: 403 Client Error: Forbidden for url: https://www.deviantart.com/yasuke4u/art/Blake-Monroe-Render-by-yasuke4u-1305064340"
"","Fallon Henley","wwe-smackdown-fallon-henley","1","Fallon Henley '25 Render","xharlott","65","","https://www.deviantart.com/xharlott/art/Fallon-Henley-25-Render-1288545556","previews/wwe-smackdown-fallon-henley__1__xharlott.jpg","raw/wwe-smackdown-fallon-henley__1__xharlott.png","error","HTTPError: 403 Client Error: Forbidden for url: https://www.deviantart.com/xharlott/art/Fallon-Henley-25-Render-1288545556"
"","Fallon Henley","wwe-smackdown-fallon-henley","2","WWE NXT Fallon Henley 2026 render","vlysyuk","65","","https://www.deviantart.com/vlysyuk/art/WWE-NXT-Fallon-Henley-2026-render-1287899101","previews/wwe-smackdown-fallon-henley__2__vlysyuk.jpg","raw/wwe-smackdown-fallon-henley__2__vlysyuk.png","error","HTTPError: 403 Client Error: Forbidden for url: https://www.deviantart.com/vlysyuk/art/WWE-NXT-Fallon-Henley-2026-render-1287899101"
"","Fallon Henley","wwe-smackdown-fallon-henley","3","WWE Fallon Henley PNG Render 2026","yanrtbtn","65","","https://www.deviantart.com/yanrtbtn/art/WWE-Fallon-Henley-PNG-Render-2026-1322872394","previews/wwe-smackdown-fallon-henley__3__yanrtbtn.jpg","raw/wwe-smackdown-fallon-henley__3__yanrtbtn.png","error","HTTPError: 403 Client Error: Forbidden for url: https://www.deviantart.com/yanrtbtn/art/WWE-Fallon-Henley-PNG-Render-2026-1322872394"
"","Lola Vice","wwe-nxt-lola-vice","1","Lola Vice Render by yasuke4u","yasuke4u","65","","https://www.deviantart.com/yasuke4u/art/Lola-Vice-Render-by-yasuke4u-1316537752","previews/wwe-nxt-lola-vice__1__yasuke4u.jpg","raw/wwe-nxt-lola-vice__1__yasuke4u.png","error","HTTPError: 403 Client Error: Forbidden for url: https://www.deviantart.com/yasuke4u/art/Lola-Vice-Render-by-yasuke4u-1316537752"
"","Lola Vice","wwe-nxt-lola-vice","2","Lola Vice '26 Render","xharlott","65","","https://www.deviantart.com/xharlott/art/Lola-Vice-26-Render-1316451404","previews/wwe-nxt-lola-vice__2__xharlott.jpg","raw/wwe-nxt-lola-vice__2__xharlott.png","error","HTTPError: 403 Client Error: Forbidden for url: https://www.deviantart.com/xharlott/art/Lola-Vice-26-Render-1316451404"
"","Lola Vice","wwe-nxt-lola-vice","3","WWE NXT Lola Vice 2026 render","vlysyuk","65","","https://www.deviantart.com/vlysyuk/art/WWE-NXT-Lola-Vice-2026-render-1320477251","previews/wwe-nxt-lola-vice__3__vlysyuk.jpg","raw/wwe-nxt-lola-vice__3__vlysyuk.png","error","HTTPError: 403 Client Error: Forbidden for url: https://www.deviantart.com/vlysyuk/art/WWE-NXT-Lola-Vice-2026-render-1320477251"
"","Maxxine Dupri","wwe-raw-maxxine-dupri","1","Maxxine Dupri WWE Render PNG","wwewomendaily","65","","https://www.deviantart.com/wwewomendaily/art/Maxxine-Dupri-WWE-Render-PNG-994107449","previews/wwe-raw-maxxine-dupri__1__wwewomendaily.jpg","raw/wwe-raw-maxxine-dupri__1__wwewomendaily.png","error","HTTPError: 403 Client Error: Forbidden for url: https://www.deviantart.com/wwewomendaily/art/Maxxine-Dupri-WWE-Render-PNG-994107449"
"","Maxxine Dupri","wwe-raw-maxxine-dupri","2","Custom Maxxine Dupri render!","cxpv1dz","65","","https://www.deviantart.com/cxpv1dz/art/Custom-Maxxine-Dupri-render-1265563329","previews/wwe-raw-maxxine-dupri__2__cxpv1dz.jpg","raw/wwe-raw-maxxine-dupri__2__cxpv1dz.png","error","HTTPError: 403 Client Error: Forbidden for url: https://www.deviantart.com/cxpv1dz/art/Custom-Maxxine-Dupri-render-1265563329"
"","Maxxine Dupri","wwe-raw-maxxine-dupri","3","Custom Maxxine Dupri WWE Render PNG","wwewomendaily","65","","https://www.deviantart.com/wwewomendaily/art/Custom-Maxxine-Dupri-WWE-Render-PNG-1239519012","previews/wwe-raw-maxxine-dupri__3__wwewomendaily.jpg","raw/wwe-raw-maxxine-dupri__3__wwewomendaily.png","error","HTTPError: 403 Client Error: Forbidden for url: https://www.deviantart.com/wwewomendaily/art/Custom-Maxxine-Dupri-WWE-Render-PNG-1239519012"
"","Hank Walker","wwe-nxt-hank-walker","1","WWE Hank Walker PNG Render 2026","yanrtbtn","65","","https://www.deviantart.com/yanrtbtn/art/WWE-Hank-Walker-PNG-Render-2026-1319648921","previews/wwe-nxt-hank-walker__1__yanrtbtn.jpg","raw/wwe-nxt-hank-walker__1__yanrtbtn.png","error","HTTPError: 403 Client Error: Forbidden for url: https://www.deviantart.com/yanrtbtn/art/WWE-Hank-Walker-PNG-Render-2026-1319648921"
"","Hank Walker","wwe-nxt-hank-walker","2","WWE NXT Hank Walker 2026 render","vlysyuk","65","","https://www.deviantart.com/vlysyuk/art/WWE-NXT-Hank-Walker-2026-render-1319628218","previews/wwe-nxt-hank-walker__2__vlysyuk.jpg","raw/wwe-nxt-hank-walker__2__vlysyuk.png","error","HTTPError: 403 Client Error: Forbidden for url: https://www.deviantart.com/vlysyuk/art/WWE-NXT-Hank-Walker-2026-render-1319628218"
"","Hank Walker","wwe-nxt-hank-walker","3","Hank Walker *OFFICIAL* NXT render '25","babuguuscooties","65","","https://www.deviantart.com/babuguuscooties/art/Hank-Walker-OFFICIAL-NXT-render-25-1132409101","previews/wwe-nxt-hank-walker__3__babuguuscooties.jpg","raw/wwe-nxt-hank-walker__3__babuguuscooties.png","error","HTTPError: 403 Client Error: Forbidden for url: https://www.deviantart.com/babuguuscooties/art/Hank-Walker-OFFICIAL-NXT-render-25-1132409101"
"","Tank Ledger","wwe-nxt-tank-ledger","1","WWE NXT Tank Ledger 2026 render","vlysyuk","65","","https://www.deviantart.com/vlysyuk/art/WWE-NXT-Tank-Ledger-2026-render-1319628691","previews/wwe-nxt-tank-ledger__1__vlysyuk.jpg","raw/wwe-nxt-tank-ledger__1__vlysyuk.png","error","HTTPError: 403 Client Error: Forbidden for url: https://www.deviantart.com/vlysyuk/art/WWE-NXT-Tank-Ledger-2026-render-1319628691"
"","Tank Ledger","wwe-nxt-tank-ledger","2","Tank Ledger WWE NXT Render 2025","ykprihodilo","65","","https://www.deviantart.com/ykprihodilo/art/Tank-Ledger-WWE-NXT-Render-2025-1213315351","previews/wwe-nxt-tank-ledger__2__ykprihodilo.jpg","raw/wwe-nxt-tank-ledger__2__ykprihodilo.png","error","HTTPError: 403 Client Error: Forbidden for url: https://www.deviantart.com/ykprihodilo/art/Tank-Ledger-WWE-NXT-Render-2025-1213315351"
"","Tank Ledger","wwe-nxt-tank-ledger","3","WWE Tank Ledger PNG Render 2026","yanrtbtn","65","","https://www.deviantart.com/yanrtbtn/art/WWE-Tank-Ledger-PNG-Render-2026-1319649844","previews/wwe-nxt-tank-ledger__3__yanrtbtn.jpg","raw/wwe-nxt-tank-ledger__3__yanrtbtn.png","error","HTTPError: 403 Client Error: Forbidden for url: https://www.deviantart.com/yanrtbtn/art/WWE-Tank-Ledger-PNG-Render-2026-1319649844"
"","Ivar","wwe-raw-ivar","1","Ivar *OFFICIAL* WWE render '25","babuguuscooties","65","","https://www.deviantart.com/babuguuscooties/art/Ivar-OFFICIAL-WWE-render-25-1213638322","previews/wwe-raw-ivar__1__babuguuscooties.jpg","raw/wwe-raw-ivar__1__babuguuscooties.png","error","HTTPError: 403 Client Error: Forbidden for url: https://www.deviantart.com/babuguuscooties/art/Ivar-OFFICIAL-WWE-render-25-1213638322"
"","Ivar","wwe-raw-ivar","2","Ivar *OFFICIAL* WWE render '22","babuguuscooties","65","","https://www.deviantart.com/babuguuscooties/art/Ivar-OFFICIAL-WWE-render-22-923163304","previews/wwe-raw-ivar__2__babuguuscooties.jpg","raw/wwe-raw-ivar__2__babuguuscooties.png","error","HTTPError: 403 Client Error: Forbidden for url: https://www.deviantart.com/babuguuscooties/art/Ivar-OFFICIAL-WWE-render-22-923163304"
"","Ivar","wwe-raw-ivar","3","Ivar *NEW* render 2020","babuguuscooties","65","","https://www.deviantart.com/babuguuscooties/art/Ivar-NEW-render-2020-829835613","previews/wwe-raw-ivar__3__babuguuscooties.jpg","raw/wwe-raw-ivar__3__babuguuscooties.png","error","HTTPError: 403 Client Error: Forbidden for url: https://www.deviantart.com/babuguuscooties/art/Ivar-NEW-render-2020-829835613"
"","Jaida Parker","wwe-nxt-jaida-parker","1","Jaida Parker *OFFICIAL* NXT render '25","babuguuscooties","65","","https://www.deviantart.com/babuguuscooties/art/Jaida-Parker-OFFICIAL-NXT-render-25-1162836897","previews/wwe-nxt-jaida-parker__1__babuguuscooties.jpg","raw/wwe-nxt-jaida-parker__1__babuguuscooties.png","error","HTTPError: 403 Client Error: Forbidden for url: https://www.deviantart.com/babuguuscooties/art/Jaida-Parker-OFFICIAL-NXT-render-25-1162836897"
"","Jaida Parker","wwe-nxt-jaida-parker","2","Jaida Parker *OFFICIAL* NXT render '24","babuguuscooties","65","","https://www.deviantart.com/babuguuscooties/art/Jaida-Parker-OFFICIAL-NXT-render-24-1035473483","previews/wwe-nxt-jaida-parker__2__babuguuscooties.jpg","raw/wwe-nxt-jaida-parker__2__babuguuscooties.png","error","HTTPError: 403 Client Error: Forbidden for url: https://www.deviantart.com/babuguuscooties/art/Jaida-Parker-OFFICIAL-NXT-render-24-1035473483"
"","Jaida Parker","wwe-nxt-jaida-parker","3","WWE Jaida Parker 2024 render","vlysyuk","65","","https://www.deviantart.com/vlysyuk/art/WWE-Jaida-Parker-2024-render-1040737585","previews/wwe-nxt-jaida-parker__3__vlysyuk.jpg","raw/wwe-nxt-jaida-parker__3__vlysyuk.png","error","HTTPError: 403 Client Error: Forbidden for url: https://www.deviantart.com/vlysyuk/art/WWE-Jaida-Parker-2024-render-1040737585"
"","Sol Ruca","wwe-raw-sol-ruca","1","Sol Ruca *OFFICIAL* NXT render '26","babuguuscooties","65","","https://www.deviantart.com/babuguuscooties/art/Sol-Ruca-OFFICIAL-NXT-render-26-1276501454","previews/wwe-raw-sol-ruca__1__babuguuscooties.jpg","raw/wwe-raw-sol-ruca__1__babuguuscooties.png","error","HTTPError: 403 Client Error: Forbidden for url: https://www.deviantart.com/babuguuscooties/art/Sol-Ruca-OFFICIAL-NXT-render-26-1276501454"
"","Sol Ruca","wwe-raw-sol-ruca","2","Sol Ruca WWE NXT Render","ykprihodilo","65","","https://www.deviantart.com/ykprihodilo/art/Sol-Ruca-WWE-NXT-Render-1164657545","previews/wwe-raw-sol-ruca__2__ykprihodilo.jpg","raw/wwe-raw-sol-ruca__2__ykprihodilo.png","error","HTTPError: 403 Client Error: Forbidden for url: https://www.deviantart.com/ykprihodilo/art/Sol-Ruca-WWE-NXT-Render-1164657545"
"","Sol Ruca","wwe-raw-sol-ruca","3","Custom Sol Ruca Saudi Arabia Render!","cxpv1dz","65","","https://www.deviantart.com/cxpv1dz/art/Custom-Sol-Ruca-Saudi-Arabia-Render-1293290849","previews/wwe-raw-sol-ruca__3__cxpv1dz.jpg","raw/wwe-raw-sol-ruca__3__cxpv1dz.png","error","HTTPError: 403 Client Error: Forbidden for url: https://www.deviantart.com/cxpv1dz/art/Custom-Sol-Ruca-Saudi-Arabia-Render-1293290849"
"","Erik","wwe-raw-erik","1","WWE Erik Render PNG 2025","yanrtbtn","65","","https://www.deviantart.com/yanrtbtn/art/WWE-Erik-Render-PNG-2025-1213618964","previews/wwe-raw-erik__1__yanrtbtn.jpg","raw/wwe-raw-erik__1__yanrtbtn.png","error","HTTPError: 403 Client Error: Forbidden for url: https://www.deviantart.com/yanrtbtn/art/WWE-Erik-Render-PNG-2025-1213618964"
"","Erik","wwe-raw-erik","2","Erik *NEW* render 2020","babuguuscooties","65","","https://www.deviantart.com/babuguuscooties/art/Erik-NEW-render-2020-829835588","previews/wwe-raw-erik__2__babuguuscooties.jpg","raw/wwe-raw-erik__2__babuguuscooties.png","error","HTTPError: 403 Client Error: Forbidden for url: https://www.deviantart.com/babuguuscooties/art/Erik-NEW-render-2020-829835588"
"","Erik","wwe-raw-erik","3","Erik *OFFICIAL* WWE render '25","babuguuscooties","65","","https://www.deviantart.com/babuguuscooties/art/Erik-OFFICIAL-WWE-render-25-1213638348","previews/wwe-raw-erik__3__babuguuscooties.jpg","raw/wwe-raw-erik__3__babuguuscooties.png","error","HTTPError: 403 Client Error: Forbidden for url: https://www.deviantart.com/babuguuscooties/art/Erik-OFFICIAL-WWE-render-25-1213638348"
"","Noam Dar","wwe-nxt-noam-dar","1","WWE NXT Noam Dar 2026 render","vlysyuk","65","","https://www.deviantart.com/vlysyuk/art/WWE-NXT-Noam-Dar-2026-render-1339004483","previews/wwe-nxt-noam-dar__1__vlysyuk.jpg","raw/wwe-nxt-noam-dar__1__vlysyuk.png","error","HTTPError: 403 Client Error: Forbidden for url: https://www.deviantart.com/vlysyuk/art/WWE-NXT-Noam-Dar-2026-render-1339004483"
"","Noam Dar","wwe-nxt-noam-dar","2","Noam Dar *OFFICIAL* NXT render '26","babuguuscooties","65","","https://www.deviantart.com/babuguuscooties/art/Noam-Dar-OFFICIAL-NXT-render-26-1339061206","previews/wwe-nxt-noam-dar__2__babuguuscooties.jpg","raw/wwe-nxt-noam-dar__2__babuguuscooties.png","error","HTTPError: 403 Client Error: Forbidden for url: https://www.deviantart.com/babuguuscooties/art/Noam-Dar-OFFICIAL-NXT-render-26-1339061206"
"","Noam Dar","wwe-nxt-noam-dar","3","WWE Noam Dar PNG Render 2026","yanrtbtn","65","","https://www.deviantart.com/yanrtbtn/art/WWE-Noam-Dar-PNG-Render-2026-1339094643","previews/wwe-nxt-noam-dar__3__yanrtbtn.jpg","raw/wwe-nxt-noam-dar__3__yanrtbtn.png","error","HTTPError: 403 Client Error: Forbidden for url: https://www.deviantart.com/yanrtbtn/art/WWE-Noam-Dar-PNG-Render-2026-1339094643"
"","Ivy Nile","wwe-raw-ivy-nile","1","Ivy Nile Render by yasuke4u","yasuke4u","65","","https://www.deviantart.com/yasuke4u/art/Ivy-Nile-Render-by-yasuke4u-1318413788","previews/wwe-raw-ivy-nile__1__yasuke4u.jpg","raw/wwe-raw-ivy-nile__1__yasuke4u.png","error","HTTPError: 403 Client Error: Forbidden for url: https://www.deviantart.com/yasuke4u/art/Ivy-Nile-Render-by-yasuke4u-1318413788"
"","Ivy Nile","wwe-raw-ivy-nile","2","Ivy Nile WWE Render PNG","wwewomendaily","65","","https://www.deviantart.com/wwewomendaily/art/Ivy-Nile-WWE-Render-PNG-1173025375","previews/wwe-raw-ivy-nile__2__wwewomendaily.jpg","raw/wwe-raw-ivy-nile__2__wwewomendaily.png","error","HTTPError: 403 Client Error: Forbidden for url: https://www.deviantart.com/wwewomendaily/art/Ivy-Nile-WWE-Render-PNG-1173025375"
"","Ivy Nile","wwe-raw-ivy-nile","3","Ivy Nile WWE Render PNG","wwewomendaily","65","","https://www.deviantart.com/wwewomendaily/art/Ivy-Nile-WWE-Render-PNG-1161963608","previews/wwe-raw-ivy-nile__3__wwewomendaily.jpg","raw/wwe-raw-ivy-nile__3__wwewomendaily.png","error","HTTPError: 403 Client Error: Forbidden for url: https://www.deviantart.com/wwewomendaily/art/Ivy-Nile-WWE-Render-PNG-1161963608"
"","Izzi Dame","wwe-nxt-izzi-dame","1","Izzi Dame Render by yasuke4u","yasuke4u","65","","https://www.deviantart.com/yasuke4u/art/Izzi-Dame-Render-by-yasuke4u-1317865868","previews/wwe-nxt-izzi-dame__1__yasuke4u.jpg","raw/wwe-nxt-izzi-dame__1__yasuke4u.png","error","HTTPError: 403 Client Error: Forbidden for url: https://www.deviantart.com/yasuke4u/art/Izzi-Dame-Render-by-yasuke4u-1317865868"
"","Izzi Dame","wwe-nxt-izzi-dame","2","Izzi Dame Render by yasuke4u","yasuke4u","65","","https://www.deviantart.com/yasuke4u/art/Izzi-Dame-Render-by-yasuke4u-1317811313","previews/wwe-nxt-izzi-dame__2__yasuke4u.jpg","raw/wwe-nxt-izzi-dame__2__yasuke4u.png","error","HTTPError: 403 Client Error: Forbidden for url: https://www.deviantart.com/yasuke4u/art/Izzi-Dame-Render-by-yasuke4u-1317811313"
"","Izzi Dame","wwe-nxt-izzi-dame","3","WWE Izzi Dame PNG Render 2026","yanrtbtn","65","","https://www.deviantart.com/yanrtbtn/art/WWE-Izzi-Dame-PNG-Render-2026-1325344032","previews/wwe-nxt-izzi-dame__3__yanrtbtn.jpg","raw/wwe-nxt-izzi-dame__3__yanrtbtn.png","error","HTTPError: 403 Client Error: Forbidden for url: https://www.deviantart.com/yanrtbtn/art/WWE-Izzi-Dame-PNG-Render-2026-1325344032"
"","Hologram","aew-aew-hologram","1","WWE 2K RENDER - HOLOGRAM","xlone2k","50","","https://www.deviantart.com/xlone2k/art/WWE-2K-RENDER-HOLOGRAM-1294020065","previews/aew-aew-hologram__1__xlone2k.jpg","raw/aew-aew-hologram__1__xlone2k.png","error","HTTPError: 403 Client Error: Forbidden for url: https://www.deviantart.com/xlone2k/art/WWE-2K-RENDER-HOLOGRAM-1294020065"
"","Hologram","aew-aew-hologram","2","WWE 2K RENDER - HOLOGRAM","xlone2k","50","","https://www.deviantart.com/xlone2k/art/WWE-2K-RENDER-HOLOGRAM-1294019952","previews/aew-aew-hologram__2__xlone2k.jpg","raw/aew-aew-hologram__2__xlone2k.png","error","HTTPError: 403 Client Error: Forbidden for url: https://www.deviantart.com/xlone2k/art/WWE-2K-RENDER-HOLOGRAM-1294019952"
"","Hologram","aew-aew-hologram","3","Harbinger (ME Remake, Hologram) Render","sc2hayasuiarts","50","","https://www.deviantart.com/sc2hayasuiarts/art/Harbinger-ME-Remake-Hologram-Render-1063025498","previews/aew-aew-hologram__3__sc2hayasuiarts.jpg","raw/aew-aew-hologram__3__sc2hayasuiarts.png","error","HTTPError: 403 Client Error: Forbidden for url: https://www.deviantart.com/sc2hayasuiarts/art/Harbinger-ME-Remake-Hologram-Render-1063025498"
"","Brutus Creed","wwe-raw-brutus-creed","1","Brutus Creed 2026 Render","gamechanger2000","65","","https://www.deviantart.com/gamechanger2000/art/Brutus-Creed-2026-Render-1308579140","previews/wwe-raw-brutus-creed__1__gamechanger2000.jpg","raw/wwe-raw-brutus-creed__1__gamechanger2000.png","error","HTTPError: 403 Client Error: Forbidden for url: https://www.deviantart.com/gamechanger2000/art/Brutus-Creed-2026-Render-1308579140"
"","Brutus Creed","wwe-raw-brutus-creed","2","Brutus Creed WWE Render 2025","ykprihodilo","65","","https://www.deviantart.com/ykprihodilo/art/Brutus-Creed-WWE-Render-2025-1210012474","previews/wwe-raw-brutus-creed__2__ykprihodilo.jpg","raw/wwe-raw-brutus-creed__2__ykprihodilo.png","error","HTTPError: 403 Client Error: Forbidden for url: https://www.deviantart.com/ykprihodilo/art/Brutus-Creed-WWE-Render-2025-1210012474"
"","Brutus Creed","wwe-raw-brutus-creed","3","Brutus Creed *OFFICIAL* WWE render '26","babuguuscooties","65","","https://www.deviantart.com/babuguuscooties/art/Brutus-Creed-OFFICIAL-WWE-render-26-1297059841","previews/wwe-raw-brutus-creed__3__babuguuscooties.jpg","raw/wwe-raw-brutus-creed__3__babuguuscooties.png","error","HTTPError: 403 Client Error: Forbidden for url: https://www.deviantart.com/babuguuscooties/art/Brutus-Creed-OFFICIAL-WWE-render-26-1297059841"
"","Johnny Gargano","wwe-smackdown-johnny-gargano","1","Johnny Gargano WWE Render PNG","wwewomendaily","65","","https://www.deviantart.com/wwewomendaily/art/Johnny-Gargano-WWE-Render-PNG-1235843428","previews/wwe-smackdown-johnny-gargano__1__wwewomendaily.jpg","raw/wwe-smackdown-johnny-gargano__1__wwewomendaily.png","error","HTTPError: 403 Client Error: Forbidden for url: https://www.deviantart.com/wwewomendaily/art/Johnny-Gargano-WWE-Render-PNG-1235843428"
"","Johnny Gargano","wwe-smackdown-johnny-gargano","2","Johnny Gargano WWE Render PNG","wwewomendaily","65","","https://www.deviantart.com/wwewomendaily/art/Johnny-Gargano-WWE-Render-PNG-1025513202","previews/wwe-smackdown-johnny-gargano__2__wwewomendaily.jpg","raw/wwe-smackdown-johnny-gargano__2__wwewomendaily.png","error","HTTPError: 403 Client Error: Forbidden for url: https://www.deviantart.com/wwewomendaily/art/Johnny-Gargano-WWE-Render-PNG-1025513202"
"","Johnny Gargano","wwe-smackdown-johnny-gargano","3","Johnny Gargano WWE Render 2025","ykprihodilo","65","","https://www.deviantart.com/ykprihodilo/art/Johnny-Gargano-WWE-Render-2025-1230197169","previews/wwe-smackdown-johnny-gargano__3__ykprihodilo.jpg","raw/wwe-smackdown-johnny-gargano__3__ykprihodilo.png","error","HTTPError: 403 Client Error: Forbidden for url: https://www.deviantart.com/ykprihodilo/art/Johnny-Gargano-WWE-Render-2025-1230197169"
"","Charlie Dempsey","wwe-nxt-charlie-dempsey","1","Charlie Dempsey *OFFICIAL* NXT render '26","babuguuscooties","65","","https://www.deviantart.com/babuguuscooties/art/Charlie-Dempsey-OFFICIAL-NXT-render-26-1339061254","previews/wwe-nxt-charlie-dempsey__1__babuguuscooties.jpg","raw/wwe-nxt-charlie-dempsey__1__babuguuscooties.png","error","HTTPError: 403 Client Error: Forbidden for url: https://www.deviantart.com/babuguuscooties/art/Charlie-Dempsey-OFFICIAL-NXT-render-26-1339061254"
"","Charlie Dempsey","wwe-nxt-charlie-dempsey","2","WWE NXT Charlie Dempsey 2026 render","vlysyuk","65","","https://www.deviantart.com/vlysyuk/art/WWE-NXT-Charlie-Dempsey-2026-render-1339004231","previews/wwe-nxt-charlie-dempsey__2__vlysyuk.jpg","raw/wwe-nxt-charlie-dempsey__2__vlysyuk.png","error","HTTPError: 403 Client Error: Forbidden for url: https://www.deviantart.com/vlysyuk/art/WWE-NXT-Charlie-Dempsey-2026-render-1339004231"
"","Charlie Dempsey","wwe-nxt-charlie-dempsey","3","WWE Charlie Dempsey PNG Render 2026","yanrtbtn","65","","https://www.deviantart.com/yanrtbtn/art/WWE-Charlie-Dempsey-PNG-Render-2026-1339094783","previews/wwe-nxt-charlie-dempsey__3__yanrtbtn.jpg","raw/wwe-nxt-charlie-dempsey__3__yanrtbtn.png","error","HTTPError: 403 Client Error: Forbidden for url: https://www.deviantart.com/yanrtbtn/art/WWE-Charlie-Dempsey-PNG-Render-2026-1339094783"
"","Buddy Matthews","aew-aew-buddy-matthews","1","Buddy Matthews 2026 Render png","dunktheclown","50","","https://www.deviantart.com/dunktheclown/art/Buddy-Matthews-2026-Render-png-1286184034","previews/aew-aew-buddy-matthews__1__dunktheclown.jpg","raw/aew-aew-buddy-matthews__1__dunktheclown.png","error","HTTPError: 403 Client Error: Forbidden for url: https://www.deviantart.com/dunktheclown/art/Buddy-Matthews-2026-Render-png-1286184034"
"","Buddy Matthews","aew-aew-buddy-matthews","2","WWE 2K RENDER - BUDDY MATTHEWS","xlone2k","50","","https://www.deviantart.com/xlone2k/art/WWE-2K-RENDER-BUDDY-MATTHEWS-1292136938","previews/aew-aew-buddy-matthews__2__xlone2k.jpg","raw/aew-aew-buddy-matthews__2__xlone2k.png","error","HTTPError: 403 Client Error: Forbidden for url: https://www.deviantart.com/xlone2k/art/WWE-2K-RENDER-BUDDY-MATTHEWS-1292136938"
"","Buddy Matthews","aew-aew-buddy-matthews","3","Buddy Matthews NXT Champion Render #2","crossedhero","50","belt-champion","https://www.deviantart.com/crossedhero/art/Buddy-Matthews-NXT-Champion-Render-2-961893050","previews/aew-aew-buddy-matthews__3__crossedhero.jpg","raw/aew-aew-buddy-matthews__3__crossedhero.png","error","HTTPError: 403 Client Error: Forbidden for url: https://www.deviantart.com/crossedhero/art/Buddy-Matthews-NXT-Champion-Render-2-961893050"
"","Jake Doyle","aew-aew-jake-doyle","1","Jake Doyle Render 4","replayscreen","50","","https://www.deviantart.com/replayscreen/art/Jake-Doyle-Render-4-1306065722","previews/aew-aew-jake-doyle__1__replayscreen.jpg","raw/aew-aew-jake-doyle__1__replayscreen.png","error","HTTPError: 403 Client Error: Forbidden for url: https://www.deviantart.com/replayscreen/art/Jake-Doyle-Render-4-1306065722"
"","Jake Doyle","aew-aew-jake-doyle","2","Jake Doyle Render","replayscreen","50","","https://www.deviantart.com/replayscreen/art/Jake-Doyle-Render-1306065441","previews/aew-aew-jake-doyle__2__replayscreen.jpg","raw/aew-aew-jake-doyle__2__replayscreen.png","error","HTTPError: 403 Client Error: Forbidden for url: https://www.deviantart.com/replayscreen/art/Jake-Doyle-Render-1306065441"
"","Jake Doyle","aew-aew-jake-doyle","3","Jake Doyle Render 3","replayscreen","50","","https://www.deviantart.com/replayscreen/art/Jake-Doyle-Render-3-1306065655","previews/aew-aew-jake-doyle__3__replayscreen.jpg","raw/aew-aew-jake-doyle__3__replayscreen.png","error","HTTPError: 403 Client Error: Forbidden for url: https://www.deviantart.com/replayscreen/art/Jake-Doyle-Render-3-1306065655"
"","Kota Ibushi","aew-aew-kota-ibushi","1","Kota Ibushi Render","xharlott","65","","https://www.deviantart.com/xharlott/art/Kota-Ibushi-Render-1285939014","previews/aew-aew-kota-ibushi__1__xharlott.jpg","raw/aew-aew-kota-ibushi__1__xharlott.png","error","HTTPError: 403 Client Error: Forbidden for url: https://www.deviantart.com/xharlott/art/Kota-Ibushi-Render-1285939014"
"","Kota Ibushi","aew-aew-kota-ibushi","2","Kota Ibushi AEW 2023 Render","goldystormwwe","50","","https://www.deviantart.com/goldystormwwe/art/Kota-Ibushi-AEW-2023-Render-1213849789","previews/aew-aew-kota-ibushi__2__goldystormwwe.jpg","raw/aew-aew-kota-ibushi__2__goldystormwwe.png","error","HTTPError: 403 Client Error: Forbidden for url: https://www.deviantart.com/goldystormwwe/art/Kota-Ibushi-AEW-2023-Render-1213849789"
"","Kota Ibushi","aew-aew-kota-ibushi","3","KOTA IBUSHI CAMPEON TAG RENDER","aob-studios","50","","https://www.deviantart.com/aob-studios/art/KOTA-IBUSHI-CAMPEON-TAG-RENDER-975015078","previews/aew-aew-kota-ibushi__3__aob-studios.jpg","raw/aew-aew-kota-ibushi__3__aob-studios.png","error","HTTPError: 403 Client Error: Forbidden for url: https://www.deviantart.com/aob-studios/art/KOTA-IBUSHI-CAMPEON-TAG-RENDER-975015078"
"","Myles Borne","wwe-nxt-myles-borne","1","Custom Myles Borne render!","cxpv1dz","65","","https://www.deviantart.com/cxpv1dz/art/Custom-Myles-Borne-render-1303015696","previews/wwe-nxt-myles-borne__1__cxpv1dz.jpg","raw/wwe-nxt-myles-borne__1__cxpv1dz.png","error","HTTPError: 403 Client Error: Forbidden for url: https://www.deviantart.com/cxpv1dz/art/Custom-Myles-Borne-render-1303015696"
"","Myles Borne","wwe-nxt-myles-borne","2","WWE NXT Myles Borne 2026 render","vlysyuk","65","","https://www.deviantart.com/vlysyuk/art/WWE-NXT-Myles-Borne-2026-render-1316382226","previews/wwe-nxt-myles-borne__2__vlysyuk.jpg","raw/wwe-nxt-myles-borne__2__vlysyuk.png","error","HTTPError: 403 Client Error: Forbidden for url: https://www.deviantart.com/vlysyuk/art/WWE-NXT-Myles-Borne-2026-render-1316382226"
"","Myles Borne","wwe-nxt-myles-borne","3","Myles Borne 2025 Render WWE NXT","line2j","65","","https://www.deviantart.com/line2j/art/Myles-Borne-2025-Render-WWE-NXT-1268599038","previews/wwe-nxt-myles-borne__3__line2j.jpg","raw/wwe-nxt-myles-borne__3__line2j.png","error","HTTPError: 403 Client Error: Forbidden for url: https://www.deviantart.com/line2j/art/Myles-Borne-2025-Render-WWE-NXT-1268599038"
"","Nathan Frazer","wwe-smackdown-nathan-frazer","1","Nathan Frazer *OFFICIAL* WWE render '25","babuguuscooties","65","","https://www.deviantart.com/babuguuscooties/art/Nathan-Frazer-OFFICIAL-WWE-render-25-1229833684","previews/wwe-smackdown-nathan-frazer__1__babuguuscooties.jpg","raw/wwe-smackdown-nathan-frazer__1__babuguuscooties.png","error","HTTPError: 403 Client Error: Forbidden for url: https://www.deviantart.com/babuguuscooties/art/Nathan-Frazer-OFFICIAL-WWE-render-25-1229833684"
"","Nathan Frazer","wwe-smackdown-nathan-frazer","2","WWE Nathan Frazer 2024 render","vlysyuk","65","","https://www.deviantart.com/vlysyuk/art/WWE-Nathan-Frazer-2024-render-1042427099","previews/wwe-smackdown-nathan-frazer__2__vlysyuk.jpg","raw/wwe-smackdown-nathan-frazer__2__vlysyuk.png","error","HTTPError: 403 Client Error: Forbidden for url: https://www.deviantart.com/vlysyuk/art/WWE-Nathan-Frazer-2024-render-1042427099"
"","Nathan Frazer","wwe-smackdown-nathan-frazer","3","WWE Axiom and Nathan Frazer render","vlysyuk","65","","https://www.deviantart.com/vlysyuk/art/WWE-Axiom-and-Nathan-Frazer-render-1040978222","previews/wwe-smackdown-nathan-frazer__3__vlysyuk.jpg","raw/wwe-smackdown-nathan-frazer__3__vlysyuk.png","error","HTTPError: 403 Client Error: Forbidden for url: https://www.deviantart.com/vlysyuk/art/WWE-Axiom-and-Nathan-Frazer-render-1040978222"
"","Axiom","wwe-smackdown-axiom","1","Axiom *OFFICIAL* WWE render '26","babuguuscooties","65","","https://www.deviantart.com/babuguuscooties/art/Axiom-OFFICIAL-WWE-render-26-1285602422","previews/wwe-smackdown-axiom__1__babuguuscooties.jpg","raw/wwe-smackdown-axiom__1__babuguuscooties.png","error","HTTPError: 403 Client Error: Forbidden for url: https://www.deviantart.com/babuguuscooties/art/Axiom-OFFICIAL-WWE-render-26-1285602422"
"","Axiom","wwe-smackdown-axiom","2","WWE Axiom 2024 render","vlysyuk","65","","https://www.deviantart.com/vlysyuk/art/WWE-Axiom-2024-render-1040978159","previews/wwe-smackdown-axiom__2__vlysyuk.jpg","raw/wwe-smackdown-axiom__2__vlysyuk.png","error","HTTPError: 403 Client Error: Forbidden for url: https://www.deviantart.com/vlysyuk/art/WWE-Axiom-2024-render-1040978159"
"","Axiom","wwe-smackdown-axiom","3","WWE Axiom 2026 render","vlysyuk","65","","https://www.deviantart.com/vlysyuk/art/WWE-Axiom-2026-render-1285426831","previews/wwe-smackdown-axiom__3__vlysyuk.jpg","raw/wwe-smackdown-axiom__3__vlysyuk.png","error","HTTPError: 403 Client Error: Forbidden for url: https://www.deviantart.com/vlysyuk/art/WWE-Axiom-2026-render-1285426831"
"","Josh Briggs","wwe-nxt-josh-briggs","1","Josh Briggs *OFFICIAL* NXT render '25","babuguuscooties","65","","https://www.deviantart.com/babuguuscooties/art/Josh-Briggs-OFFICIAL-NXT-render-25-1182088358","previews/wwe-nxt-josh-briggs__1__babuguuscooties.jpg","raw/wwe-nxt-josh-briggs__1__babuguuscooties.png","error","HTTPError: 403 Client Error: Forbidden for url: https://www.deviantart.com/babuguuscooties/art/Josh-Briggs-OFFICIAL-NXT-render-25-1182088358"
"","Josh Briggs","wwe-nxt-josh-briggs","2","Josh Briggs WWE NXT Render 2025","ykprihodilo","65","","https://www.deviantart.com/ykprihodilo/art/Josh-Briggs-WWE-NXT-Render-2025-1234103589","previews/wwe-nxt-josh-briggs__2__ykprihodilo.jpg","raw/wwe-nxt-josh-briggs__2__ykprihodilo.png","error","HTTPError: 403 Client Error: Forbidden for url: https://www.deviantart.com/ykprihodilo/art/Josh-Briggs-WWE-NXT-Render-2025-1234103589"
"","Josh Briggs","wwe-nxt-josh-briggs","3","WWE NXT Josh Briggs PNG Render 2025","yanrtbtn","65","","https://www.deviantart.com/yanrtbtn/art/WWE-NXT-Josh-Briggs-PNG-Render-2025-1181989826","previews/wwe-nxt-josh-briggs__3__yanrtbtn.jpg","raw/wwe-nxt-josh-briggs__3__yanrtbtn.png","error","HTTPError: 403 Client Error: Forbidden for url: https://www.deviantart.com/yanrtbtn/art/WWE-NXT-Josh-Briggs-PNG-Render-2025-1181989826"
"","Nikkita Lyons","wwe-nxt-nikkita-lyons","1","Nikkita Lyons Render by yasuke4u","yasuke4u","65","","https://www.deviantart.com/yasuke4u/art/Nikkita-Lyons-Render-by-yasuke4u-1309510582","previews/wwe-nxt-nikkita-lyons__1__yasuke4u.jpg","raw/wwe-nxt-nikkita-lyons__1__yasuke4u.png","error","HTTPError: 403 Client Error: Forbidden for url: https://www.deviantart.com/yasuke4u/art/Nikkita-Lyons-Render-by-yasuke4u-1309510582"
"","Nikkita Lyons","wwe-nxt-nikkita-lyons","2","WWE NXT Nikkita Lyons 2026 render","vlysyuk","65","","https://www.deviantart.com/vlysyuk/art/WWE-NXT-Nikkita-Lyons-2026-render-1332429378","previews/wwe-nxt-nikkita-lyons__2__vlysyuk.jpg","raw/wwe-nxt-nikkita-lyons__2__vlysyuk.png","error","HTTPError: 403 Client Error: Forbidden for url: https://www.deviantart.com/vlysyuk/art/WWE-NXT-Nikkita-Lyons-2026-render-1332429378"
"","Nikkita Lyons","wwe-nxt-nikkita-lyons","3","WWE Nikkita Lyons PNG Render 2026","yanrtbtn","65","","https://www.deviantart.com/yanrtbtn/art/WWE-Nikkita-Lyons-PNG-Render-2026-1332696072","previews/wwe-nxt-nikkita-lyons__3__yanrtbtn.jpg","raw/wwe-nxt-nikkita-lyons__3__yanrtbtn.png","error","HTTPError: 403 Client Error: Forbidden for url: https://www.deviantart.com/yanrtbtn/art/WWE-Nikkita-Lyons-PNG-Render-2026-1332696072"
"","Kit Wilson","wwe-smackdown-kit-wilson","1","Kit Wilson Render v2","xharlott","65","","https://www.deviantart.com/xharlott/art/Kit-Wilson-Render-v2-1295012212","previews/wwe-smackdown-kit-wilson__1__xharlott.jpg","raw/wwe-smackdown-kit-wilson__1__xharlott.png","error","HTTPError: 403 Client Error: Forbidden for url: https://www.deviantart.com/xharlott/art/Kit-Wilson-Render-v2-1295012212"
"","Kit Wilson","wwe-smackdown-kit-wilson","2","Kit Wilson WWE Render PNG","wwewomendaily","65","","https://www.deviantart.com/wwewomendaily/art/Kit-Wilson-WWE-Render-PNG-1298844456","previews/wwe-smackdown-kit-wilson__2__wwewomendaily.jpg","raw/wwe-smackdown-kit-wilson__2__wwewomendaily.png","error","HTTPError: 403 Client Error: Forbidden for url: https://www.deviantart.com/wwewomendaily/art/Kit-Wilson-WWE-Render-PNG-1298844456"
"","Kit Wilson","wwe-smackdown-kit-wilson","3","Kit Wilson '26 Render","xharlott","65","","https://www.deviantart.com/xharlott/art/Kit-Wilson-26-Render-1287470193","previews/wwe-smackdown-kit-wilson__3__xharlott.jpg","raw/wwe-smackdown-kit-wilson__3__xharlott.png","error","HTTPError: 403 Client Error: Forbidden for url: https://www.deviantart.com/xharlott/art/Kit-Wilson-26-Render-1287470193"
"","Royce Keys","wwe-smackdown-royce-keys","1","Royce Keys *OFFICIAL* WWE render","babuguuscooties","65","","https://www.deviantart.com/babuguuscooties/art/Royce-Keys-OFFICIAL-WWE-render-1324398049","previews/wwe-smackdown-royce-keys__1__babuguuscooties.jpg","raw/wwe-smackdown-royce-keys__1__babuguuscooties.png","error","HTTPError: 403 Client Error: Forbidden for url: https://www.deviantart.com/babuguuscooties/art/Royce-Keys-OFFICIAL-WWE-render-1324398049"
"","Royce Keys","wwe-smackdown-royce-keys","2","WWE Royce Keys 2026 render","vlysyuk","65","","https://www.deviantart.com/vlysyuk/art/WWE-Royce-Keys-2026-render-1324213057","previews/wwe-smackdown-royce-keys__2__vlysyuk.jpg","raw/wwe-smackdown-royce-keys__2__vlysyuk.png","error","HTTPError: 403 Client Error: Forbidden for url: https://www.deviantart.com/vlysyuk/art/WWE-Royce-Keys-2026-render-1324213057"
"","Royce Keys","wwe-smackdown-royce-keys","3","WWE Royce Keys PNG Render 2026","yanrtbtn","65","","https://www.deviantart.com/yanrtbtn/art/WWE-Royce-Keys-PNG-Render-2026-1323206822","previews/wwe-smackdown-royce-keys__3__yanrtbtn.jpg","raw/wwe-smackdown-royce-keys__3__yanrtbtn.png","error","HTTPError: 403 Client Error: Forbidden for url: https://www.deviantart.com/yanrtbtn/art/WWE-Royce-Keys-PNG-Render-2026-1323206822"
"","Rusev","wwe-raw-rusev","1","Rusev '26 Render","xharlott","65","","https://www.deviantart.com/xharlott/art/Rusev-26-Render-1337931181","previews/wwe-raw-rusev__1__xharlott.jpg","raw/wwe-raw-rusev__1__xharlott.png","error","HTTPError: 403 Client Error: Forbidden for url: https://www.deviantart.com/xharlott/art/Rusev-26-Render-1337931181"
"","Rusev","wwe-raw-rusev","2","Rusev WWE Render 2025-2026","ykprihodilo","65","","https://www.deviantart.com/ykprihodilo/art/Rusev-WWE-Render-2025-2026-1289959408","previews/wwe-raw-rusev__2__ykprihodilo.jpg","raw/wwe-raw-rusev__2__ykprihodilo.png","error","HTTPError: 403 Client Error: Forbidden for url: https://www.deviantart.com/ykprihodilo/art/Rusev-WWE-Render-2025-2026-1289959408"
"","Rusev","wwe-raw-rusev","3","Rusev WWE Render PNG","wwewomendaily","65","","https://www.deviantart.com/wwewomendaily/art/Rusev-WWE-Render-PNG-1194468020","previews/wwe-raw-rusev__3__wwewomendaily.jpg","raw/wwe-raw-rusev__3__wwewomendaily.png","error","HTTPError: 403 Client Error: Forbidden for url: https://www.deviantart.com/wwewomendaily/art/Rusev-WWE-Render-PNG-1194468020"
"","Tama Tonga","wwe-smackdown-tama-tonga","1","Tama Tonga Render","xharlott","65","","https://www.deviantart.com/xharlott/art/Tama-Tonga-Render-1285941805","previews/wwe-smackdown-tama-tonga__1__xharlott.jpg","raw/wwe-smackdown-tama-tonga__1__xharlott.png","error","HTTPError: 403 Client Error: Forbidden for url: https://www.deviantart.com/xharlott/art/Tama-Tonga-Render-1285941805"
"","Tama Tonga","wwe-smackdown-tama-tonga","2","Tama Tonga May '26 Render","xharlott","65","","https://www.deviantart.com/xharlott/art/Tama-Tonga-May-26-Render-1333998513","previews/wwe-smackdown-tama-tonga__2__xharlott.jpg","raw/wwe-smackdown-tama-tonga__2__xharlott.png","error","HTTPError: 403 Client Error: Forbidden for url: https://www.deviantart.com/xharlott/art/Tama-Tonga-May-26-Render-1333998513"
"","Tama Tonga","wwe-smackdown-tama-tonga","3","Tama Tonga *OFFICIAL* WWE render '26","babuguuscooties","65","","https://www.deviantart.com/babuguuscooties/art/Tama-Tonga-OFFICIAL-WWE-render-26-1295910908","previews/wwe-smackdown-tama-tonga__3__babuguuscooties.jpg","raw/wwe-smackdown-tama-tonga__3__babuguuscooties.png","error","HTTPError: 403 Client Error: Forbidden for url: https://www.deviantart.com/babuguuscooties/art/Tama-Tonga-OFFICIAL-WWE-render-26-1295910908"
"","Otis","wwe-raw-otis","1","WWE Otis Render 2024","yanrtbtn","65","","https://www.deviantart.com/yanrtbtn/art/WWE-Otis-Render-2024-1073521732","previews/wwe-raw-otis__1__yanrtbtn.jpg","raw/wwe-raw-otis__1__yanrtbtn.png","error","HTTPError: 403 Client Error: Forbidden for url: https://www.deviantart.com/yanrtbtn/art/WWE-Otis-Render-2024-1073521732"
"","Otis","wwe-raw-otis","2","WWE Otis 2024 render","vlysyuk","65","","https://www.deviantart.com/vlysyuk/art/WWE-Otis-2024-render-1073699367","previews/wwe-raw-otis__2__vlysyuk.jpg","raw/wwe-raw-otis__2__vlysyuk.png","error","HTTPError: 403 Client Error: Forbidden for url: https://www.deviantart.com/vlysyuk/art/WWE-Otis-2024-render-1073699367"
"","Otis","wwe-raw-otis","3","Otis *OFFICIAL* WWE render '23","babuguuscooties","65","","https://www.deviantart.com/babuguuscooties/art/Otis-OFFICIAL-WWE-render-23-959997529","previews/wwe-raw-otis__3__babuguuscooties.jpg","raw/wwe-raw-otis__3__babuguuscooties.png","error","HTTPError: 403 Client Error: Forbidden for url: https://www.deviantart.com/babuguuscooties/art/Otis-OFFICIAL-WWE-render-23-959997529"
"","Bronco Nima","wwe-nxt-bronco-nima","1","Bronco Nima WWE NXT Render 2024","ykprihodilo","65","","https://www.deviantart.com/ykprihodilo/art/Bronco-Nima-WWE-NXT-Render-2024-1136524582","previews/wwe-nxt-bronco-nima__1__ykprihodilo.jpg","raw/wwe-nxt-bronco-nima__1__ykprihodilo.png","error","HTTPError: 403 Client Error: Forbidden for url: https://www.deviantart.com/ykprihodilo/art/Bronco-Nima-WWE-NXT-Render-2024-1136524582"
"","Bronco Nima","wwe-nxt-bronco-nima","2","Bronco Nima *OFFICIAL* NXT render '23","babuguuscooties","65","","https://www.deviantart.com/babuguuscooties/art/Bronco-Nima-OFFICIAL-NXT-render-23-975473759","previews/wwe-nxt-bronco-nima__2__babuguuscooties.jpg","raw/wwe-nxt-bronco-nima__2__babuguuscooties.png","error","HTTPError: 403 Client Error: Forbidden for url: https://www.deviantart.com/babuguuscooties/art/Bronco-Nima-OFFICIAL-NXT-render-23-975473759"
"","Bronco Nima","wwe-nxt-bronco-nima","3","Bronco Nima WWE NXT Render 2024","ykprihodilo","65","","https://www.deviantart.com/ykprihodilo/art/Bronco-Nima-WWE-NXT-Render-2024-1136506583","previews/wwe-nxt-bronco-nima__3__ykprihodilo.jpg","raw/wwe-nxt-bronco-nima__3__ykprihodilo.png","error","HTTPError: 403 Client Error: Forbidden for url: https://www.deviantart.com/ykprihodilo/art/Bronco-Nima-WWE-NXT-Render-2024-1136506583"
"","Kali Armstrong","wwe-nxt-kali-armstrong","1","WWE NXT Kali Armstrong 2026 render","vlysyuk","65","","https://www.deviantart.com/vlysyuk/art/WWE-NXT-Kali-Armstrong-2026-render-1322438861","previews/wwe-nxt-kali-armstrong__1__vlysyuk.jpg","raw/wwe-nxt-kali-armstrong__1__vlysyuk.png","error","HTTPError: 403 Client Error: Forbidden for url: https://www.deviantart.com/vlysyuk/art/WWE-NXT-Kali-Armstrong-2026-render-1322438861"
"","Kali Armstrong","wwe-nxt-kali-armstrong","2","Kali Armstrong *OFFICIAL* NXT render","babuguuscooties","65","","https://www.deviantart.com/babuguuscooties/art/Kali-Armstrong-OFFICIAL-NXT-render-1324398063","previews/wwe-nxt-kali-armstrong__2__babuguuscooties.jpg","raw/wwe-nxt-kali-armstrong__2__babuguuscooties.png","error","HTTPError: 403 Client Error: Forbidden for url: https://www.deviantart.com/babuguuscooties/art/Kali-Armstrong-OFFICIAL-NXT-render-1324398063"
"","Kali Armstrong","wwe-nxt-kali-armstrong","3","WWE Kali Armstrong PNG Render 2026","yanrtbtn","65","","https://www.deviantart.com/yanrtbtn/art/WWE-Kali-Armstrong-PNG-Render-2026-1322873770","previews/wwe-nxt-kali-armstrong__3__yanrtbtn.jpg","raw/wwe-nxt-kali-armstrong__3__yanrtbtn.png","error","HTTPError: 403 Client Error: Forbidden for url: https://www.deviantart.com/yanrtbtn/art/WWE-Kali-Armstrong-PNG-Render-2026-1322873770"
"","Adriana Rizzo","wwe-nxt-adriana-rizzo","1","Adriana Rizzo Render by yasuke4u","yasuke4u","65","","https://www.deviantart.com/yasuke4u/art/Adriana-Rizzo-Render-by-yasuke4u-1318413767","previews/wwe-nxt-adriana-rizzo__1__yasuke4u.jpg","raw/wwe-nxt-adriana-rizzo__1__yasuke4u.png","error","HTTPError: 403 Client Error: Forbidden for url: https://www.deviantart.com/yasuke4u/art/Adriana-Rizzo-Render-by-yasuke4u-1318413767"
"","Adriana Rizzo","wwe-nxt-adriana-rizzo","2","Adriana Rizzo WWE NXT Render 2025","ykprihodilo","65","","https://www.deviantart.com/ykprihodilo/art/Adriana-Rizzo-WWE-NXT-Render-2025-1217405280","previews/wwe-nxt-adriana-rizzo__2__ykprihodilo.jpg","raw/wwe-nxt-adriana-rizzo__2__ykprihodilo.png","error","HTTPError: 403 Client Error: Forbidden for url: https://www.deviantart.com/ykprihodilo/art/Adriana-Rizzo-WWE-NXT-Render-2025-1217405280"
"","Adriana Rizzo","wwe-nxt-adriana-rizzo","3","Adriana Rizzo WWE NXT Render 2025","ykprihodilo","65","","https://www.deviantart.com/ykprihodilo/art/Adriana-Rizzo-WWE-NXT-Render-2025-1241569626","previews/wwe-nxt-adriana-rizzo__3__ykprihodilo.jpg","raw/wwe-nxt-adriana-rizzo__3__ykprihodilo.png","error","HTTPError: 403 Client Error: Forbidden for url: https://www.deviantart.com/ykprihodilo/art/Adriana-Rizzo-WWE-NXT-Render-2025-1241569626"
"","Arianna Grace","wwe-nxt-arianna-grace","1","Arianna Grace Render by yasuke4u","yasuke4u","65","","https://www.deviantart.com/yasuke4u/art/Arianna-Grace-Render-by-yasuke4u-1308945619","previews/wwe-nxt-arianna-grace__1__yasuke4u.jpg","raw/wwe-nxt-arianna-grace__1__yasuke4u.png","error","HTTPError: 403 Client Error: Forbidden for url: https://www.deviantart.com/yasuke4u/art/Arianna-Grace-Render-by-yasuke4u-1308945619"
"","Arianna Grace","wwe-nxt-arianna-grace","2","Arianna Grace WWE Render PNG","wwewomendaily","65","","https://www.deviantart.com/wwewomendaily/art/Arianna-Grace-WWE-Render-PNG-1167738641","previews/wwe-nxt-arianna-grace__2__wwewomendaily.jpg","raw/wwe-nxt-arianna-grace__2__wwewomendaily.png","error","HTTPError: 403 Client Error: Forbidden for url: https://www.deviantart.com/wwewomendaily/art/Arianna-Grace-WWE-Render-PNG-1167738641"
"","Arianna Grace","wwe-nxt-arianna-grace","3","Arianna Grace *OFFICIAL* NXT render '24","babuguuscooties","65","","https://www.deviantart.com/babuguuscooties/art/Arianna-Grace-OFFICIAL-NXT-render-24-1000912209","previews/wwe-nxt-arianna-grace__3__babuguuscooties.jpg","raw/wwe-nxt-arianna-grace__3__babuguuscooties.png","error","HTTPError: 403 Client Error: Forbidden for url: https://www.deviantart.com/babuguuscooties/art/Arianna-Grace-OFFICIAL-NXT-render-24-1000912209"
"","Karmen Petrovic","wwe-nxt-karmen-petrovic","1","Karmen Petrovic WWE Render PNG","wwewomendaily","65","","https://www.deviantart.com/wwewomendaily/art/Karmen-Petrovic-WWE-Render-PNG-1235107177","previews/wwe-nxt-karmen-petrovic__1__wwewomendaily.jpg","raw/wwe-nxt-karmen-petrovic__1__wwewomendaily.png","error","HTTPError: 403 Client Error: Forbidden for url: https://www.deviantart.com/wwewomendaily/art/Karmen-Petrovic-WWE-Render-PNG-1235107177"
"","Karmen Petrovic","wwe-nxt-karmen-petrovic","2","Custom Karmen Petrovic WWE Render PNG","wwewomendaily","65","","https://www.deviantart.com/wwewomendaily/art/Custom-Karmen-Petrovic-WWE-Render-PNG-1240219012","previews/wwe-nxt-karmen-petrovic__2__wwewomendaily.jpg","raw/wwe-nxt-karmen-petrovic__2__wwewomendaily.png","error","HTTPError: 403 Client Error: Forbidden for url: https://www.deviantart.com/wwewomendaily/art/Custom-Karmen-Petrovic-WWE-Render-PNG-1240219012"
"","Karmen Petrovic","wwe-nxt-karmen-petrovic","3","Karmen Petrovic WWE Render PNG","wwewomendaily","65","","https://www.deviantart.com/wwewomendaily/art/Karmen-Petrovic-WWE-Render-PNG-1035795386","previews/wwe-nxt-karmen-petrovic__3__wwewomendaily.jpg","raw/wwe-nxt-karmen-petrovic__3__wwewomendaily.png","error","HTTPError: 403 Client Error: Forbidden for url: https://www.deviantart.com/wwewomendaily/art/Karmen-Petrovic-WWE-Render-PNG-1035795386"
"","Kendal Grey","wwe-nxt-kendal-grey","1","Kendal Grey 2026 Render WWE NXT","line2j","65","","https://www.deviantart.com/line2j/art/Kendal-Grey-2026-Render-WWE-NXT-1311240277","previews/wwe-nxt-kendal-grey__1__line2j.jpg","raw/wwe-nxt-kendal-grey__1__line2j.png","error","HTTPError: 403 Client Error: Forbidden for url: https://www.deviantart.com/line2j/art/Kendal-Grey-2026-Render-WWE-NXT-1311240277"
"","Kendal Grey","wwe-nxt-kendal-grey","2","WWE Kendal Grey PNG Render 2026","yanrtbtn","65","","https://www.deviantart.com/yanrtbtn/art/WWE-Kendal-Grey-PNG-Render-2026-1308960850","previews/wwe-nxt-kendal-grey__2__yanrtbtn.jpg","raw/wwe-nxt-kendal-grey__2__yanrtbtn.png","error","HTTPError: 403 Client Error: Forbidden for url: https://www.deviantart.com/yanrtbtn/art/WWE-Kendal-Grey-PNG-Render-2026-1308960850"
"","Kendal Grey","wwe-nxt-kendal-grey","3","WWE NXT Kendal Grey 2026 render","vlysyuk","65","","https://www.deviantart.com/vlysyuk/art/WWE-NXT-Kendal-Grey-2026-render-1312307696","previews/wwe-nxt-kendal-grey__3__vlysyuk.jpg","raw/wwe-nxt-kendal-grey__3__vlysyuk.png","error","HTTPError: 403 Client Error: Forbidden for url: https://www.deviantart.com/vlysyuk/art/WWE-NXT-Kendal-Grey-2026-render-1312307696"
"","Kiana James","wwe-smackdown-kiana-james","1","Kiana James WWE Render 2025-2026","ykprihodilo","65","","https://www.deviantart.com/ykprihodilo/art/Kiana-James-WWE-Render-2025-2026-1285185605","previews/wwe-smackdown-kiana-james__1__ykprihodilo.jpg","raw/wwe-smackdown-kiana-james__1__ykprihodilo.png","error","HTTPError: 403 Client Error: Forbidden for url: https://www.deviantart.com/ykprihodilo/art/Kiana-James-WWE-Render-2025-2026-1285185605"
"","Kiana James","wwe-smackdown-kiana-james","2","Kiana James WWE Render 2025 NEW","ykprihodilo","65","","https://www.deviantart.com/ykprihodilo/art/Kiana-James-WWE-Render-2025-NEW-1162594220","previews/wwe-smackdown-kiana-james__2__ykprihodilo.jpg","raw/wwe-smackdown-kiana-james__2__ykprihodilo.png","error","HTTPError: 403 Client Error: Forbidden for url: https://www.deviantart.com/ykprihodilo/art/Kiana-James-WWE-Render-2025-NEW-1162594220"
"","Kiana James","wwe-smackdown-kiana-james","3","WWE Kiana James 2026 render","vlysyuk","65","","https://www.deviantart.com/vlysyuk/art/WWE-Kiana-James-2026-render-1332429102","previews/wwe-smackdown-kiana-james__3__vlysyuk.jpg","raw/wwe-smackdown-kiana-james__3__vlysyuk.png","error","HTTPError: 403 Client Error: Forbidden for url: https://www.deviantart.com/vlysyuk/art/WWE-Kiana-James-2026-render-1332429102"
"","Lainey Reid","wwe-smackdown-lainey-reid","1","Lainey Reid Render by yasuke4u","yasuke4u","65","","https://www.deviantart.com/yasuke4u/art/Lainey-Reid-Render-by-yasuke4u-1288964660","previews/wwe-smackdown-lainey-reid__1__yasuke4u.jpg","raw/wwe-smackdown-lainey-reid__1__yasuke4u.png","error","HTTPError: 403 Client Error: Forbidden for url: https://www.deviantart.com/yasuke4u/art/Lainey-Reid-Render-by-yasuke4u-1288964660"
"","Lainey Reid","wwe-smackdown-lainey-reid","2","Lainey Reid '26 Render","xharlott","65","","https://www.deviantart.com/xharlott/art/Lainey-Reid-26-Render-1288916642","previews/wwe-smackdown-lainey-reid__2__xharlott.jpg","raw/wwe-smackdown-lainey-reid__2__xharlott.png","error","HTTPError: 403 Client Error: Forbidden for url: https://www.deviantart.com/xharlott/art/Lainey-Reid-26-Render-1288916642"
"","Lainey Reid","wwe-smackdown-lainey-reid","3","WWE NXT Lainey Reid PNG Render 2025","yanrtbtn","65","","https://www.deviantart.com/yanrtbtn/art/WWE-NXT-Lainey-Reid-PNG-Render-2025-1244479601","previews/wwe-smackdown-lainey-reid__3__yanrtbtn.jpg","raw/wwe-smackdown-lainey-reid__3__yanrtbtn.png","error","HTTPError: 403 Client Error: Forbidden for url: https://www.deviantart.com/yanrtbtn/art/WWE-NXT-Lainey-Reid-PNG-Render-2025-1244479601"
"","Lizzy Rain","wwe-nxt-lizzy-rain","1","Lizzy Rain Render","xharlott","65","","https://www.deviantart.com/xharlott/art/Lizzy-Rain-Render-1333856906","previews/wwe-nxt-lizzy-rain__1__xharlott.jpg","raw/wwe-nxt-lizzy-rain__1__xharlott.png","error","HTTPError: 403 Client Error: Forbidden for url: https://www.deviantart.com/xharlott/art/Lizzy-Rain-Render-1333856906"
"","Lizzy Rain","wwe-nxt-lizzy-rain","2","WWE NXT Lizzy Rain 2026 render","vlysyuk","65","","https://www.deviantart.com/vlysyuk/art/WWE-NXT-Lizzy-Rain-2026-render-1333463194","previews/wwe-nxt-lizzy-rain__2__vlysyuk.jpg","raw/wwe-nxt-lizzy-rain__2__vlysyuk.png","error","HTTPError: 403 Client Error: Forbidden for url: https://www.deviantart.com/vlysyuk/art/WWE-NXT-Lizzy-Rain-2026-render-1333463194"
"","Lizzy Rain","wwe-nxt-lizzy-rain","3","Lizzy Rain *OFFICIAL* NXT render","babuguuscooties","65","","https://www.deviantart.com/babuguuscooties/art/Lizzy-Rain-OFFICIAL-NXT-render-1332643634","previews/wwe-nxt-lizzy-rain__3__babuguuscooties.jpg","raw/wwe-nxt-lizzy-rain__3__babuguuscooties.png","error","HTTPError: 403 Client Error: Forbidden for url: https://www.deviantart.com/babuguuscooties/art/Lizzy-Rain-OFFICIAL-NXT-render-1332643634"
"","Myka Lockwood","wwe-nxt-myka-lockwood","1","Myka Lockwood Render (2026)","womensvengeance","50","","https://www.deviantart.com/womensvengeance/art/Myka-Lockwood-Render-2026-1338837252","previews/wwe-nxt-myka-lockwood__1__womensvengeance.jpg","raw/wwe-nxt-myka-lockwood__1__womensvengeance.png","error","HTTPError: 403 Client Error: Forbidden for url: https://www.deviantart.com/womensvengeance/art/Myka-Lockwood-Render-2026-1338837252"
"","Myka Lockwood","wwe-nxt-myka-lockwood","2","Myka Lockwood WWE NXT 2026","wwestarrender","45","","https://www.deviantart.com/wwestarrender/art/Myka-Lockwood-WWE-NXT-2026-1339195139","previews/wwe-nxt-myka-lockwood__2__wwestarrender.jpg","raw/wwe-nxt-myka-lockwood__2__wwestarrender.png","error","HTTPError: 403 Client Error: Forbidden for url: https://www.deviantart.com/wwestarrender/art/Myka-Lockwood-WWE-NXT-2026-1339195139"
"","Myka Lockwood","wwe-nxt-myka-lockwood","3","Myka Lockwood WWE NXT 2026","wwestarrender","45","","https://www.deviantart.com/wwestarrender/art/Myka-Lockwood-WWE-NXT-2026-1322493046","previews/wwe-nxt-myka-lockwood__3__wwestarrender.jpg","raw/wwe-nxt-myka-lockwood__3__wwestarrender.png","error","HTTPError: 403 Client Error: Forbidden for url: https://www.deviantart.com/wwestarrender/art/Myka-Lockwood-WWE-NXT-2026-1322493046"
"","Piper Niven","wwe-smackdown-piper-niven","1","Piper Niven Render by yasuke4u","yasuke4u","65","","https://www.deviantart.com/yasuke4u/art/Piper-Niven-Render-by-yasuke4u-1298133311","previews/wwe-smackdown-piper-niven__1__yasuke4u.jpg","raw/wwe-smackdown-piper-niven__1__yasuke4u.png","error","HTTPError: 403 Client Error: Forbidden for url: https://www.deviantart.com/yasuke4u/art/Piper-Niven-Render-by-yasuke4u-1298133311"
"","Piper Niven","wwe-smackdown-piper-niven","2","Piper Niven WWE Render PNG","wwewomendaily","65","","https://www.deviantart.com/wwewomendaily/art/Piper-Niven-WWE-Render-PNG-1264521194","previews/wwe-smackdown-piper-niven__2__wwewomendaily.jpg","raw/wwe-smackdown-piper-niven__2__wwewomendaily.png","error","HTTPError: 403 Client Error: Forbidden for url: https://www.deviantart.com/wwewomendaily/art/Piper-Niven-WWE-Render-PNG-1264521194"
"","Piper Niven","wwe-smackdown-piper-niven","3","Piper Niven WWE Render PNG","wwewomendaily","65","","https://www.deviantart.com/wwewomendaily/art/Piper-Niven-WWE-Render-PNG-1024703381","previews/wwe-smackdown-piper-niven__3__wwewomendaily.jpg","raw/wwe-smackdown-piper-niven__3__wwewomendaily.png","error","HTTPError: 403 Client Error: Forbidden for url: https://www.deviantart.com/wwewomendaily/art/Piper-Niven-WWE-Render-PNG-1024703381"
"","Skylar Raye","wwe-nxt-skylar-raye","1","WWE Skylar Raye PNG Render 2026","yanrtbtn","65","","https://www.deviantart.com/yanrtbtn/art/WWE-Skylar-Raye-PNG-Render-2026-1314861286","previews/wwe-nxt-skylar-raye__1__yanrtbtn.jpg","raw/wwe-nxt-skylar-raye__1__yanrtbtn.png","error","HTTPError: 403 Client Error: Forbidden for url: https://www.deviantart.com/yanrtbtn/art/WWE-Skylar-Raye-PNG-Render-2026-1314861286"
"","Skylar Raye","wwe-nxt-skylar-raye","2","WWE NXT Skylar Raye 2026 render","vlysyuk","65","","https://www.deviantart.com/vlysyuk/art/WWE-NXT-Skylar-Raye-2026-render-1311815500","previews/wwe-nxt-skylar-raye__2__vlysyuk.jpg","raw/wwe-nxt-skylar-raye__2__vlysyuk.png","error","HTTPError: 403 Client Error: Forbidden for url: https://www.deviantart.com/vlysyuk/art/WWE-NXT-Skylar-Raye-2026-render-1311815500"
"","Skylar Raye","wwe-nxt-skylar-raye","3","Skylar Raye *OFFICIAL* NXT render","babuguuscooties","65","","https://www.deviantart.com/babuguuscooties/art/Skylar-Raye-OFFICIAL-NXT-render-1312032474","previews/wwe-nxt-skylar-raye__3__babuguuscooties.jpg","raw/wwe-nxt-skylar-raye__3__babuguuscooties.png","error","HTTPError: 403 Client Error: Forbidden for url: https://www.deviantart.com/babuguuscooties/art/Skylar-Raye-OFFICIAL-NXT-render-1312032474"
"","Tatum Paxley","wwe-nxt-tatum-paxley","1","Tatum Paxley Render by yasuke4u","yasuke4u","65","","https://www.deviantart.com/yasuke4u/art/Tatum-Paxley-Render-by-yasuke4u-1318080437","previews/wwe-nxt-tatum-paxley__1__yasuke4u.jpg","raw/wwe-nxt-tatum-paxley__1__yasuke4u.png","error","HTTPError: 403 Client Error: Forbidden for url: https://www.deviantart.com/yasuke4u/art/Tatum-Paxley-Render-by-yasuke4u-1318080437"
"","Tatum Paxley","wwe-nxt-tatum-paxley","2","WWE NXT Tatum Paxley 2026 render","vlysyuk","65","","https://www.deviantart.com/vlysyuk/art/WWE-NXT-Tatum-Paxley-2026-render-1308472898","previews/wwe-nxt-tatum-paxley__2__vlysyuk.jpg","raw/wwe-nxt-tatum-paxley__2__vlysyuk.png","error","HTTPError: 403 Client Error: Forbidden for url: https://www.deviantart.com/vlysyuk/art/WWE-NXT-Tatum-Paxley-2026-render-1308472898"
"","Tatum Paxley","wwe-nxt-tatum-paxley","3","Tatum Paxley 2025 Render WWE NXT","line2j","65","","https://www.deviantart.com/line2j/art/Tatum-Paxley-2025-Render-WWE-NXT-1264923937","previews/wwe-nxt-tatum-paxley__3__line2j.jpg","raw/wwe-nxt-tatum-paxley__3__line2j.png","error","HTTPError: 403 Client Error: Forbidden for url: https://www.deviantart.com/line2j/art/Tatum-Paxley-2025-Render-WWE-NXT-1264923937"
"","Thea Hail","wwe-nxt-thea-hail","1","Thea Hail *OFFICIAL* NXT render '26","babuguuscooties","65","","https://www.deviantart.com/babuguuscooties/art/Thea-Hail-OFFICIAL-NXT-render-26-1319585363","previews/wwe-nxt-thea-hail__1__babuguuscooties.jpg","raw/wwe-nxt-thea-hail__1__babuguuscooties.png","error","HTTPError: 403 Client Error: Forbidden for url: https://www.deviantart.com/babuguuscooties/art/Thea-Hail-OFFICIAL-NXT-render-26-1319585363"
"","Thea Hail","wwe-nxt-thea-hail","2","WWE Thea Hail PNG Render 2026","yanrtbtn","65","","https://www.deviantart.com/yanrtbtn/art/WWE-Thea-Hail-PNG-Render-2026-1319649730","previews/wwe-nxt-thea-hail__2__yanrtbtn.jpg","raw/wwe-nxt-thea-hail__2__yanrtbtn.png","error","HTTPError: 403 Client Error: Forbidden for url: https://www.deviantart.com/yanrtbtn/art/WWE-Thea-Hail-PNG-Render-2026-1319649730"
"","Thea Hail","wwe-nxt-thea-hail","3","NXT Thea Hail 2026 Renders","gamechanger2000","65","","https://www.deviantart.com/gamechanger2000/art/NXT-Thea-Hail-2026-Renders-1298006518","previews/wwe-nxt-thea-hail__3__gamechanger2000.jpg","raw/wwe-nxt-thea-hail__3__gamechanger2000.png","error","HTTPError: 403 Client Error: Forbidden for url: https://www.deviantart.com/gamechanger2000/art/NXT-Thea-Hail-2026-Renders-1298006518"
"","Wendy Choo","wwe-nxt-wendy-choo","1","WWE Wendy Choo PNG Render 2026","yanrtbtn","65","","https://www.deviantart.com/yanrtbtn/art/WWE-Wendy-Choo-PNG-Render-2026-1300947886","previews/wwe-nxt-wendy-choo__1__yanrtbtn.jpg","raw/wwe-nxt-wendy-choo__1__yanrtbtn.png","error","HTTPError: 403 Client Error: Forbidden for url: https://www.deviantart.com/yanrtbtn/art/WWE-Wendy-Choo-PNG-Render-2026-1300947886"
"","Wendy Choo","wwe-nxt-wendy-choo","2","WWE NXT Wendy Choo Render 2024","yanrtbtn","65","","https://www.deviantart.com/yanrtbtn/art/WWE-NXT-Wendy-Choo-Render-2024-1073405538","previews/wwe-nxt-wendy-choo__2__yanrtbtn.jpg","raw/wwe-nxt-wendy-choo__2__yanrtbtn.png","error","HTTPError: 403 Client Error: Forbidden for url: https://www.deviantart.com/yanrtbtn/art/WWE-NXT-Wendy-Choo-Render-2024-1073405538"
"","Wendy Choo","wwe-nxt-wendy-choo","3","WWE NXT Wendy Choo 2026 render","vlysyuk","65","","https://www.deviantart.com/vlysyuk/art/WWE-NXT-Wendy-Choo-2026-render-1301935201","previews/wwe-nxt-wendy-choo__3__vlysyuk.jpg","raw/wwe-nxt-wendy-choo__3__vlysyuk.png","error","HTTPError: 403 Client Error: Forbidden for url: https://www.deviantart.com/vlysyuk/art/WWE-NXT-Wendy-Choo-2026-render-1301935201"
"","Wren Sinclair","wwe-nxt-wren-sinclair","1","Wren Sinclair Render by yasuke4u","yasuke4u","65","","https://www.deviantart.com/yasuke4u/art/Wren-Sinclair-Render-by-yasuke4u-1316537743","previews/wwe-nxt-wren-sinclair__1__yasuke4u.jpg","raw/wwe-nxt-wren-sinclair__1__yasuke4u.png","error","HTTPError: 403 Client Error: Forbidden for url: https://www.deviantart.com/yasuke4u/art/Wren-Sinclair-Render-by-yasuke4u-1316537743"
"","Wren Sinclair","wwe-nxt-wren-sinclair","2","WWE NXT Wren Sinclair 2026 render","vlysyuk","65","","https://www.deviantart.com/vlysyuk/art/WWE-NXT-Wren-Sinclair-2026-render-1316382435","previews/wwe-nxt-wren-sinclair__2__vlysyuk.jpg","raw/wwe-nxt-wren-sinclair__2__vlysyuk.png","error","HTTPError: 403 Client Error: Forbidden for url: https://www.deviantart.com/vlysyuk/art/WWE-NXT-Wren-Sinclair-2026-render-1316382435"
"","Wren Sinclair","wwe-nxt-wren-sinclair","3","Wren Sinclair *OFFICIAL* Womens Speed champ render","babuguuscooties","65","","https://www.deviantart.com/babuguuscooties/art/Wren-Sinclair-OFFICIAL-Womens-Speed-champ-render-1316500842","previews/wwe-nxt-wren-sinclair__3__babuguuscooties.jpg","raw/wwe-nxt-wren-sinclair__3__babuguuscooties.png","error","HTTPError: 403 Client Error: Forbidden for url: https://www.deviantart.com/babuguuscooties/art/Wren-Sinclair-OFFICIAL-Womens-Speed-champ-render-1316500842"
"","Zaria","wwe-nxt-zaria","1","Zaria Render by yasuke4u","yasuke4u","65","","https://www.deviantart.com/yasuke4u/art/Zaria-Render-by-yasuke4u-1316537765","previews/wwe-nxt-zaria__1__yasuke4u.jpg","raw/wwe-nxt-zaria__1__yasuke4u.png","error","HTTPError: 403 Client Error: Forbidden for url: https://www.deviantart.com/yasuke4u/art/Zaria-Render-by-yasuke4u-1316537765"
"","Zaria","wwe-nxt-zaria","2","Zaria WWE NXT Render 2025-2026","ykprihodilo","65","","https://www.deviantart.com/ykprihodilo/art/Zaria-WWE-NXT-Render-2025-2026-1285162719","previews/wwe-nxt-zaria__2__ykprihodilo.jpg","raw/wwe-nxt-zaria__2__ykprihodilo.png","error","HTTPError: 403 Client Error: Forbidden for url: https://www.deviantart.com/ykprihodilo/art/Zaria-WWE-NXT-Render-2025-2026-1285162719"
"","Zaria","wwe-nxt-zaria","3","Zaria Feb '26 Render","xharlott","65","","https://www.deviantart.com/xharlott/art/Zaria-Feb-26-Render-1298178081","previews/wwe-nxt-zaria__3__xharlott.jpg","raw/wwe-nxt-zaria__3__xharlott.png","error","HTTPError: 403 Client Error: Forbidden for url: https://www.deviantart.com/xharlott/art/Zaria-Feb-26-Render-1298178081"
"","Cruz Del Toro","wwe-raw-cruz-del-toro","1","WWE Cruz Del Toro render","vlysyuk","65","","https://www.deviantart.com/vlysyuk/art/WWE-Cruz-Del-Toro-render-1172960613","previews/wwe-raw-cruz-del-toro__1__vlysyuk.jpg","raw/wwe-raw-cruz-del-toro__1__vlysyuk.png","error","HTTPError: 403 Client Error: Forbidden for url: https://www.deviantart.com/vlysyuk/art/WWE-Cruz-Del-Toro-render-1172960613"
"","Cruz Del Toro","wwe-raw-cruz-del-toro","2","Cruz Del Toro WWE Render 2025","ykprihodilo","65","","https://www.deviantart.com/ykprihodilo/art/Cruz-Del-Toro-WWE-Render-2025-1164786602","previews/wwe-raw-cruz-del-toro__2__ykprihodilo.jpg","raw/wwe-raw-cruz-del-toro__2__ykprihodilo.png","error","HTTPError: 403 Client Error: Forbidden for url: https://www.deviantart.com/ykprihodilo/art/Cruz-Del-Toro-WWE-Render-2025-1164786602"
"","Cruz Del Toro","wwe-raw-cruz-del-toro","3","Cruz Del Toro WWE Render PNG","wwewomendaily","65","","https://www.deviantart.com/wwewomendaily/art/Cruz-Del-Toro-WWE-Render-PNG-943868967","previews/wwe-raw-cruz-del-toro__3__wwewomendaily.jpg","raw/wwe-raw-cruz-del-toro__3__wwewomendaily.png","error","HTTPError: 403 Client Error: Forbidden for url: https://www.deviantart.com/wwewomendaily/art/Cruz-Del-Toro-WWE-Render-PNG-943868967"
"","Talla Tonga","wwe-smackdown-talla-tonga","1","Talla Tonga Render","xharlott","65","","https://www.deviantart.com/xharlott/art/Talla-Tonga-Render-1285941815","previews/wwe-smackdown-talla-tonga__1__xharlott.jpg","raw/wwe-smackdown-talla-tonga__1__xharlott.png","error","HTTPError: 403 Client Error: Forbidden for url: https://www.deviantart.com/xharlott/art/Talla-Tonga-Render-1285941815"
"","Talla Tonga","wwe-smackdown-talla-tonga","2","Talla Tonga '26 Render","xharlott","65","","https://www.deviantart.com/xharlott/art/Talla-Tonga-26-Render-1335451360","previews/wwe-smackdown-talla-tonga__2__xharlott.jpg","raw/wwe-smackdown-talla-tonga__2__xharlott.png","error","HTTPError: 403 Client Error: Forbidden for url: https://www.deviantart.com/xharlott/art/Talla-Tonga-26-Render-1335451360"
"","Talla Tonga","wwe-smackdown-talla-tonga","3","Talla Tonga Render by yasuke4u","yasuke4u","65","","https://www.deviantart.com/yasuke4u/art/Talla-Tonga-Render-by-yasuke4u-1319217874","previews/wwe-smackdown-talla-tonga__3__yasuke4u.jpg","raw/wwe-smackdown-talla-tonga__3__yasuke4u.png","error","HTTPError: 403 Client Error: Forbidden for url: https://www.deviantart.com/yasuke4u/art/Talla-Tonga-Render-by-yasuke4u-1319217874"
"","Angel","wwe-smackdown-angel","1","Evil Angel Render","therainbowexefan2006","50","wrong-wrestler-risk","https://www.deviantart.com/therainbowexefan2006/art/Evil-Angel-Render-1333138535","previews/wwe-smackdown-angel__1__therainbowexefan2006.jpg","raw/wwe-smackdown-angel__1__therainbowexefan2006.png","error","HTTPError: 403 Client Error: Forbidden for url: https://www.deviantart.com/therainbowexefan2006/art/Evil-Angel-Render-1333138535"
"","Angel","wwe-smackdown-angel","2","Angel of Vengeance Render 1","warous","50","wrong-wrestler-risk","https://www.deviantart.com/warous/art/Angel-of-Vengeance-Render-1-1315456036","previews/wwe-smackdown-angel__2__warous.jpg","raw/wwe-smackdown-angel__2__warous.png","error","HTTPError: 403 Client Error: Forbidden for url: https://www.deviantart.com/warous/art/Angel-of-Vengeance-Render-1-1315456036"
"","Angel","wwe-smackdown-angel","3","Angel Render","kingevan210","50","wrong-wrestler-risk","https://www.deviantart.com/kingevan210/art/Angel-Render-1337247164","previews/wwe-smackdown-angel__3__kingevan210.jpg","raw/wwe-smackdown-angel__3__kingevan210.png","error","HTTPError: 403 Client Error: Forbidden for url: https://www.deviantart.com/kingevan210/art/Angel-Render-1337247164"
"","Berto","wwe-smackdown-berto","1","Humberto/Berto WWE Render PNG","wwewomendaily","65","","https://www.deviantart.com/wwewomendaily/art/Humberto-Berto-WWE-Render-PNG-1278356732","previews/wwe-smackdown-berto__1__wwewomendaily.jpg","raw/wwe-smackdown-berto__1__wwewomendaily.png","error","HTTPError: 403 Client Error: Forbidden for url: https://www.deviantart.com/wwewomendaily/art/Humberto-Berto-WWE-Render-PNG-1278356732"
"","Berto","wwe-smackdown-berto","2","Angel and Berto WWE Render 2025","ykprihodilo","65","","https://www.deviantart.com/ykprihodilo/art/Angel-and-Berto-WWE-Render-2025-1189163318","previews/wwe-smackdown-berto__2__ykprihodilo.jpg","raw/wwe-smackdown-berto__2__ykprihodilo.png","error","HTTPError: 403 Client Error: Forbidden for url: https://www.deviantart.com/ykprihodilo/art/Angel-and-Berto-WWE-Render-2025-1189163318"
"","Berto","wwe-smackdown-berto","3","WWE Berto 2025 render","vlysyuk","65","","https://www.deviantart.com/vlysyuk/art/WWE-Berto-2025-render-1232006393","previews/wwe-smackdown-berto__3__vlysyuk.jpg","raw/wwe-smackdown-berto__3__vlysyuk.png","error","HTTPError: 403 Client Error: Forbidden for url: https://www.deviantart.com/vlysyuk/art/WWE-Berto-2025-render-1232006393"
"","Bravo Americano","wwe-raw-bravo-americano","1","WWE Bravo Americano PNG Render 2026","yanrtbtn","65","","https://www.deviantart.com/yanrtbtn/art/WWE-Bravo-Americano-PNG-Render-2026-1314863497","previews/wwe-raw-bravo-americano__1__yanrtbtn.jpg","raw/wwe-raw-bravo-americano__1__yanrtbtn.png","error","HTTPError: 403 Client Error: Forbidden for url: https://www.deviantart.com/yanrtbtn/art/WWE-Bravo-Americano-PNG-Render-2026-1314863497"
"","Bravo Americano","wwe-raw-bravo-americano","2","WWE Bravo Americano 2026 render","vlysyuk","65","","https://www.deviantart.com/vlysyuk/art/WWE-Bravo-Americano-2026-render-1313717661","previews/wwe-raw-bravo-americano__2__vlysyuk.jpg","raw/wwe-raw-bravo-americano__2__vlysyuk.png","error","HTTPError: 403 Client Error: Forbidden for url: https://www.deviantart.com/vlysyuk/art/WWE-Bravo-Americano-2026-render-1313717661"
"","Bravo Americano","wwe-raw-bravo-americano","3","Bravo Americano *OFFICIAL* WWE render","babuguuscooties","65","","https://www.deviantart.com/babuguuscooties/art/Bravo-Americano-OFFICIAL-WWE-render-1313539321","previews/wwe-raw-bravo-americano__3__babuguuscooties.jpg","raw/wwe-raw-bravo-americano__3__babuguuscooties.png","error","HTTPError: 403 Client Error: Forbidden for url: https://www.deviantart.com/babuguuscooties/art/Bravo-Americano-OFFICIAL-WWE-render-1313539321"
"","Grayson Waller","wwe-raw-grayson-waller","1","Grayson Waller WWE Render 2025","ykprihodilo","65","","https://www.deviantart.com/ykprihodilo/art/Grayson-Waller-WWE-Render-2025-1225488469","previews/wwe-raw-grayson-waller__1__ykprihodilo.jpg","raw/wwe-raw-grayson-waller__1__ykprihodilo.png","error","HTTPError: 403 Client Error: Forbidden for url: https://www.deviantart.com/ykprihodilo/art/Grayson-Waller-WWE-Render-2025-1225488469"
"","Grayson Waller","wwe-raw-grayson-waller","2","Grayson Waller WWE Render PNG","wwewomendaily","65","","https://www.deviantart.com/wwewomendaily/art/Grayson-Waller-WWE-Render-PNG-1276098004","previews/wwe-raw-grayson-waller__2__wwewomendaily.jpg","raw/wwe-raw-grayson-waller__2__wwewomendaily.png","error","HTTPError: 403 Client Error: Forbidden for url: https://www.deviantart.com/wwewomendaily/art/Grayson-Waller-WWE-Render-PNG-1276098004"
"","Grayson Waller","wwe-raw-grayson-waller","3","Grayson Waller WWE Render PNG","wwewomendaily","65","","https://www.deviantart.com/wwewomendaily/art/Grayson-Waller-WWE-Render-PNG-1283742881","previews/wwe-raw-grayson-waller__3__wwewomendaily.jpg","raw/wwe-raw-grayson-waller__3__wwewomendaily.png","error","HTTPError: 403 Client Error: Forbidden for url: https://www.deviantart.com/wwewomendaily/art/Grayson-Waller-WWE-Render-PNG-1283742881"
"","Joaquin Wilde","wwe-raw-joaquin-wilde","1","Joaquin Wilde WWE Render PNG","wwewomendaily","65","","https://www.deviantart.com/wwewomendaily/art/Joaquin-Wilde-WWE-Render-PNG-1302105886","previews/wwe-raw-joaquin-wilde__1__wwewomendaily.jpg","raw/wwe-raw-joaquin-wilde__1__wwewomendaily.png","error","HTTPError: 403 Client Error: Forbidden for url: https://www.deviantart.com/wwewomendaily/art/Joaquin-Wilde-WWE-Render-PNG-1302105886"
"","Joaquin Wilde","wwe-raw-joaquin-wilde","2","Joaquin Wilde WWE Render 2025","ykprihodilo","65","","https://www.deviantart.com/ykprihodilo/art/Joaquin-Wilde-WWE-Render-2025-1242576571","previews/wwe-raw-joaquin-wilde__2__ykprihodilo.jpg","raw/wwe-raw-joaquin-wilde__2__ykprihodilo.png","error","HTTPError: 403 Client Error: Forbidden for url: https://www.deviantart.com/ykprihodilo/art/Joaquin-Wilde-WWE-Render-2025-1242576571"
"","Joaquin Wilde","wwe-raw-joaquin-wilde","3","WWE Joaquin Wilde render","vlysyuk","65","","https://www.deviantart.com/vlysyuk/art/WWE-Joaquin-Wilde-render-1172964527","previews/wwe-raw-joaquin-wilde__3__vlysyuk.jpg","raw/wwe-raw-joaquin-wilde__3__vlysyuk.png","error","HTTPError: 403 Client Error: Forbidden for url: https://www.deviantart.com/vlysyuk/art/WWE-Joaquin-Wilde-render-1172964527"
"","Matt Cardona","wwe-smackdown-matt-cardona","1","Matt Cardona WWE Render PNG","wwewomendaily","40","merch-card;manual-review","https://www.deviantart.com/wwewomendaily/art/Matt-Cardona-WWE-Render-PNG-1318170360","previews/wwe-smackdown-matt-cardona__1__wwewomendaily.jpg","raw/wwe-smackdown-matt-cardona__1__wwewomendaily.png","error","HTTPError: 403 Client Error: Forbidden for url: https://www.deviantart.com/wwewomendaily/art/Matt-Cardona-WWE-Render-PNG-1318170360"
"","Matt Cardona","wwe-smackdown-matt-cardona","2","Matt Cardona TNA Render PNG","wwewomendaily","40","merch-card;manual-review","https://www.deviantart.com/wwewomendaily/art/Matt-Cardona-TNA-Render-PNG-1203829251","previews/wwe-smackdown-matt-cardona__2__wwewomendaily.jpg","raw/wwe-smackdown-matt-cardona__2__wwewomendaily.png","error","HTTPError: 403 Client Error: Forbidden for url: https://www.deviantart.com/wwewomendaily/art/Matt-Cardona-TNA-Render-PNG-1203829251"
"","Matt Cardona","wwe-smackdown-matt-cardona","3","Matt Cardona Renders","gamechanger2000","40","merch-card;manual-review","https://www.deviantart.com/gamechanger2000/art/Matt-Cardona-Renders-1221293048","previews/wwe-smackdown-matt-cardona__3__gamechanger2000.jpg","raw/wwe-smackdown-matt-cardona__3__gamechanger2000.png","error","HTTPError: 403 Client Error: Forbidden for url: https://www.deviantart.com/gamechanger2000/art/Matt-Cardona-Renders-1221293048"
"","Brad Baylor","wwe-nxt-brad-baylor","1","Brad Baylor Render by yasuke4u","yasuke4u","65","","https://www.deviantart.com/yasuke4u/art/Brad-Baylor-Render-by-yasuke4u-1319217989","previews/wwe-nxt-brad-baylor__1__yasuke4u.jpg","raw/wwe-nxt-brad-baylor__1__yasuke4u.png","error","HTTPError: 403 Client Error: Forbidden for url: https://www.deviantart.com/yasuke4u/art/Brad-Baylor-Render-by-yasuke4u-1319217989"
"","Brad Baylor","wwe-nxt-brad-baylor","2","WWE NXT Brad Baylor 2026 render","vlysyuk","65","","https://www.deviantart.com/vlysyuk/art/WWE-NXT-Brad-Baylor-2026-render-1306609574","previews/wwe-nxt-brad-baylor__2__vlysyuk.jpg","raw/wwe-nxt-brad-baylor__2__vlysyuk.png","error","HTTPError: 403 Client Error: Forbidden for url: https://www.deviantart.com/vlysyuk/art/WWE-NXT-Brad-Baylor-2026-render-1306609574"
"","Brad Baylor","wwe-nxt-brad-baylor","3","Brad Baylor *OFFICIAL* NXT render","babuguuscooties","65","","https://www.deviantart.com/babuguuscooties/art/Brad-Baylor-OFFICIAL-NXT-render-1303141438","previews/wwe-nxt-brad-baylor__3__babuguuscooties.jpg","raw/wwe-nxt-brad-baylor__3__babuguuscooties.png","error","HTTPError: 403 Client Error: Forbidden for url: https://www.deviantart.com/babuguuscooties/art/Brad-Baylor-OFFICIAL-NXT-render-1303141438"
"","Cutler James","wwe-nxt-cutler-james","1","Cutler James from Darkstate WWE NXT Render 2025","ykprihodilo","65","","https://www.deviantart.com/ykprihodilo/art/Cutler-James-from-Darkstate-WWE-NXT-Render-2025-1218504170","previews/wwe-nxt-cutler-james__1__ykprihodilo.jpg","raw/wwe-nxt-cutler-james__1__ykprihodilo.png","error","HTTPError: 403 Client Error: Forbidden for url: https://www.deviantart.com/ykprihodilo/art/Cutler-James-from-Darkstate-WWE-NXT-Render-2025-1218504170"
"","Cutler James","wwe-nxt-cutler-james","2","WWE NXT Cutler James 2025 render","vlysyuk","65","","https://www.deviantart.com/vlysyuk/art/WWE-NXT-Cutler-James-2025-render-1192627988","previews/wwe-nxt-cutler-james__2__vlysyuk.jpg","raw/wwe-nxt-cutler-james__2__vlysyuk.png","error","HTTPError: 403 Client Error: Forbidden for url: https://www.deviantart.com/vlysyuk/art/WWE-NXT-Cutler-James-2025-render-1192627988"
"","Cutler James","wwe-nxt-cutler-james","3","Cutler James *OFFICIAL* NXT render '25","babuguuscooties","65","","https://www.deviantart.com/babuguuscooties/art/Cutler-James-OFFICIAL-NXT-render-25-1192000525","previews/wwe-nxt-cutler-james__3__babuguuscooties.jpg","raw/wwe-nxt-cutler-james__3__babuguuscooties.png","error","HTTPError: 403 Client Error: Forbidden for url: https://www.deviantart.com/babuguuscooties/art/Cutler-James-OFFICIAL-NXT-render-25-1192000525"
"","Dion Lennox","wwe-nxt-dion-lennox","1","WWE NXT Dion Lennox 2025 render","vlysyuk","65","","https://www.deviantart.com/vlysyuk/art/WWE-NXT-Dion-Lennox-2025-render-1240763271","previews/wwe-nxt-dion-lennox__1__vlysyuk.jpg","raw/wwe-nxt-dion-lennox__1__vlysyuk.png","error","HTTPError: 403 Client Error: Forbidden for url: https://www.deviantart.com/vlysyuk/art/WWE-NXT-Dion-Lennox-2025-render-1240763271"
"","Dion Lennox","wwe-nxt-dion-lennox","2","WWE NXT Dion Lennox 2025 render","vlysyuk","65","","https://www.deviantart.com/vlysyuk/art/WWE-NXT-Dion-Lennox-2025-render-1192628057","previews/wwe-nxt-dion-lennox__2__vlysyuk.jpg","raw/wwe-nxt-dion-lennox__2__vlysyuk.png","error","HTTPError: 403 Client Error: Forbidden for url: https://www.deviantart.com/vlysyuk/art/WWE-NXT-Dion-Lennox-2025-render-1192628057"
"","Dion Lennox","wwe-nxt-dion-lennox","3","Dion Lennox *OFFICIAL* NXT render '25","babuguuscooties","65","","https://www.deviantart.com/babuguuscooties/art/Dion-Lennox-OFFICIAL-NXT-render-25-1192000506","previews/wwe-nxt-dion-lennox__3__babuguuscooties.jpg","raw/wwe-nxt-dion-lennox__3__babuguuscooties.png","error","HTTPError: 403 Client Error: Forbidden for url: https://www.deviantart.com/babuguuscooties/art/Dion-Lennox-OFFICIAL-NXT-render-25-1192000506"
"","EK Prosper","wwe-nxt-ek-prosper","1","NXT EK Prosper PNG","gamechanger2000","65","manual-review","https://www.deviantart.com/gamechanger2000/art/NXT-EK-Prosper-PNG-1320369454","previews/wwe-nxt-ek-prosper__1__gamechanger2000.jpg","raw/wwe-nxt-ek-prosper__1__gamechanger2000.png","error","HTTPError: 403 Client Error: Forbidden for url: https://www.deviantart.com/gamechanger2000/art/NXT-EK-Prosper-PNG-1320369454"
"","EK Prosper","wwe-nxt-ek-prosper","2","EK Prosper WWE NXT 2026","wwestarrender","45","manual-review","https://www.deviantart.com/wwestarrender/art/EK-Prosper-WWE-NXT-2026-1297565996","previews/wwe-nxt-ek-prosper__2__wwestarrender.jpg","raw/wwe-nxt-ek-prosper__2__wwestarrender.png","error","HTTPError: 403 Client Error: Forbidden for url: https://www.deviantart.com/wwestarrender/art/EK-Prosper-WWE-NXT-2026-1297565996"
"","EK Prosper","wwe-nxt-ek-prosper","3","Boliever Does Poofesure Rage","fluffyiscool2022","0","manual-review","https://www.deviantart.com/fluffyiscool2022/art/Boliever-Does-Poofesure-Rage-1324464411","previews/wwe-nxt-ek-prosper__3__fluffyiscool2022.jpg","raw/wwe-nxt-ek-prosper__3__fluffyiscool2022.png","error","HTTPError: 403 Client Error: Forbidden for url: https://www.deviantart.com/fluffyiscool2022/art/Boliever-Does-Poofesure-Rage-1324464411"
"","Jackson Drake","wwe-nxt-jackson-drake","1","Jackson Drake Render by yasuke4u","yasuke4u","65","","https://www.deviantart.com/yasuke4u/art/Jackson-Drake-Render-by-yasuke4u-1319217982","previews/wwe-nxt-jackson-drake__1__yasuke4u.jpg","raw/wwe-nxt-jackson-drake__1__yasuke4u.png","error","HTTPError: 403 Client Error: Forbidden for url: https://www.deviantart.com/yasuke4u/art/Jackson-Drake-Render-by-yasuke4u-1319217982"
"","Jackson Drake","wwe-nxt-jackson-drake","2","Jackson Drake *OFFICIAL* NXT render","babuguuscooties","65","","https://www.deviantart.com/babuguuscooties/art/Jackson-Drake-OFFICIAL-NXT-render-1311700442","previews/wwe-nxt-jackson-drake__2__babuguuscooties.jpg","raw/wwe-nxt-jackson-drake__2__babuguuscooties.png","error","HTTPError: 403 Client Error: Forbidden for url: https://www.deviantart.com/babuguuscooties/art/Jackson-Drake-OFFICIAL-NXT-render-1311700442"
"","Jackson Drake","wwe-nxt-jackson-drake","3","WWE Evolve Jackson Drake 2025 render","vlysyuk","65","","https://www.deviantart.com/vlysyuk/art/WWE-Evolve-Jackson-Drake-2025-render-1263932505","previews/wwe-nxt-jackson-drake__3__vlysyuk.jpg","raw/wwe-nxt-jackson-drake__3__vlysyuk.png","error","HTTPError: 403 Client Error: Forbidden for url: https://www.deviantart.com/vlysyuk/art/WWE-Evolve-Jackson-Drake-2025-render-1263932505"
"","Jasper Troy","wwe-nxt-jasper-troy","1","WWE NXT Jasper Troy 2026 render","vlysyuk","65","","https://www.deviantart.com/vlysyuk/art/WWE-NXT-Jasper-Troy-2026-render-1296171827","previews/wwe-nxt-jasper-troy__1__vlysyuk.jpg","raw/wwe-nxt-jasper-troy__1__vlysyuk.png","error","HTTPError: 403 Client Error: Forbidden for url: https://www.deviantart.com/vlysyuk/art/WWE-NXT-Jasper-Troy-2026-render-1296171827"
"","Jasper Troy","wwe-nxt-jasper-troy","2","Jasper Troy *OFFICIAL* NXT render","babuguuscooties","65","","https://www.deviantart.com/babuguuscooties/art/Jasper-Troy-OFFICIAL-NXT-render-1222798941","previews/wwe-nxt-jasper-troy__2__babuguuscooties.jpg","raw/wwe-nxt-jasper-troy__2__babuguuscooties.png","error","HTTPError: 403 Client Error: Forbidden for url: https://www.deviantart.com/babuguuscooties/art/Jasper-Troy-OFFICIAL-NXT-render-1222798941"
"","Jasper Troy","wwe-nxt-jasper-troy","3","WWE NXT Jasper Troy 2025 render","vlysyuk","65","","https://www.deviantart.com/vlysyuk/art/WWE-NXT-Jasper-Troy-2025-render-1217779710","previews/wwe-nxt-jasper-troy__3__vlysyuk.jpg","raw/wwe-nxt-jasper-troy__3__vlysyuk.png","error","HTTPError: 403 Client Error: Forbidden for url: https://www.deviantart.com/vlysyuk/art/WWE-NXT-Jasper-Troy-2025-render-1217779710"
"","Kale Dixon","wwe-nxt-kale-dixon","1","Kale Dixon WWE NXT Render 2024","ykprihodilo","65","","https://www.deviantart.com/ykprihodilo/art/Kale-Dixon-WWE-NXT-Render-2024-1135526689","previews/wwe-nxt-kale-dixon__1__ykprihodilo.jpg","raw/wwe-nxt-kale-dixon__1__ykprihodilo.png","error","HTTPError: 403 Client Error: Forbidden for url: https://www.deviantart.com/ykprihodilo/art/Kale-Dixon-WWE-NXT-Render-2024-1135526689"
"","Kale Dixon","wwe-nxt-kale-dixon","2","Kale Dixon *OFFICIAL* NXT render","babuguuscooties","65","","https://www.deviantart.com/babuguuscooties/art/Kale-Dixon-OFFICIAL-NXT-render-1200628544","previews/wwe-nxt-kale-dixon__2__babuguuscooties.jpg","raw/wwe-nxt-kale-dixon__2__babuguuscooties.png","error","HTTPError: 403 Client Error: Forbidden for url: https://www.deviantart.com/babuguuscooties/art/Kale-Dixon-OFFICIAL-NXT-render-1200628544"
"","Kale Dixon","wwe-nxt-kale-dixon","3","Kale Dixon WWE NXT Render 2024","ykprihodilo","65","","https://www.deviantart.com/ykprihodilo/art/Kale-Dixon-WWE-NXT-Render-2024-1135495861","previews/wwe-nxt-kale-dixon__3__ykprihodilo.jpg","raw/wwe-nxt-kale-dixon__3__ykprihodilo.png","error","HTTPError: 403 Client Error: Forbidden for url: https://www.deviantart.com/ykprihodilo/art/Kale-Dixon-WWE-NXT-Render-2024-1135495861"
"","Kam Hendrix","wwe-nxt-kam-hendrix","1","Kam Hendrix WWE NXT EVOLVE 2025","wwestarrender","45","","https://www.deviantart.com/wwestarrender/art/Kam-Hendrix-WWE-NXT-EVOLVE-2025-1214198691","previews/wwe-nxt-kam-hendrix__1__wwestarrender.jpg","raw/wwe-nxt-kam-hendrix__1__wwestarrender.png","error","HTTPError: 403 Client Error: Forbidden for url: https://www.deviantart.com/wwestarrender/art/Kam-Hendrix-WWE-NXT-EVOLVE-2025-1214198691"
"","Lexis King","wwe-nxt-lexis-king","1","WWE NXT Lexis King 2026 render","vlysyuk","65","","https://www.deviantart.com/vlysyuk/art/WWE-NXT-Lexis-King-2026-render-1326464129","previews/wwe-nxt-lexis-king__1__vlysyuk.jpg","raw/wwe-nxt-lexis-king__1__vlysyuk.png","error","HTTPError: 403 Client Error: Forbidden for url: https://www.deviantart.com/vlysyuk/art/WWE-NXT-Lexis-King-2026-render-1326464129"
"","Lexis King","wwe-nxt-lexis-king","2","Lexis King WWE Render PNG","wwewomendaily","65","","https://www.deviantart.com/wwewomendaily/art/Lexis-King-WWE-Render-PNG-1204344880","previews/wwe-nxt-lexis-king__2__wwewomendaily.jpg","raw/wwe-nxt-lexis-king__2__wwewomendaily.png","error","HTTPError: 403 Client Error: Forbidden for url: https://www.deviantart.com/wwewomendaily/art/Lexis-King-WWE-Render-PNG-1204344880"
"","Lexis King","wwe-nxt-lexis-king","3","Lexis King *OFFICIAL* WWE Speed champ render","babuguuscooties","65","","https://www.deviantart.com/babuguuscooties/art/Lexis-King-OFFICIAL-WWE-Speed-champ-render-1325751129","previews/wwe-nxt-lexis-king__3__babuguuscooties.jpg","raw/wwe-nxt-lexis-king__3__babuguuscooties.png","error","HTTPError: 403 Client Error: Forbidden for url: https://www.deviantart.com/babuguuscooties/art/Lexis-King-OFFICIAL-WWE-Speed-champ-render-1325751129"
"","Lucien Price","wwe-nxt-lucien-price","1","Lucien Price *OFFICIAL* NXT render '23","babuguuscooties","65","","https://www.deviantart.com/babuguuscooties/art/Lucien-Price-OFFICIAL-NXT-render-23-975473492","previews/wwe-nxt-lucien-price__1__babuguuscooties.jpg","raw/wwe-nxt-lucien-price__1__babuguuscooties.png","error","HTTPError: 403 Client Error: Forbidden for url: https://www.deviantart.com/babuguuscooties/art/Lucien-Price-OFFICIAL-NXT-render-23-975473492"
"","Lucien Price","wwe-nxt-lucien-price","2","Lucien Price WWE NXT Official Render PNG","ambrose2k","65","","https://www.deviantart.com/ambrose2k/art/Lucien-Price-WWE-NXT-Official-Render-PNG-973994875","previews/wwe-nxt-lucien-price__2__ambrose2k.jpg","raw/wwe-nxt-lucien-price__2__ambrose2k.png","error","HTTPError: 403 Client Error: Forbidden for url: https://www.deviantart.com/ambrose2k/art/Lucien-Price-WWE-NXT-Official-Render-PNG-973994875"
"","Lucien Price","wwe-nxt-lucien-price","3","OTM (Lucien Price and Bronco Nima) WWE NXT Render","ykprihodilo","65","","https://www.deviantart.com/ykprihodilo/art/OTM-Lucien-Price-and-Bronco-Nima-WWE-NXT-Render-1136542164","previews/wwe-nxt-lucien-price__3__ykprihodilo.jpg","raw/wwe-nxt-lucien-price__3__ykprihodilo.png","error","HTTPError: 403 Client Error: Forbidden for url: https://www.deviantart.com/ykprihodilo/art/OTM-Lucien-Price-and-Bronco-Nima-WWE-NXT-Render-1136542164"
"","Naraku","wwe-nxt-naraku","1","WWE NXT Naraku 2026 render","vlysyuk","65","","https://www.deviantart.com/vlysyuk/art/WWE-NXT-Naraku-2026-render-1333462757","previews/wwe-nxt-naraku__1__vlysyuk.jpg","raw/wwe-nxt-naraku__1__vlysyuk.png","error","HTTPError: 403 Client Error: Forbidden for url: https://www.deviantart.com/vlysyuk/art/WWE-NXT-Naraku-2026-render-1333462757"
"","Naraku","wwe-nxt-naraku","2","Naraku '26 Render","xharlott","65","","https://www.deviantart.com/xharlott/art/Naraku-26-Render-1332831720","previews/wwe-nxt-naraku__2__xharlott.jpg","raw/wwe-nxt-naraku__2__xharlott.png","error","HTTPError: 403 Client Error: Forbidden for url: https://www.deviantart.com/xharlott/art/Naraku-26-Render-1332831720"
"","Naraku","wwe-nxt-naraku","3","WWE Naraku PNG Render 2026","yanrtbtn","65","","https://www.deviantart.com/yanrtbtn/art/WWE-Naraku-PNG-Render-2026-1332695982","previews/wwe-nxt-naraku__3__yanrtbtn.jpg","raw/wwe-nxt-naraku__3__yanrtbtn.png","error","HTTPError: 403 Client Error: Forbidden for url: https://www.deviantart.com/yanrtbtn/art/WWE-Naraku-PNG-Render-2026-1332695982"
"","Niko Vance","wwe-nxt-niko-vance","1","NXT Niko Vance Renders","gamechanger2000","65","","https://www.deviantart.com/gamechanger2000/art/NXT-Niko-Vance-Renders-1257302393","previews/wwe-nxt-niko-vance__1__gamechanger2000.jpg","raw/wwe-nxt-niko-vance__1__gamechanger2000.png","error","HTTPError: 403 Client Error: Forbidden for url: https://www.deviantart.com/gamechanger2000/art/NXT-Niko-Vance-Renders-1257302393"
"","Niko Vance","wwe-nxt-niko-vance","2","Niko Vance WWE NXT Render 2025-2026","ykprihodilo","65","","https://www.deviantart.com/ykprihodilo/art/Niko-Vance-WWE-NXT-Render-2025-2026-1284672767","previews/wwe-nxt-niko-vance__2__ykprihodilo.jpg","raw/wwe-nxt-niko-vance__2__ykprihodilo.png","error","HTTPError: 403 Client Error: Forbidden for url: https://www.deviantart.com/ykprihodilo/art/Niko-Vance-WWE-NXT-Render-2025-2026-1284672767"
"","Niko Vance","wwe-nxt-niko-vance","3","Niko Vance WWE NXT Render 2025","ykprihodilo","65","","https://www.deviantart.com/ykprihodilo/art/Niko-Vance-WWE-NXT-Render-2025-1251641680","previews/wwe-nxt-niko-vance__3__ykprihodilo.jpg","raw/wwe-nxt-niko-vance__3__ykprihodilo.png","error","HTTPError: 403 Client Error: Forbidden for url: https://www.deviantart.com/ykprihodilo/art/Niko-Vance-WWE-NXT-Render-2025-1251641680"
"","Osiris Griffin","wwe-nxt-osiris-griffin","1","WWE NXT Osiris Griffin PNG Render 2025","yanrtbtn","65","","https://www.deviantart.com/yanrtbtn/art/WWE-NXT-Osiris-Griffin-PNG-Render-2025-1192076609","previews/wwe-nxt-osiris-griffin__1__yanrtbtn.jpg","raw/wwe-nxt-osiris-griffin__1__yanrtbtn.png","error","HTTPError: 403 Client Error: Forbidden for url: https://www.deviantart.com/yanrtbtn/art/WWE-NXT-Osiris-Griffin-PNG-Render-2025-1192076609"
"","Osiris Griffin","wwe-nxt-osiris-griffin","2","WWE NXT Osiris Griffin 2025 render","vlysyuk","65","","https://www.deviantart.com/vlysyuk/art/WWE-NXT-Osiris-Griffin-2025-render-1192628322","previews/wwe-nxt-osiris-griffin__2__vlysyuk.jpg","raw/wwe-nxt-osiris-griffin__2__vlysyuk.png","error","HTTPError: 403 Client Error: Forbidden for url: https://www.deviantart.com/vlysyuk/art/WWE-NXT-Osiris-Griffin-2025-render-1192628322"
"","Osiris Griffin","wwe-nxt-osiris-griffin","3","WWE NXT Osiris Griffin 2025 render","vlysyuk","65","","https://www.deviantart.com/vlysyuk/art/WWE-NXT-Osiris-Griffin-2025-render-1240763585","previews/wwe-nxt-osiris-griffin__3__vlysyuk.jpg","raw/wwe-nxt-osiris-griffin__3__vlysyuk.png","error","HTTPError: 403 Client Error: Forbidden for url: https://www.deviantart.com/vlysyuk/art/WWE-NXT-Osiris-Griffin-2025-render-1240763585"
"","Ricky Smokes","wwe-nxt-ricky-smokes","1","Ricky Smokes Render by yasuke4u","yasuke4u","65","","https://www.deviantart.com/yasuke4u/art/Ricky-Smokes-Render-by-yasuke4u-1319218001","previews/wwe-nxt-ricky-smokes__1__yasuke4u.jpg","raw/wwe-nxt-ricky-smokes__1__yasuke4u.png","error","HTTPError: 403 Client Error: Forbidden for url: https://www.deviantart.com/yasuke4u/art/Ricky-Smokes-Render-by-yasuke4u-1319218001"
"","Ricky Smokes","wwe-nxt-ricky-smokes","2","WWE NXT Ricky Smokes 2026 render","vlysyuk","65","","https://www.deviantart.com/vlysyuk/art/WWE-NXT-Ricky-Smokes-2026-render-1306326682","previews/wwe-nxt-ricky-smokes__2__vlysyuk.jpg","raw/wwe-nxt-ricky-smokes__2__vlysyuk.png","error","HTTPError: 403 Client Error: Forbidden for url: https://www.deviantart.com/vlysyuk/art/WWE-NXT-Ricky-Smokes-2026-render-1306326682"
"","Ricky Smokes","wwe-nxt-ricky-smokes","3","WWE NXT Ricky Smokes 2026 render","vlysyuk","65","","https://www.deviantart.com/vlysyuk/art/WWE-NXT-Ricky-Smokes-2026-render-1302998006","previews/wwe-nxt-ricky-smokes__3__vlysyuk.jpg","raw/wwe-nxt-ricky-smokes__3__vlysyuk.png","error","HTTPError: 403 Client Error: Forbidden for url: https://www.deviantart.com/vlysyuk/art/WWE-NXT-Ricky-Smokes-2026-render-1302998006"
"","Saquon Shugars","wwe-nxt-saquon-shugars","1","WWE NXT Saquon Shugars 2025 render","vlysyuk","65","","https://www.deviantart.com/vlysyuk/art/WWE-NXT-Saquon-Shugars-2025-render-1192628388","previews/wwe-nxt-saquon-shugars__1__vlysyuk.jpg","raw/wwe-nxt-saquon-shugars__1__vlysyuk.png","error","HTTPError: 403 Client Error: Forbidden for url: https://www.deviantart.com/vlysyuk/art/WWE-NXT-Saquon-Shugars-2025-render-1192628388"
"","Saquon Shugars","wwe-nxt-saquon-shugars","2","WWE NXT Saquon Shugars PNG Render 2025","yanrtbtn","65","","https://www.deviantart.com/yanrtbtn/art/WWE-NXT-Saquon-Shugars-PNG-Render-2025-1192076795","previews/wwe-nxt-saquon-shugars__2__yanrtbtn.jpg","raw/wwe-nxt-saquon-shugars__2__yanrtbtn.png","error","HTTPError: 403 Client Error: Forbidden for url: https://www.deviantart.com/yanrtbtn/art/WWE-NXT-Saquon-Shugars-PNG-Render-2025-1192076795"
"","Saquon Shugars","wwe-nxt-saquon-shugars","3","Saquon Shugars *OFFICIAL* NXT render '25","babuguuscooties","65","","https://www.deviantart.com/babuguuscooties/art/Saquon-Shugars-OFFICIAL-NXT-render-25-1192000457","previews/wwe-nxt-saquon-shugars__3__babuguuscooties.jpg","raw/wwe-nxt-saquon-shugars__3__babuguuscooties.png","error","HTTPError: 403 Client Error: Forbidden for url: https://www.deviantart.com/babuguuscooties/art/Saquon-Shugars-OFFICIAL-NXT-render-25-1192000457"
"","Sean Legacy","wwe-nxt-sean-legacy","1","Sean Legacy *OFFICIAL* NXT render","babuguuscooties","65","","https://www.deviantart.com/babuguuscooties/art/Sean-Legacy-OFFICIAL-NXT-render-1303141370","previews/wwe-nxt-sean-legacy__1__babuguuscooties.jpg","raw/wwe-nxt-sean-legacy__1__babuguuscooties.png","error","HTTPError: 403 Client Error: Forbidden for url: https://www.deviantart.com/babuguuscooties/art/Sean-Legacy-OFFICIAL-NXT-render-1303141370"
"","Sean Legacy","wwe-nxt-sean-legacy","2","WWE Sean Legacy PNG Render 2026","yanrtbtn","65","","https://www.deviantart.com/yanrtbtn/art/WWE-Sean-Legacy-PNG-Render-2026-1303001602","previews/wwe-nxt-sean-legacy__2__yanrtbtn.jpg","raw/wwe-nxt-sean-legacy__2__yanrtbtn.png","error","HTTPError: 403 Client Error: Forbidden for url: https://www.deviantart.com/yanrtbtn/art/WWE-Sean-Legacy-PNG-Render-2026-1303001602"
"","Sean Legacy","wwe-nxt-sean-legacy","3","WWE NXT Sean Legacy 2026 render","vlysyuk","65","","https://www.deviantart.com/vlysyuk/art/WWE-NXT-Sean-Legacy-2026-render-1302998071","previews/wwe-nxt-sean-legacy__3__vlysyuk.jpg","raw/wwe-nxt-sean-legacy__3__vlysyuk.png","error","HTTPError: 403 Client Error: Forbidden for url: https://www.deviantart.com/vlysyuk/art/WWE-NXT-Sean-Legacy-2026-render-1302998071"
"","Shawn Spears","wwe-nxt-shawn-spears","1","Shawn Spears WWE Render PNG","wwewomendaily","65","","https://www.deviantart.com/wwewomendaily/art/Shawn-Spears-WWE-Render-PNG-1204652143","previews/wwe-nxt-shawn-spears__1__wwewomendaily.jpg","raw/wwe-nxt-shawn-spears__1__wwewomendaily.png","error","HTTPError: 403 Client Error: Forbidden for url: https://www.deviantart.com/wwewomendaily/art/Shawn-Spears-WWE-Render-PNG-1204652143"
"","Shawn Spears","wwe-nxt-shawn-spears","2","Shawn Spears WWE Render PNG","wwewomendaily","65","","https://www.deviantart.com/wwewomendaily/art/Shawn-Spears-WWE-Render-PNG-1161680598","previews/wwe-nxt-shawn-spears__2__wwewomendaily.jpg","raw/wwe-nxt-shawn-spears__2__wwewomendaily.png","error","HTTPError: 403 Client Error: Forbidden for url: https://www.deviantart.com/wwewomendaily/art/Shawn-Spears-WWE-Render-PNG-1161680598"
"","Shawn Spears","wwe-nxt-shawn-spears","3","Shawn Spears WWE Render PNG","wwewomendaily","65","","https://www.deviantart.com/wwewomendaily/art/Shawn-Spears-WWE-Render-PNG-1203827543","previews/wwe-nxt-shawn-spears__3__wwewomendaily.jpg","raw/wwe-nxt-shawn-spears__3__wwewomendaily.png","error","HTTPError: 403 Client Error: Forbidden for url: https://www.deviantart.com/wwewomendaily/art/Shawn-Spears-WWE-Render-PNG-1203827543"
"","Shiloh Hill","wwe-nxt-shiloh-hill","1","WWE NXT Shiloh Hill 2026 render","vlysyuk","65","","https://www.deviantart.com/vlysyuk/art/WWE-NXT-Shiloh-Hill-2026-render-1311815421","previews/wwe-nxt-shiloh-hill__1__vlysyuk.jpg","raw/wwe-nxt-shiloh-hill__1__vlysyuk.png","error","HTTPError: 403 Client Error: Forbidden for url: https://www.deviantart.com/vlysyuk/art/WWE-NXT-Shiloh-Hill-2026-render-1311815421"
"","Shiloh Hill","wwe-nxt-shiloh-hill","2","WWE Shiloh Hill PNG Render 2026","yanrtbtn","65","","https://www.deviantart.com/yanrtbtn/art/WWE-Shiloh-Hill-PNG-Render-2026-1314861170","previews/wwe-nxt-shiloh-hill__2__yanrtbtn.jpg","raw/wwe-nxt-shiloh-hill__2__yanrtbtn.png","error","HTTPError: 403 Client Error: Forbidden for url: https://www.deviantart.com/yanrtbtn/art/WWE-Shiloh-Hill-PNG-Render-2026-1314861170"
"","Shiloh Hill","wwe-nxt-shiloh-hill","3","Shiloh Hill *OFFICIAL* NXT render","babuguuscooties","65","","https://www.deviantart.com/babuguuscooties/art/Shiloh-Hill-OFFICIAL-NXT-render-1312032493","previews/wwe-nxt-shiloh-hill__3__babuguuscooties.jpg","raw/wwe-nxt-shiloh-hill__3__babuguuscooties.png","error","HTTPError: 403 Client Error: Forbidden for url: https://www.deviantart.com/babuguuscooties/art/Shiloh-Hill-OFFICIAL-NXT-render-1312032493"
"","Tate Wilder","wwe-nxt-tate-wilder","1","Tate Wilder WWE NXT EVOLVE 2026","wwestarrender","45","manual-review","https://www.deviantart.com/wwestarrender/art/Tate-Wilder-WWE-NXT-EVOLVE-2026-1326929489","previews/wwe-nxt-tate-wilder__1__wwestarrender.jpg","raw/wwe-nxt-tate-wilder__1__wwestarrender.png","error","HTTPError: 403 Client Error: Forbidden for url: https://www.deviantart.com/wwestarrender/art/Tate-Wilder-WWE-NXT-EVOLVE-2026-1326929489"
"","Tate Wilder","wwe-nxt-tate-wilder","2","Tate Wilder WWE NXT EVOLVE 2025","wwestarrender","45","manual-review","https://www.deviantart.com/wwestarrender/art/Tate-Wilder-WWE-NXT-EVOLVE-2025-1266478582","previews/wwe-nxt-tate-wilder__2__wwestarrender.jpg","raw/wwe-nxt-tate-wilder__2__wwestarrender.png","error","HTTPError: 403 Client Error: Forbidden for url: https://www.deviantart.com/wwestarrender/art/Tate-Wilder-WWE-NXT-EVOLVE-2025-1266478582"
"","Tate Wilder","wwe-nxt-tate-wilder","3","Tate Wilder","licho4030","45","manual-review","https://www.deviantart.com/licho4030/art/Tate-Wilder-1295258344","previews/wwe-nxt-tate-wilder__3__licho4030.jpg","raw/wwe-nxt-tate-wilder__3__licho4030.png","error","HTTPError: 403 Client Error: Forbidden for url: https://www.deviantart.com/licho4030/art/Tate-Wilder-1295258344"
"","Tavion Heights","wwe-nxt-tavion-heights","1","Tavion Heights WWE NXT Render 2025","ykprihodilo","65","","https://www.deviantart.com/ykprihodilo/art/Tavion-Heights-WWE-NXT-Render-2025-1238691148","previews/wwe-nxt-tavion-heights__1__ykprihodilo.jpg","raw/wwe-nxt-tavion-heights__1__ykprihodilo.png","error","HTTPError: 403 Client Error: Forbidden for url: https://www.deviantart.com/ykprihodilo/art/Tavion-Heights-WWE-NXT-Render-2025-1238691148"
"","Tavion Heights","wwe-nxt-tavion-heights","2","WWE NXT Tavion Heights Render 2024","ykprihodilo","65","","https://www.deviantart.com/ykprihodilo/art/WWE-NXT-Tavion-Heights-Render-2024-1077107419","previews/wwe-nxt-tavion-heights__2__ykprihodilo.jpg","raw/wwe-nxt-tavion-heights__2__ykprihodilo.png","error","HTTPError: 403 Client Error: Forbidden for url: https://www.deviantart.com/ykprihodilo/art/WWE-NXT-Tavion-Heights-Render-2024-1077107419"
"","Tavion Heights","wwe-nxt-tavion-heights","3","WWE NXT Tavion Heights PNG Render 2024","yanrtbtn","65","","https://www.deviantart.com/yanrtbtn/art/WWE-NXT-Tavion-Heights-PNG-Render-2024-1090894177","previews/wwe-nxt-tavion-heights__3__yanrtbtn.jpg","raw/wwe-nxt-tavion-heights__3__yanrtbtn.png","error","HTTPError: 403 Client Error: Forbidden for url: https://www.deviantart.com/yanrtbtn/art/WWE-NXT-Tavion-Heights-PNG-Render-2024-1090894177"
"","Tristan Angels","wwe-nxt-tristan-angels","1","Tristan Angels WWE NXT ROOKIE 2026","wwestarrender","45","manual-review","https://www.deviantart.com/wwestarrender/art/Tristan-Angels-WWE-NXT-ROOKIE-2026-1310153240","previews/wwe-nxt-tristan-angels__1__wwestarrender.jpg","raw/wwe-nxt-tristan-angels__1__wwestarrender.png","error","HTTPError: 403 Client Error: Forbidden for url: https://www.deviantart.com/wwestarrender/art/Tristan-Angels-WWE-NXT-ROOKIE-2026-1310153240"
"","Tristan Angels","wwe-nxt-tristan-angels","2","Tristan Angels WWE NXT ROOKIE 2026","wwestarrender","45","manual-review","https://www.deviantart.com/wwestarrender/art/Tristan-Angels-WWE-NXT-ROOKIE-2026-1309032018","previews/wwe-nxt-tristan-angels__2__wwestarrender.jpg","raw/wwe-nxt-tristan-angels__2__wwestarrender.png","error","HTTPError: 403 Client Error: Forbidden for url: https://www.deviantart.com/wwestarrender/art/Tristan-Angels-WWE-NXT-ROOKIE-2026-1309032018"
"","Tristan Angels","wwe-nxt-tristan-angels","3","Tristan Angels","licho4030","45","manual-review","https://www.deviantart.com/licho4030/art/Tristan-Angels-1317013446","previews/wwe-nxt-tristan-angels__3__licho4030.jpg","raw/wwe-nxt-tristan-angels__3__licho4030.png","error","HTTPError: 403 Client Error: Forbidden for url: https://www.deviantart.com/licho4030/art/Tristan-Angels-1317013446"
"","Rey Fenix","wwe-smackdown-rey-fenix","1","Rey Fenix WWE Render PNG","wwewomendaily","65","","https://www.deviantart.com/wwewomendaily/art/Rey-Fenix-WWE-Render-PNG-1298844241","previews/wwe-smackdown-rey-fenix__1__wwewomendaily.jpg","raw/wwe-smackdown-rey-fenix__1__wwewomendaily.png","error","HTTPError: 403 Client Error: Forbidden for url: https://www.deviantart.com/wwewomendaily/art/Rey-Fenix-WWE-Render-PNG-1298844241"
"","Rey Fenix","wwe-smackdown-rey-fenix","2","Rey Fenix Aug '25 Render","xharlott","65","","https://www.deviantart.com/xharlott/art/Rey-Fenix-Aug-25-Render-1298186230","previews/wwe-smackdown-rey-fenix__2__xharlott.jpg","raw/wwe-smackdown-rey-fenix__2__xharlott.png","error","HTTPError: 403 Client Error: Forbidden for url: https://www.deviantart.com/xharlott/art/Rey-Fenix-Aug-25-Render-1298186230"
"","Rey Fenix","wwe-smackdown-rey-fenix","3","Rey Fenix WWE Render PNG","wwewomendaily","65","","https://www.deviantart.com/wwewomendaily/art/Rey-Fenix-WWE-Render-PNG-1192079441","previews/wwe-smackdown-rey-fenix__3__wwewomendaily.jpg","raw/wwe-smackdown-rey-fenix__3__wwewomendaily.png","error","HTTPError: 403 Client Error: Forbidden for url: https://www.deviantart.com/wwewomendaily/art/Rey-Fenix-WWE-Render-PNG-1192079441"
"","Julius Creed","wwe-raw-julius-creed","1","WWE Julius Creed 2024 render","vlysyuk","65","","https://www.deviantart.com/vlysyuk/art/WWE-Julius-Creed-2024-render-1132662960","previews/wwe-raw-julius-creed__1__vlysyuk.jpg","raw/wwe-raw-julius-creed__1__vlysyuk.png","error","HTTPError: 403 Client Error: Forbidden for url: https://www.deviantart.com/vlysyuk/art/WWE-Julius-Creed-2024-render-1132662960"
"","Julius Creed","wwe-raw-julius-creed","2","Julius Creed *OFFICIAL* WWE render '25","babuguuscooties","65","","https://www.deviantart.com/babuguuscooties/art/Julius-Creed-OFFICIAL-WWE-render-25-1208263237","previews/wwe-raw-julius-creed__2__babuguuscooties.jpg","raw/wwe-raw-julius-creed__2__babuguuscooties.png","error","HTTPError: 403 Client Error: Forbidden for url: https://www.deviantart.com/babuguuscooties/art/Julius-Creed-OFFICIAL-WWE-render-25-1208263237"
"","Julius Creed","wwe-raw-julius-creed","3","Julius Creed WWE Render PNG","wwewomendaily","65","","https://www.deviantart.com/wwewomendaily/art/Julius-Creed-WWE-Render-PNG-1108655757","previews/wwe-raw-julius-creed__3__wwewomendaily.jpg","raw/wwe-raw-julius-creed__3__wwewomendaily.png","error","HTTPError: 403 Client Error: Forbidden for url: https://www.deviantart.com/wwewomendaily/art/Julius-Creed-WWE-Render-PNG-1108655757"
"","Elton Prince","wwe-smackdown-elton-prince","1","Elton Prince WWE Render PNG","wwewomendaily","65","","https://www.deviantart.com/wwewomendaily/art/Elton-Prince-WWE-Render-PNG-1297430931","previews/wwe-smackdown-elton-prince__1__wwewomendaily.jpg","raw/wwe-smackdown-elton-prince__1__wwewomendaily.png","error","HTTPError: 403 Client Error: Forbidden for url: https://www.deviantart.com/wwewomendaily/art/Elton-Prince-WWE-Render-PNG-1297430931"
"","Elton Prince","wwe-smackdown-elton-prince","2","Elton Prince NXT Tag Team Champion Render","ambrose2k","65","belt-champion;team-tag","https://www.deviantart.com/ambrose2k/art/Elton-Prince-NXT-Tag-Team-Champion-Render-913409448","previews/wwe-smackdown-elton-prince__2__ambrose2k.jpg","raw/wwe-smackdown-elton-prince__2__ambrose2k.png","error","HTTPError: 403 Client Error: Forbidden for url: https://www.deviantart.com/ambrose2k/art/Elton-Prince-NXT-Tag-Team-Champion-Render-913409448"
"","Elton Prince","wwe-smackdown-elton-prince","3","Elton Prince WWE Render PNG","wwewomendaily","65","","https://www.deviantart.com/wwewomendaily/art/Elton-Prince-WWE-Render-PNG-1143046602","previews/wwe-smackdown-elton-prince__3__wwewomendaily.jpg","raw/wwe-smackdown-elton-prince__3__wwewomendaily.png","error","HTTPError: 403 Client Error: Forbidden for url: https://www.deviantart.com/wwewomendaily/art/Elton-Prince-WWE-Render-PNG-1143046602"
"","Candice LeRae","wwe-smackdown-candice-lerae","1","Candice LeRae WWE Render PNG","wwewomendaily","65","","https://www.deviantart.com/wwewomendaily/art/Candice-LeRae-WWE-Render-PNG-1293033192","previews/wwe-smackdown-candice-lerae__1__wwewomendaily.jpg","raw/wwe-smackdown-candice-lerae__1__wwewomendaily.png","error","HTTPError: 403 Client Error: Forbidden for url: https://www.deviantart.com/wwewomendaily/art/Candice-LeRae-WWE-Render-PNG-1293033192"
"","Candice LeRae","wwe-smackdown-candice-lerae","2","Candice LeRae Render PNG Speed Women's Champion","yanrtbtn","65","belt-champion","https://www.deviantart.com/yanrtbtn/art/Candice-LeRae-Render-PNG-Speed-Women-s-Champion-1111709334","previews/wwe-smackdown-candice-lerae__2__yanrtbtn.jpg","raw/wwe-smackdown-candice-lerae__2__yanrtbtn.png","error","HTTPError: 403 Client Error: Forbidden for url: https://www.deviantart.com/yanrtbtn/art/Candice-LeRae-Render-PNG-Speed-Women-s-Champion-1111709334"
"","Candice LeRae","wwe-smackdown-candice-lerae","3","WWE Candice LeRae 2024 render","vlysyuk","65","","https://www.deviantart.com/vlysyuk/art/WWE-Candice-LeRae-2024-render-1132661843","previews/wwe-smackdown-candice-lerae__3__vlysyuk.jpg","raw/wwe-smackdown-candice-lerae__3__vlysyuk.png","error","HTTPError: 403 Client Error: Forbidden for url: https://www.deviantart.com/vlysyuk/art/WWE-Candice-LeRae-2024-render-1132661843"
"","Akira Tozawa","wwe-raw-akira-tozawa","1","Akira Tozawa *OFFICIAL* WWE render 2021","babuguuscooties","65","","https://www.deviantart.com/babuguuscooties/art/Akira-Tozawa-OFFICIAL-WWE-render-2021-869161094","previews/wwe-raw-akira-tozawa__1__babuguuscooties.jpg","raw/wwe-raw-akira-tozawa__1__babuguuscooties.png","error","HTTPError: 403 Client Error: Forbidden for url: https://www.deviantart.com/babuguuscooties/art/Akira-Tozawa-OFFICIAL-WWE-render-2021-869161094"
"","Akira Tozawa","wwe-raw-akira-tozawa","2","Akira Tozawa render","vlysyuk","65","","https://www.deviantart.com/vlysyuk/art/Akira-Tozawa-render-1035595164","previews/wwe-raw-akira-tozawa__2__vlysyuk.jpg","raw/wwe-raw-akira-tozawa__2__vlysyuk.png","error","HTTPError: 403 Client Error: Forbidden for url: https://www.deviantart.com/vlysyuk/art/Akira-Tozawa-render-1035595164"
"","Akira Tozawa","wwe-raw-akira-tozawa","3","Akira Tozawa *OFFICIAL* WWE render '24","babuguuscooties","65","","https://www.deviantart.com/babuguuscooties/art/Akira-Tozawa-OFFICIAL-WWE-render-24-1035792968","previews/wwe-raw-akira-tozawa__3__babuguuscooties.jpg","raw/wwe-raw-akira-tozawa__3__babuguuscooties.png","error","HTTPError: 403 Client Error: Forbidden for url: https://www.deviantart.com/babuguuscooties/art/Akira-Tozawa-OFFICIAL-WWE-render-24-1035792968"
"","B-Fab","wwe-smackdown-b-fab","1","B-Fab *OFFICIAL* WWE render '25","babuguuscooties","65","","https://www.deviantart.com/babuguuscooties/art/B-Fab-OFFICIAL-WWE-render-25-1208263293","previews/wwe-smackdown-b-fab__1__babuguuscooties.jpg","raw/wwe-smackdown-b-fab__1__babuguuscooties.png","error","HTTPError: 403 Client Error: Forbidden for url: https://www.deviantart.com/babuguuscooties/art/B-Fab-OFFICIAL-WWE-render-25-1208263293"
"","B-Fab","wwe-smackdown-b-fab","2","B-Fab May '26 Render","xharlott","65","","https://www.deviantart.com/xharlott/art/B-Fab-May-26-Render-1334001952","previews/wwe-smackdown-b-fab__2__xharlott.jpg","raw/wwe-smackdown-b-fab__2__xharlott.png","error","HTTPError: 403 Client Error: Forbidden for url: https://www.deviantart.com/xharlott/art/B-Fab-May-26-Render-1334001952"
"","B-Fab","wwe-smackdown-b-fab","3","WWE B-Fab Render PNG 2025","yanrtbtn","65","","https://www.deviantart.com/yanrtbtn/art/WWE-B-Fab-Render-PNG-2025-1206438140","previews/wwe-smackdown-b-fab__3__yanrtbtn.jpg","raw/wwe-smackdown-b-fab__3__yanrtbtn.png","error","HTTPError: 403 Client Error: Forbidden for url: https://www.deviantart.com/yanrtbtn/art/WWE-B-Fab-Render-PNG-2025-1206438140"
