id,performer_name,promotion,brand,source_brand,gender_division,division,game_eligible,availability,role_tier,alignment,archetype,faction_or_team,championships,source_overall,game_overall,rating_basis,rating_confidence,estimated_salary_usd,contract_weeks_remaining,renewal_risk,popularity_overall,star_power,draw_power,merch_appeal,social_buzz,workrate,psychology,stamina,consistency,safety,big_match_ability,charisma,mic_skill,character_work,crowd_connection,segment_versatility,fatigue,durability,injury_risk,recovery_rate,morale,confidence,locker_room_influence,frustration,singles_fit,tag_fit,promo_fit,rivalry_fit,opener_fit,main_event_fit,special_stipulation_fit,primary_roster_source_url,secondary_roster_source_url,ratings_source_url,notes
wwe_raw_akira_tozawa,Akira Tozawa,WWE,Raw,Raw,Mens,Mens,Yes,Active,Enhancement,Face,Powerhouse,Alpha Academy,,68,68,Sourced video-game overall used as anchor; component attributes derived for GM simulation,High,137000,52,25,71,64,67,76,67,70,70,69,65,70,68,64,59,60,70,62,17,64,23,67,79,73,69,27,72,71,59,65,70,62,78,https://www.thesmackdownhotel.com/roster/wwe/raw/,https://www.wwe.com/superstars,https://www.operationsports.com/wwe-2k26-ratings-list/,Roster source captured from current TSDH brand page; ratings anchored to WWE 2K26 when present.
wwe_raw_angelo_dawkins,Angelo Dawkins,WWE,Raw,Raw,Mens,Mens,Yes,Active,Midcard,Face,RingGeneral,,,78,78,Sourced video-game overall used as anchor; component attributes derived for GM simulation,High,927000,52,25,76,78,77,73,71,79,78,82,73,83,77,75,72,78,77,76,18,74,21,68,65,72,75,23,81,78,75,76,77,75,81,https://www.thesmackdownhotel.com/roster/wwe/raw/,https://www.wwe.com/superstars,https://www.operationsports.com/wwe-2k26-ratings-list/,Roster source captured from current TSDH brand page; ratings anchored to WWE 2K26 when present.
wwe_raw_austin_theory,Austin Theory,WWE,Raw,Raw,Mens,Mens,Yes,Active,Midcard,Heel,RingGeneral,,,82,82,Sourced video-game overall used as anchor; component attributes derived for GM simulation,High,942000,52,25,84,80,82,80,78,79,78,86,83,88,77,83,84,86,80,84,25,75,31,69,60,71,87,21,78,85,85,80,85,75,88,https://www.thesmackdownhotel.com/roster/wwe/raw/,https://www.wwe.com/superstars,https://www.operationsports.com/wwe-2k26-ratings-list/,Roster source captured from current TSDH brand page; ratings anchored to WWE 2K26 when present.
wwe_raw_bravo_americano,Bravo Americano,WWE,Raw,Raw,Mens,Mens,Yes,Active,Enhancement,Tweener,RingGeneral,,,,72,"Game-derived estimate from roster tier, title status, current availability, and known public role",Medium,139000,52,25,73,72,72,73,71,67,67,65,75,76,67,73,71,72,70,71,19,68,20,73,63,68,68,21,72,81,71,69,68,61,77,https://www.thesmackdownhotel.com/roster/wwe/raw/,https://www.wwe.com/superstars,https://www.operationsports.com/wwe-2k26-ratings-list/,Roster source captured from current TSDH brand page; ratings anchored to WWE 2K26 when present.
wwe_raw_bron_breakker,Bron Breakker,WWE,Raw,Raw,Mens,Mens,Yes,Active,MainEvent,Heel,Powerhouse,,,90,90,Sourced video-game overall used as anchor; component attributes derived for GM simulation,High,3738000,52,35,93,97,95,97,95,89,90,89,93,94,97,90,95,88,96,91,20,84,31,66,70,82,88,38,93,90,91,94,83,99,97,https://www.thesmackdownhotel.com/roster/wwe/raw/,https://www.wwe.com/superstars,https://www.operationsports.com/wwe-2k26-ratings-list/,Roster source captured from current TSDH brand page; ratings anchored to WWE 2K26 when present.
wwe_raw_bronson_reed,Bronson Reed,WWE,Raw,Raw,Mens,Mens,Yes,Active,UpperCard,Unknown,Powerhouse,,,88,88,Sourced video-game overall used as anchor; component attributes derived for GM simulation,High,1929000,52,35,90,87,88,87,92,86,90,92,89,89,87,93,90,92,86,90,25,83,22,69,75,79,90,38,93,91,91,88,86,88,89,https://www.thesmackdownhotel.com/roster/wwe/raw/,https://www.wwe.com/superstars,https://www.operationsports.com/wwe-2k26-ratings-list/,Roster source captured from current TSDH brand page; ratings anchored to WWE 2K26 when present.
wwe_raw_brutus_creed,Brutus Creed,WWE,Raw,Raw,Mens,Mens,Yes,Active,Enhancement,Heel,Powerhouse,American Made,,77,77,Sourced video-game overall used as anchor; component attributes derived for GM simulation,High,142000,52,25,77,74,75,72,83,73,75,73,77,76,75,74,78,73,74,76,17,74,19,70,69,70,74,28,75,81,75,74,80,69,76,https://www.thesmackdownhotel.com/roster/wwe/raw/,https://www.wwe.com/superstars,https://www.operationsports.com/wwe-2k26-ratings-list/,Roster source captured from current TSDH brand page; ratings anchored to WWE 2K26 when present.
wwe_raw_cm_punk,CM Punk,WWE,Raw,Raw,Mens,Mens,Yes,Active,MainEvent,Unknown,RingGeneral,,,94,94,Sourced video-game overall used as anchor; component attributes derived for GM simulation,High,3795000,52,35,99,99,99,99,99,88,89,87,93,89,99,93,89,92,99,91,14,84,29,69,64,82,92,24,99,98,90,97,87,99,96,https://www.thesmackdownhotel.com/roster/wwe/raw/,https://www.wwe.com/superstars,https://www.operationsports.com/wwe-2k26-ratings-list/,Roster source captured from current TSDH brand page; ratings anchored to WWE 2K26 when present.
wwe_raw_cruz_del_toro,Cruz Del Toro,WWE,Raw,Raw,Mens,Mens,Yes,Active,Enhancement,Face,RingGeneral,,,73,73,Sourced video-game overall used as anchor; component attributes derived for GM simulation,High,140000,52,25,72,72,72,71,66,74,78,76,75,73,68,76,79,75,72,75,21,63,28,67,77,72,76,25,69,73,77,72,78,62,73,https://www.thesmackdownhotel.com/roster/wwe/raw/,https://www.wwe.com/superstars,https://www.operationsports.com/wwe-2k26-ratings-list/,Roster source captured from current TSDH brand page; ratings anchored to WWE 2K26 when present.
wwe_raw_dominik_mysterio,Dominik Mysterio,WWE,Raw,Raw,Mens,Mens,Yes,Active,Midcard,Tweener,HighFlyer,,,87,87,Sourced video-game overall used as anchor; component attributes derived for GM simulation,High,961000,52,25,87,86,86,85,93,86,84,83,84,84,86,91,93,93,88,91,12,80,21,65,60,73,81,24,89,91,93,89,82,84,90,https://www.thesmackdownhotel.com/roster/wwe/raw/,https://www.wwe.com/superstars,https://www.operationsports.com/wwe-2k26-ratings-list/,Roster source captured from current TSDH brand page; ratings anchored to WWE 2K26 when present.
wwe_raw_dragon_lee,Dragon Lee,WWE,Raw,Raw,Mens,Mens,Yes,Active,Midcard,Face,HighFlyer,,,79,79,Sourced video-game overall used as anchor; component attributes derived for GM simulation,High,931000,52,25,80,76,78,83,74,83,81,74,83,82,73,79,79,77,79,78,13,70,24,70,65,71,82,16,75,71,78,76,82,71,77,https://www.thesmackdownhotel.com/roster/wwe/raw/,https://www.wwe.com/superstars,https://www.operationsports.com/wwe-2k26-ratings-list/,Roster source captured from current TSDH brand page; ratings anchored to WWE 2K26 when present.
wwe_raw_el_grande_americano,El Grande Americano,WWE,Raw,Raw,Mens,Mens,Yes,Active,Midcard,Tweener,RingGeneral,,,85,85,Sourced video-game overall used as anchor; component attributes derived for GM simulation,High,953000,52,25,84,82,83,85,85,86,90,85,83,82,81,89,86,92,85,87,17,84,19,73,77,78,84,12,84,91,89,85,83,79,81,https://www.thesmackdownhotel.com/roster/wwe/raw/,https://www.wwe.com/superstars,https://www.operationsports.com/wwe-2k26-ratings-list/,Roster source captured from current TSDH brand page; ratings anchored to WWE 2K26 when present.
wwe_raw_erik,Erik,WWE,Raw,Raw,Mens,Mens,Yes,Active,Enhancement,Tweener,RingGeneral,The War Raiders,,78,78,Sourced video-game overall used as anchor; component attributes derived for GM simulation,High,143000,52,25,78,77,77,77,76,79,83,72,79,84,72,75,80,74,78,77,19,77,19,73,61,67,82,16,79,78,77,75,77,66,81,https://www.thesmackdownhotel.com/roster/wwe/raw/,https://www.wwe.com/superstars,https://www.operationsports.com/wwe-2k26-ratings-list/,Roster source captured from current TSDH brand page; ratings anchored to WWE 2K26 when present.
wwe_raw_ethan_page,Ethan Page,WWE,Raw,Raw,Mens,Mens,Yes,Active,Midcard,Heel,RingGeneral,,,83,83,Sourced video-game overall used as anchor; component attributes derived for GM simulation,High,946000,52,25,85,81,83,80,89,85,86,81,85,81,82,85,90,83,89,85,17,78,23,70,75,76,77,14,86,88,86,85,85,80,82,https://www.thesmackdownhotel.com/roster/wwe/raw/,https://www.wwe.com/superstars,https://www.operationsports.com/wwe-2k26-ratings-list/,Roster source captured from current TSDH brand page; ratings anchored to WWE 2K26 when present.
wwe_raw_finn_b_lor,Finn Bálor,WWE,Raw,Raw,Mens,Mens,Yes,Active,Midcard,Face,RingGeneral,,,88,88,Sourced video-game overall used as anchor; component attributes derived for GM simulation,High,964000,52,25,86,87,86,91,82,86,87,93,85,94,83,91,95,89,87,90,22,84,23,72,80,85,89,17,84,94,92,87,87,81,83,https://www.thesmackdownhotel.com/roster/wwe/raw/,https://www.wwe.com/superstars,https://www.operationsports.com/wwe-2k26-ratings-list/,Roster source captured from current TSDH brand page; ratings anchored to WWE 2K26 when present.
wwe_raw_grayson_waller,Grayson Waller,WWE,Raw,Raw,Mens,Mens,Yes,Active,Enhancement,Heel,RingGeneral,,,,72,"Game-derived estimate from roster tier, title status, current availability, and known public role",Medium,139000,52,25,73,72,72,73,71,67,67,65,75,76,67,73,71,72,70,71,19,68,20,73,63,68,68,21,72,81,71,69,68,61,77,https://www.thesmackdownhotel.com/roster/wwe/raw/,https://www.wwe.com/superstars,https://www.operationsports.com/wwe-2k26-ratings-list/,Roster source captured from current TSDH brand page; ratings anchored to WWE 2K26 when present.
wwe_raw_ivar,Ivar,WWE,Raw,Raw,Mens,Mens,Yes,Active,Enhancement,Tweener,RingGeneral,The War Raiders,,79,79,Sourced video-game overall used as anchor; component attributes derived for GM simulation,High,143000,52,25,76,79,77,76,72,73,77,74,79,75,75,80,84,76,74,79,24,69,30,66,78,78,76,12,82,83,80,76,83,69,76,https://www.thesmackdownhotel.com/roster/wwe/raw/,https://www.wwe.com/superstars,https://www.operationsports.com/wwe-2k26-ratings-list/,Roster source captured from current TSDH brand page; ratings anchored to WWE 2K26 when present.
wwe_raw_jd_mcdonagh,JD McDonagh,WWE,Raw,Raw,Mens,Mens,Yes,Active,Midcard,Heel,RingGeneral,,,79,79,Sourced video-game overall used as anchor; component attributes derived for GM simulation,High,931000,52,25,77,77,77,78,73,76,74,73,76,77,79,83,81,85,73,81,25,72,31,66,75,78,76,24,76,83,83,78,77,77,85,https://www.thesmackdownhotel.com/roster/wwe/raw/,https://www.wwe.com/superstars,https://www.operationsports.com/wwe-2k26-ratings-list/,Roster source captured from current TSDH brand page; ratings anchored to WWE 2K26 when present.
wwe_raw_je_von_evans,Je'Von Evans,WWE,Raw,Raw,Mens,Mens,Yes,Active,Midcard,Face,RingGeneral,,,78,78,Sourced video-game overall used as anchor; component attributes derived for GM simulation,High,927000,52,25,76,78,77,73,71,79,78,82,73,83,77,75,72,78,77,76,18,74,21,68,65,72,75,23,81,78,75,76,77,75,81,https://www.thesmackdownhotel.com/roster/wwe/raw/,https://www.wwe.com/superstars,https://www.operationsports.com/wwe-2k26-ratings-list/,Roster source captured from current TSDH brand page; ratings anchored to WWE 2K26 when present.
wwe_raw_jey_uso,Jey Uso,WWE,Raw,Raw,Mens,Mens,Yes,Active,Midcard,Face,RingGeneral,,,91,91,Sourced video-game overall used as anchor; component attributes derived for GM simulation,High,975000,52,25,91,91,91,94,96,86,88,90,89,90,85,90,86,86,88,87,19,88,22,73,72,82,91,22,92,89,86,86,91,83,89,https://www.thesmackdownhotel.com/roster/wwe/raw/,https://www.wwe.com/superstars,https://www.operationsports.com/wwe-2k26-ratings-list/,Roster source captured from current TSDH brand page; ratings anchored to WWE 2K26 when present.
wwe_raw_jimmy_uso,Jimmy Uso,WWE,Raw,Raw,Mens,Mens,Yes,Active,Midcard,Face,RingGeneral,,,86,86,Sourced video-game overall used as anchor; component attributes derived for GM simulation,High,957000,52,25,88,85,86,86,85,80,88,87,87,83,85,90,89,91,84,88,22,79,30,65,80,80,81,20,85,95,90,86,84,83,82,https://www.thesmackdownhotel.com/roster/wwe/raw/,https://www.wwe.com/superstars,https://www.operationsports.com/wwe-2k26-ratings-list/,Roster source captured from current TSDH brand page; ratings anchored to WWE 2K26 when present.
wwe_raw_joaquin_wilde,Joaquin Wilde,WWE,Raw,Raw,Mens,Mens,Yes,Active,Enhancement,Face,RingGeneral,,,72,72,Sourced video-game overall used as anchor; component attributes derived for GM simulation,High,139000,52,25,73,72,72,73,71,67,67,65,75,76,67,73,71,72,70,71,19,68,20,73,63,68,68,21,72,81,71,69,68,61,77,https://www.thesmackdownhotel.com/roster/wwe/raw/,https://www.wwe.com/superstars,https://www.operationsports.com/wwe-2k26-ratings-list/,Roster source captured from current TSDH brand page; ratings anchored to WWE 2K26 when present.
wwe_raw_joe_hendry,Joe Hendry,WWE,Raw,Raw,Mens,Mens,Yes,Active,Midcard,Face,RingGeneral,,,81,81,Sourced video-game overall used as anchor; component attributes derived for GM simulation,High,938000,52,25,82,80,81,80,78,75,76,79,81,79,77,79,75,77,81,77,10,73,20,70,73,77,79,15,83,85,76,78,78,75,87,https://www.thesmackdownhotel.com/roster/wwe/raw/,https://www.wwe.com/superstars,https://www.operationsports.com/wwe-2k26-ratings-list/,Roster source captured from current TSDH brand page; ratings anchored to WWE 2K26 when present.
wwe_raw_julius_creed,Julius Creed,WWE,Raw,Raw,Mens,Mens,Yes,Active,Enhancement,Heel,Powerhouse,American Made,,,72,"Game-derived estimate from roster tier, title status, current availability, and known public role",Medium,139000,52,25,72,71,71,74,68,70,71,77,70,72,67,71,75,67,74,71,15,67,21,63,66,70,66,26,68,79,71,70,77,61,78,https://www.thesmackdownhotel.com/roster/wwe/raw/,https://www.wwe.com/superstars,https://www.operationsports.com/wwe-2k26-ratings-list/,Roster source captured from current TSDH brand page; ratings anchored to WWE 2K26 when present.
wwe_raw_la_knight,LA Knight,WWE,Raw,Raw,Mens,Mens,Yes,Active,Midcard,Face,RingGeneral,,,89,89,Sourced video-game overall used as anchor; component attributes derived for GM simulation,High,968000,52,25,90,89,89,88,92,90,89,85,91,88,83,91,96,91,88,92,13,86,23,65,79,85,94,27,92,91,93,88,91,81,87,https://www.thesmackdownhotel.com/roster/wwe/raw/,https://www.wwe.com/superstars,https://www.operationsports.com/wwe-2k26-ratings-list/,Roster source captured from current TSDH brand page; ratings anchored to WWE 2K26 when present.
wwe_raw_logan_paul,Logan Paul,WWE,Raw,Raw,Mens,Mens,Yes,Active,Midcard,Heel,Showman,,,90,90,Sourced video-game overall used as anchor; component attributes derived for GM simulation,High,972000,52,25,93,90,91,97,91,89,91,89,86,93,85,93,99,93,90,95,20,85,33,65,64,76,88,18,86,83,97,90,88,83,92,https://www.thesmackdownhotel.com/roster/wwe/raw/,https://www.wwe.com/superstars,https://www.operationsports.com/wwe-2k26-ratings-list/,Roster source captured from current TSDH brand page; ratings anchored to WWE 2K26 when present.
wwe_raw_montez_ford,Montez Ford,WWE,Raw,Raw,Mens,Mens,Yes,Active,Midcard,Face,RingGeneral,,,80,80,Sourced video-game overall used as anchor; component attributes derived for GM simulation,High,934000,52,25,79,77,78,77,77,79,75,79,82,83,77,79,83,75,82,79,13,77,26,68,60,71,76,19,84,84,79,79,79,75,79,https://www.thesmackdownhotel.com/roster/wwe/raw/,https://www.wwe.com/superstars,https://www.operationsports.com/wwe-2k26-ratings-list/,Roster source captured from current TSDH brand page; ratings anchored to WWE 2K26 when present.
wwe_raw_original_el_grande_americano,Original El Grande Americano,WWE,Raw,Raw,Mens,Mens,Yes,Active,Midcard,Tweener,RingGeneral,American Made,,85,85,Sourced video-game overall used as anchor; component attributes derived for GM simulation,High,953000,52,25,84,82,83,85,85,86,90,85,83,82,81,89,86,92,85,87,17,84,19,73,77,78,84,12,84,91,89,85,83,79,81,https://www.thesmackdownhotel.com/roster/wwe/raw/,https://www.wwe.com/superstars,https://www.operationsports.com/wwe-2k26-ratings-list/,Roster source captured from current TSDH brand page; ratings anchored to WWE 2K26 when present.
wwe_raw_otis,Otis,WWE,Raw,Raw,Mens,Mens,Yes,Active,Enhancement,Face,RingGeneral,Alpha Academy,,75,75,Sourced video-game overall used as anchor; component attributes derived for GM simulation,High,141000,52,25,72,74,73,75,74,71,75,76,72,73,70,75,78,74,69,75,20,72,21,73,79,78,80,19,74,81,76,71,79,64,80,https://www.thesmackdownhotel.com/roster/wwe/raw/,https://www.wwe.com/superstars,https://www.operationsports.com/wwe-2k26-ratings-list/,Roster source captured from current TSDH brand page; ratings anchored to WWE 2K26 when present.
wwe_raw_penta,Penta,WWE,Raw,Raw,Mens,Mens,Yes,Active,Midcard,Face,HighFlyer,,Intercontinental Champion,84,84,Sourced video-game overall used as anchor; component attributes derived for GM simulation,High,949000,52,25,85,82,83,83,87,84,89,79,87,84,78,80,75,78,89,79,20,73,32,60,64,71,86,26,83,83,76,81,87,76,82,https://www.thesmackdownhotel.com/roster/wwe/raw/,https://www.wwe.com/superstars,https://www.operationsports.com/wwe-2k26-ratings-list/,Roster source captured from current TSDH brand page; ratings anchored to WWE 2K26 when present.
wwe_raw_rayo_americano,Rayo Americano,WWE,Raw,Raw,Mens,Mens,Yes,Active,Enhancement,Tweener,RingGeneral,,,,72,"Game-derived estimate from roster tier, title status, current availability, and known public role",Medium,139000,52,25,73,72,72,73,71,67,67,65,75,76,67,73,71,72,70,71,19,68,20,73,63,68,68,21,72,81,71,69,68,61,77,https://www.thesmackdownhotel.com/roster/wwe/raw/,https://www.wwe.com/superstars,https://www.operationsports.com/wwe-2k26-ratings-list/,Roster source captured from current TSDH brand page; ratings anchored to WWE 2K26 when present.
wwe_raw_rey_mysterio,Rey Mysterio,WWE,Raw,Raw,Mens,Mens,Yes,Active,Midcard,Face,HighFlyer,,,84,84,Sourced video-game overall used as anchor; component attributes derived for GM simulation,High,949000,52,25,85,82,83,83,87,84,89,79,87,84,78,80,75,78,89,79,20,73,32,60,64,71,86,26,83,83,76,81,87,76,82,https://www.thesmackdownhotel.com/roster/wwe/raw/,https://www.wwe.com/superstars,https://www.operationsports.com/wwe-2k26-ratings-list/,Roster source captured from current TSDH brand page; ratings anchored to WWE 2K26 when present.
wwe_raw_roman_reigns,Roman Reigns,WWE,Raw,Raw,Mens,Mens,Yes,Active,MainEvent,Face,Showman,,World Heavyweight Champion,95,95,Sourced video-game overall used as anchor; component attributes derived for GM simulation,High,3809000,52,35,99,99,99,99,99,98,92,89,97,97,99,99,99,99,99,99,11,92,25,67,72,80,99,27,99,90,99,99,86,99,99,https://www.thesmackdownhotel.com/roster/wwe/raw/,https://www.wwe.com/superstars,https://www.operationsports.com/wwe-2k26-ratings-list/,Roster source captured from current TSDH brand page; ratings anchored to WWE 2K26 when present.
wwe_raw_rusev,Rusev,WWE,Raw,Raw,Mens,Mens,Yes,Active,Midcard,Heel,RingGeneral,,,,72,"Game-derived estimate from roster tier, title status, current availability, and known public role",Medium,904000,52,25,74,70,72,78,68,66,73,71,72,70,72,72,75,72,74,73,12,67,19,74,79,77,74,16,72,70,73,73,74,70,73,https://www.thesmackdownhotel.com/roster/wwe/raw/,https://www.wwe.com/superstars,https://www.operationsports.com/wwe-2k26-ratings-list/,Roster source captured from current TSDH brand page; ratings anchored to WWE 2K26 when present.
wwe_raw_seth_rollins,Seth Rollins,WWE,Raw,Raw,Mens,Mens,Yes,Active,MainEvent,Face,Showman,,,94,94,Sourced video-game overall used as anchor; component attributes derived for GM simulation,High,3795000,52,35,99,99,99,99,95,93,91,95,93,96,99,99,99,99,99,99,14,89,32,69,66,82,95,23,96,97,99,99,89,99,89,https://www.thesmackdownhotel.com/roster/wwe/raw/,https://www.wwe.com/superstars,https://www.operationsports.com/wwe-2k26-ratings-list/,Roster source captured from current TSDH brand page; ratings anchored to WWE 2K26 when present.
wwe_raw_sheamus,Sheamus,WWE,Raw,Raw,Mens,Mens,Yes,Active,UpperCard,Unknown,Powerhouse,,,86,86,Sourced video-game overall used as anchor; component attributes derived for GM simulation,High,1914000,52,35,86,87,86,86,87,90,87,89,82,85,88,89,89,86,90,87,11,78,24,72,65,77,84,28,87,91,87,88,82,89,93,https://www.thesmackdownhotel.com/roster/wwe/raw/,https://www.wwe.com/superstars,https://www.operationsports.com/wwe-2k26-ratings-list/,Roster source captured from current TSDH brand page; ratings anchored to WWE 2K26 when present.
wwe_raw_asuka,Asuka,WWE,Raw,Raw,Womens,Womens,Yes,Active,MainEvent,Unknown,RingGeneral,,,91,91,Sourced video-game overall used as anchor; component attributes derived for GM simulation,High,3752000,52,35,98,95,96,94,93,85,94,88,93,86,97,91,89,90,98,90,25,87,27,63,70,78,98,30,93,90,89,94,84,99,86,https://www.thesmackdownhotel.com/roster/wwe/raw/,https://www.wwe.com/superstars,https://www.operationsports.com/wwe-2k26-ratings-list/,Roster source captured from current TSDH brand page; ratings anchored to WWE 2K26 when present.
wwe_raw_bayley,Bayley,WWE,Raw,Raw,Womens,Womens,Yes,Active,UpperCard,Unknown,RingGeneral,,,89,89,Sourced video-game overall used as anchor; component attributes derived for GM simulation,High,1936000,52,35,86,91,88,90,91,91,94,83,84,89,89,87,91,88,83,89,12,83,28,69,79,82,94,37,95,96,89,87,91,90,95,https://www.thesmackdownhotel.com/roster/wwe/raw/,https://www.wwe.com/superstars,https://www.operationsports.com/wwe-2k26-ratings-list/,Roster source captured from current TSDH brand page; ratings anchored to WWE 2K26 when present.
wwe_raw_becky_lynch,Becky Lynch,WWE,Raw,Raw,Womens,Womens,Yes,Active,MainEvent,Unknown,RingGeneral,,Women's Intercontinental Champion,94,94,Sourced video-game overall used as anchor; component attributes derived for GM simulation,High,3795000,52,35,98,99,98,94,97,95,95,88,97,96,98,93,94,92,94,93,17,90,18,70,78,89,99,29,95,99,93,95,87,99,92,https://www.thesmackdownhotel.com/roster/wwe/raw/,https://www.wwe.com/superstars,https://www.operationsports.com/wwe-2k26-ratings-list/,Roster source captured from current TSDH brand page; ratings anchored to WWE 2K26 when present.
wwe_raw_ivy_nile,Ivy Nile,WWE,Raw,Raw,Womens,Womens,Yes,Active,Prospect,Unknown,RingGeneral,American Made,,76,76,Sourced video-game overall used as anchor; component attributes derived for GM simulation,High,354000,52,25,78,73,75,76,83,80,78,80,74,77,71,78,79,75,76,76,15,68,30,66,73,75,75,23,75,84,77,74,74,65,77,https://www.thesmackdownhotel.com/roster/wwe/raw/,https://www.wwe.com/superstars,https://www.operationsports.com/wwe-2k26-ratings-list/,Roster source captured from current TSDH brand page; ratings anchored to WWE 2K26 when present.
wwe_raw_iyo_sky,IYO SKY,WWE,Raw,Raw,Womens,Womens,Yes,Active,MainEvent,Unknown,RingGeneral,,,93,93,Sourced video-game overall used as anchor; component attributes derived for GM simulation,High,3781000,52,35,99,99,99,99,99,95,97,95,94,88,99,97,99,94,99,96,14,82,32,61,72,80,94,26,96,99,97,98,84,99,89,https://www.thesmackdownhotel.com/roster/wwe/raw/,https://www.wwe.com/superstars,https://www.operationsports.com/wwe-2k26-ratings-list/,Roster source captured from current TSDH brand page; ratings anchored to WWE 2K26 when present.
wwe_raw_liv_morgan,Liv Morgan,WWE,Raw,Raw,Womens,Womens,Yes,Active,MainEvent,Face,RingGeneral,,Women's World Champion,92,92,Sourced video-game overall used as anchor; component attributes derived for GM simulation,High,3766000,52,35,94,98,96,92,90,87,97,92,89,96,97,97,99,99,97,98,10,88,19,73,72,85,96,26,99,95,99,98,86,99,93,https://www.thesmackdownhotel.com/roster/wwe/raw/,https://www.wwe.com/superstars,https://www.operationsports.com/wwe-2k26-ratings-list/,Roster source captured from current TSDH brand page; ratings anchored to WWE 2K26 when present.
wwe_raw_lyra_valkyria,Lyra Valkyria,WWE,Raw,Raw,Womens,Womens,Yes,Active,Midcard,Unknown,RingGeneral,,,84,84,Sourced video-game overall used as anchor; component attributes derived for GM simulation,High,949000,52,25,84,81,82,80,88,84,85,80,80,87,83,89,85,91,80,86,10,76,31,62,70,75,87,20,87,92,88,83,89,81,86,https://www.thesmackdownhotel.com/roster/wwe/raw/,https://www.wwe.com/superstars,https://www.operationsports.com/wwe-2k26-ratings-list/,Roster source captured from current TSDH brand page; ratings anchored to WWE 2K26 when present.
wwe_raw_maxxine_dupri,Maxxine Dupri,WWE,Raw,Raw,Womens,Womens,Yes,Active,Midcard,Unknown,RingGeneral,Alpha Academy,,78,78,Sourced video-game overall used as anchor; component attributes derived for GM simulation,High,927000,52,25,79,75,77,83,77,73,78,83,76,80,78,84,88,82,76,82,24,74,26,65,77,77,78,16,79,79,85,79,80,76,73,https://www.thesmackdownhotel.com/roster/wwe/raw/,https://www.wwe.com/superstars,https://www.operationsports.com/wwe-2k26-ratings-list/,Roster source captured from current TSDH brand page; ratings anchored to WWE 2K26 when present.
wwe_raw_naomi,Naomi,WWE,Raw,Raw,Womens,Womens,Yes,Active,MainEvent,Unknown,RingGeneral,,,92,92,Sourced video-game overall used as anchor; component attributes derived for GM simulation,High,3766000,52,35,94,98,96,92,90,87,97,92,89,96,97,97,99,99,97,98,10,88,19,73,72,85,96,26,99,95,99,98,86,99,93,https://www.thesmackdownhotel.com/roster/wwe/raw/,https://www.wwe.com/superstars,https://www.operationsports.com/wwe-2k26-ratings-list/,Roster source captured from current TSDH brand page; ratings anchored to WWE 2K26 when present.
wwe_raw_nattie,Nattie,WWE,Raw,Raw,Womens,Womens,Yes,Active,UpperCard,Unknown,RingGeneral,,,86,86,Sourced video-game overall used as anchor; component attributes derived for GM simulation,High,1914000,52,35,89,87,88,89,89,83,89,90,83,85,85,83,78,86,86,83,25,82,21,70,69,77,91,33,94,88,82,84,85,86,92,https://www.thesmackdownhotel.com/roster/wwe/raw/,https://www.wwe.com/superstars,https://www.operationsports.com/wwe-2k26-ratings-list/,Roster source captured from current TSDH brand page; ratings anchored to WWE 2K26 when present.
wwe_raw_raquel_rodriguez,Raquel Rodriguez,WWE,Raw,Raw,Womens,Womens,Yes,Active,UpperCard,Unknown,RingGeneral,,,86,86,Sourced video-game overall used as anchor; component attributes derived for GM simulation,High,1914000,52,35,89,87,88,89,89,83,89,90,83,85,85,83,78,86,86,83,25,82,21,70,69,77,91,33,94,88,82,84,85,86,92,https://www.thesmackdownhotel.com/roster/wwe/raw/,https://www.wwe.com/superstars,https://www.operationsports.com/wwe-2k26-ratings-list/,Roster source captured from current TSDH brand page; ratings anchored to WWE 2K26 when present.
wwe_raw_roxanne_perez,Roxanne Perez,WWE,Raw,Raw,Womens,Womens,Yes,Active,Midcard,Unknown,RingGeneral,,,85,85,Sourced video-game overall used as anchor; component attributes derived for GM simulation,High,953000,52,25,85,84,84,84,83,86,90,79,86,91,79,82,87,81,85,84,19,84,19,73,61,71,89,16,86,85,84,82,84,77,88,https://www.thesmackdownhotel.com/roster/wwe/raw/,https://www.wwe.com/superstars,https://www.operationsports.com/wwe-2k26-ratings-list/,Roster source captured from current TSDH brand page; ratings anchored to WWE 2K26 when present.
wwe_raw_sol_ruca,Sol Ruca,WWE,Raw,Raw,Womens,Womens,Yes,Active,Prospect,Unknown,RingGeneral,,,77,77,Sourced video-game overall used as anchor; component attributes derived for GM simulation,High,355000,52,25,80,75,77,75,76,77,73,73,77,83,76,75,74,77,80,76,20,71,18,65,79,77,71,22,75,86,75,77,76,70,78,https://www.thesmackdownhotel.com/roster/wwe/raw/,https://www.wwe.com/superstars,https://www.operationsports.com/wwe-2k26-ratings-list/,Roster source captured from current TSDH brand page; ratings anchored to WWE 2K26 when present.
wwe_raw_stephanie_vaquer,Stephanie Vaquer,WWE,Raw,Raw,Womens,Womens,Yes,Active,MainEvent,Unknown,RingGeneral,,,92,92,Sourced video-game overall used as anchor; component attributes derived for GM simulation,High,3766000,52,35,94,98,96,92,90,87,97,92,89,96,97,97,99,99,97,98,10,88,19,73,72,85,96,26,99,95,99,98,86,99,93,https://www.thesmackdownhotel.com/roster/wwe/raw/,https://www.wwe.com/superstars,https://www.operationsports.com/wwe-2k26-ratings-list/,Roster source captured from current TSDH brand page; ratings anchored to WWE 2K26 when present.
wwe_smackdown_angel,Angel,WWE,SmackDown,SmackDown,Mens,Mens,Yes,Active,Enhancement,Heel,RingGeneral,Los Garza,,72,72,Sourced video-game overall used as anchor; component attributes derived for GM simulation,High,139000,52,25,73,72,72,73,71,67,67,65,75,76,67,73,71,72,70,71,19,68,20,73,63,68,68,21,72,81,71,69,68,61,77,https://www.thesmackdownhotel.com/roster/wwe/smackdown/,https://www.wwe.com/superstars,https://www.operationsports.com/wwe-2k26-ratings-list/,Roster source captured from current TSDH brand page; ratings anchored to WWE 2K26 when present.
wwe_smackdown_axiom,Axiom,WWE,SmackDown,SmackDown,Mens,Mens,Yes,Active,Enhancement,Face,HighFlyer,Fraxiom,,75,75,Sourced video-game overall used as anchor; component attributes derived for GM simulation,High,141000,52,25,78,75,76,80,75,69,79,73,76,78,69,74,73,77,78,75,10,69,21,71,69,73,72,23,77,79,75,74,72,63,71,https://www.thesmackdownhotel.com/roster/wwe/smackdown/,https://www.wwe.com/superstars,https://www.operationsports.com/wwe-2k26-ratings-list/,Roster source captured from current TSDH brand page; ratings anchored to WWE 2K26 when present.
wwe_smackdown_berto,Berto,WWE,SmackDown,SmackDown,Mens,Mens,Yes,Active,Enhancement,Heel,RingGeneral,Los Garza,,72,72,Sourced video-game overall used as anchor; component attributes derived for GM simulation,High,139000,52,25,73,72,72,73,71,67,67,65,75,76,67,73,71,72,70,71,19,68,20,73,63,68,68,21,72,81,71,69,68,61,77,https://www.thesmackdownhotel.com/roster/wwe/smackdown/,https://www.wwe.com/superstars,https://www.operationsports.com/wwe-2k26-ratings-list/,Roster source captured from current TSDH brand page; ratings anchored to WWE 2K26 when present.
wwe_smackdown_carmelo_hayes,Carmelo Hayes,WWE,SmackDown,SmackDown,Mens,Mens,Yes,Active,Midcard,Face,RingGeneral,,,84,84,Sourced video-game overall used as anchor; component attributes derived for GM simulation,High,949000,52,25,81,82,81,79,76,86,82,88,86,85,82,88,86,90,79,86,17,77,26,62,64,75,82,21,83,87,88,83,81,80,83,https://www.thesmackdownhotel.com/roster/wwe/smackdown/,https://www.wwe.com/superstars,https://www.operationsports.com/wwe-2k26-ratings-list/,Roster source captured from current TSDH brand page; ratings anchored to WWE 2K26 when present.
wwe_smackdown_cody_rhodes,Cody Rhodes,WWE,SmackDown,SmackDown,Mens,Mens,Yes,Active,MainEvent,Face,Showman,,Undisputed WWE Champion,95,95,Sourced video-game overall used as anchor; component attributes derived for GM simulation,High,3809000,52,35,99,99,99,99,99,98,92,89,97,97,99,99,99,99,99,99,11,92,25,67,72,80,99,27,99,90,99,99,86,99,99,https://www.thesmackdownhotel.com/roster/wwe/smackdown/,https://www.wwe.com/superstars,https://www.operationsports.com/wwe-2k26-ratings-list/,Roster source captured from current TSDH brand page; ratings anchored to WWE 2K26 when present.
wwe_smackdown_damian_priest,Damian Priest,WWE,SmackDown,SmackDown,Mens,Mens,Yes,Active,Midcard,Face,Brawler,Wepa Up,WWE Tag Team Champion,87,87,Sourced video-game overall used as anchor; component attributes derived for GM simulation,High,961000,52,25,90,84,87,86,95,90,85,85,83,86,84,87,89,91,91,89,14,85,17,65,76,78,81,15,85,89,90,88,92,82,96,https://www.thesmackdownhotel.com/roster/wwe/smackdown/,https://www.wwe.com/superstars,https://www.operationsports.com/wwe-2k26-ratings-list/,Roster source captured from current TSDH brand page; ratings anchored to WWE 2K26 when present.
wwe_smackdown_drew_mcintyre,Drew McIntyre,WWE,SmackDown,SmackDown,Mens,Mens,Yes,Active,MainEvent,Unknown,Brawler,,,93,93,Sourced video-game overall used as anchor; component attributes derived for GM simulation,High,3781000,52,35,99,98,98,96,97,96,91,94,94,97,98,99,99,97,95,97,13,85,23,63,74,86,99,31,95,91,99,97,88,99,99,https://www.thesmackdownhotel.com/roster/wwe/smackdown/,https://www.wwe.com/superstars,https://www.operationsports.com/wwe-2k26-ratings-list/,Roster source captured from current TSDH brand page; ratings anchored to WWE 2K26 when present.
wwe_smackdown_elton_prince,Elton Prince,WWE,SmackDown,SmackDown,Mens,Mens,Yes,Active,Enhancement,Unknown,RingGeneral,Pretty Deadly,,71,71,Sourced video-game overall used as anchor; component attributes derived for GM simulation,High,139000,52,25,69,69,69,69,64,68,67,68,73,76,69,75,75,71,71,72,19,64,26,69,71,70,77,14,71,71,73,71,70,63,72,https://www.thesmackdownhotel.com/roster/wwe/smackdown/,https://www.wwe.com/superstars,https://www.operationsports.com/wwe-2k26-ratings-list/,Roster source captured from current TSDH brand page; ratings anchored to WWE 2K26 when present.
wwe_smackdown_gunther,Gunther,WWE,SmackDown,SmackDown,Mens,Mens,Yes,Active,MainEvent,Heel,Powerhouse,,,93,93,Sourced video-game overall used as anchor; component attributes derived for GM simulation,High,3781000,52,35,99,99,99,95,99,88,98,94,93,89,99,99,99,99,99,98,24,87,23,68,78,83,93,23,93,99,99,99,84,99,96,https://www.thesmackdownhotel.com/roster/wwe/smackdown/,https://www.wwe.com/superstars,https://www.operationsports.com/wwe-2k26-ratings-list/,Roster source captured from current TSDH brand page; ratings anchored to WWE 2K26 when present.
wwe_smackdown_ilja_dragunov,Ilja Dragunov,WWE,SmackDown,SmackDown,Mens,Mens,Yes,Active,Midcard,Face,Technician,,,85,85,Sourced video-game overall used as anchor; component attributes derived for GM simulation,High,953000,52,25,85,85,85,80,83,82,84,88,84,85,82,88,88,90,86,87,10,78,21,64,78,80,91,24,87,90,89,85,82,80,89,https://www.thesmackdownhotel.com/roster/wwe/smackdown/,https://www.wwe.com/superstars,https://www.operationsports.com/wwe-2k26-ratings-list/,Roster source captured from current TSDH brand page; ratings anchored to WWE 2K26 when present.
wwe_smackdown_jacob_fatu,Jacob Fatu,WWE,SmackDown,SmackDown,Mens,Mens,Yes,Active,MainEvent,Heel,Powerhouse,,,88,88,Sourced video-game overall used as anchor; component attributes derived for GM simulation,High,3709000,52,35,91,91,91,93,91,84,85,89,88,88,93,85,80,83,91,83,19,85,17,74,63,74,96,34,91,94,81,88,87,99,98,https://www.thesmackdownhotel.com/roster/wwe/smackdown/,https://www.wwe.com/superstars,https://www.operationsports.com/wwe-2k26-ratings-list/,Roster source captured from current TSDH brand page; ratings anchored to WWE 2K26 when present.
wwe_smackdown_johnny_gargano,Johnny Gargano,WWE,SmackDown,SmackDown,Mens,Mens,Yes,Active,Enhancement,Heel,RingGeneral,,,76,76,Sourced video-game overall used as anchor; component attributes derived for GM simulation,High,141000,52,25,78,74,76,73,83,71,81,73,74,77,76,77,73,76,80,75,21,70,25,66,78,78,75,26,77,80,74,76,71,70,76,https://www.thesmackdownhotel.com/roster/wwe/smackdown/,https://www.wwe.com/superstars,https://www.operationsports.com/wwe-2k26-ratings-list/,Roster source captured from current TSDH brand page; ratings anchored to WWE 2K26 when present.
wwe_smackdown_kevin_owens,Kevin Owens,WWE,SmackDown,SmackDown,Mens,Mens,Yes,Active,UpperCard,Unknown,RingGeneral,,,87,87,Sourced video-game overall used as anchor; component attributes derived for GM simulation,High,1921000,52,35,88,90,89,88,86,82,82,80,90,91,86,88,86,87,85,86,19,83,20,73,63,76,87,31,91,96,86,85,83,87,92,https://www.thesmackdownhotel.com/roster/wwe/smackdown/,https://www.wwe.com/superstars,https://www.operationsports.com/wwe-2k26-ratings-list/,Roster source captured from current TSDH brand page; ratings anchored to WWE 2K26 when present.
wwe_smackdown_kit_wilson,Kit Wilson,WWE,SmackDown,SmackDown,Mens,Mens,Yes,Active,Midcard,Heel,RingGeneral,Pretty Deadly,,,72,"Game-derived estimate from roster tier, title status, current availability, and known public role",Medium,904000,52,25,74,70,72,78,68,66,73,71,72,70,72,72,75,72,74,73,12,67,19,74,79,77,74,16,72,70,73,73,74,70,73,https://www.thesmackdownhotel.com/roster/wwe/smackdown/,https://www.wwe.com/superstars,https://www.operationsports.com/wwe-2k26-ratings-list/,Roster source captured from current TSDH brand page; ratings anchored to WWE 2K26 when present.
wwe_smackdown_matt_cardona,Matt Cardona,WWE,SmackDown,SmackDown,Mens,Mens,Yes,Active,Enhancement,Face,RingGeneral,,,,72,"Game-derived estimate from roster tier, title status, current availability, and known public role",Medium,139000,52,25,73,72,72,73,71,67,67,65,75,76,67,73,71,72,70,71,19,68,20,73,63,68,68,21,72,81,71,69,68,61,77,https://www.thesmackdownhotel.com/roster/wwe/smackdown/,https://www.wwe.com/superstars,https://www.operationsports.com/wwe-2k26-ratings-list/,Roster source captured from current TSDH brand page; ratings anchored to WWE 2K26 when present.
wwe_smackdown_the_miz,The Miz,WWE,SmackDown,SmackDown,Mens,Mens,Yes,Active,Midcard,Heel,Showman,,,80,80,Sourced video-game overall used as anchor; component attributes derived for GM simulation,High,934000,52,25,82,80,81,81,88,78,83,80,81,79,74,90,96,89,83,88,16,77,20,71,69,77,80,13,78,77,92,83,85,72,77,https://www.thesmackdownhotel.com/roster/wwe/smackdown/,https://www.wwe.com/superstars,https://www.operationsports.com/wwe-2k26-ratings-list/,Roster source captured from current TSDH brand page; ratings anchored to WWE 2K26 when present.
wwe_smackdown_nathan_frazer,Nathan Frazer,WWE,SmackDown,SmackDown,Mens,Mens,Yes,Active,Enhancement,Face,HighFlyer,Fraxiom,,76,76,Sourced video-game overall used as anchor; component attributes derived for GM simulation,High,141000,52,25,76,74,75,76,80,73,78,81,76,72,74,77,75,81,73,77,21,74,21,64,71,72,73,18,73,81,78,75,76,68,79,https://www.thesmackdownhotel.com/roster/wwe/smackdown/,https://www.wwe.com/superstars,https://www.operationsports.com/wwe-2k26-ratings-list/,Roster source captured from current TSDH brand page; ratings anchored to WWE 2K26 when present.
wwe_smackdown_r_truth,R-Truth,WWE,SmackDown,SmackDown,Mens,Mens,Yes,Active,Midcard,Face,RingGeneral,Wepa Up,WWE Tag Team Champion,80,80,Sourced video-game overall used as anchor; component attributes derived for GM simulation,High,934000,52,25,79,77,78,77,77,79,75,79,82,83,77,79,83,75,82,79,13,77,26,68,60,71,76,19,84,84,79,79,79,75,79,https://www.thesmackdownhotel.com/roster/wwe/smackdown/,https://www.wwe.com/superstars,https://www.operationsports.com/wwe-2k26-ratings-list/,Roster source captured from current TSDH brand page; ratings anchored to WWE 2K26 when present.
wwe_smackdown_randy_orton,Randy Orton,WWE,SmackDown,SmackDown,Mens,Mens,Yes,Active,MainEvent,Unknown,Brawler,,,92,92,Sourced video-game overall used as anchor; component attributes derived for GM simulation,High,3766000,52,35,99,97,98,99,99,94,95,94,94,96,98,97,99,93,99,95,16,83,25,66,68,81,99,23,96,95,97,99,87,99,99,https://www.thesmackdownhotel.com/roster/wwe/smackdown/,https://www.wwe.com/superstars,https://www.operationsports.com/wwe-2k26-ratings-list/,Roster source captured from current TSDH brand page; ratings anchored to WWE 2K26 when present.
wwe_smackdown_rey_fenix,Rey Fenix,WWE,SmackDown,SmackDown,Mens,Mens,Yes,Active,Enhancement,Face,HighFlyer,,,,72,"Game-derived estimate from roster tier, title status, current availability, and known public role",Medium,139000,52,25,70,72,71,75,67,75,71,74,72,68,70,73,71,69,67,70,22,64,26,68,78,73,70,14,71,76,70,69,73,64,74,https://www.thesmackdownhotel.com/roster/wwe/smackdown/,https://www.wwe.com/superstars,https://www.operationsports.com/wwe-2k26-ratings-list/,Roster source captured from current TSDH brand page; ratings anchored to WWE 2K26 when present.
wwe_smackdown_ricky_saints,Ricky Saints,WWE,SmackDown,SmackDown,Mens,Mens,Yes,Active,Midcard,Heel,RingGeneral,,,81,81,Sourced video-game overall used as anchor; component attributes derived for GM simulation,High,938000,52,25,82,80,81,80,78,75,76,79,81,79,77,79,75,77,81,77,10,73,20,70,73,77,79,15,83,85,76,78,78,75,87,https://www.thesmackdownhotel.com/roster/wwe/smackdown/,https://www.wwe.com/superstars,https://www.operationsports.com/wwe-2k26-ratings-list/,Roster source captured from current TSDH brand page; ratings anchored to WWE 2K26 when present.
wwe_smackdown_royce_keys,Royce Keys,WWE,SmackDown,SmackDown,Mens,Mens,Yes,Active,Midcard,Face,RingGeneral,,,,72,"Game-derived estimate from roster tier, title status, current availability, and known public role",Medium,904000,52,25,74,70,72,78,68,66,73,71,72,70,72,72,75,72,74,73,12,67,19,74,79,77,74,16,72,70,73,73,74,70,73,https://www.thesmackdownhotel.com/roster/wwe/smackdown/,https://www.wwe.com/superstars,https://www.operationsports.com/wwe-2k26-ratings-list/,Roster source captured from current TSDH brand page; ratings anchored to WWE 2K26 when present.
wwe_smackdown_sami_zayn,Sami Zayn,WWE,SmackDown,SmackDown,Mens,Mens,Yes,Active,Midcard,Heel,RingGeneral,,,89,89,Sourced video-game overall used as anchor; component attributes derived for GM simulation,High,968000,52,25,90,89,89,88,92,90,89,85,91,88,83,91,96,91,88,92,13,86,23,65,79,85,94,27,92,91,93,88,91,81,87,https://www.thesmackdownhotel.com/roster/wwe/smackdown/,https://www.wwe.com/superstars,https://www.operationsports.com/wwe-2k26-ratings-list/,Roster source captured from current TSDH brand page; ratings anchored to WWE 2K26 when present.
wwe_smackdown_shinsuke_nakamura,Shinsuke Nakamura,WWE,SmackDown,SmackDown,Mens,Mens,Yes,Active,Midcard,Face,RingGeneral,,,86,86,Sourced video-game overall used as anchor; component attributes derived for GM simulation,High,957000,52,25,88,85,86,86,85,80,88,87,87,83,85,90,89,91,84,88,22,79,30,65,80,80,81,20,85,95,90,86,84,83,82,https://www.thesmackdownhotel.com/roster/wwe/smackdown/,https://www.wwe.com/superstars,https://www.operationsports.com/wwe-2k26-ratings-list/,Roster source captured from current TSDH brand page; ratings anchored to WWE 2K26 when present.
wwe_smackdown_solo_sikoa,Solo Sikoa,WWE,SmackDown,SmackDown,Mens,Mens,Yes,Active,Midcard,Heel,RingGeneral,MFT,,85,85,Sourced video-game overall used as anchor; component attributes derived for GM simulation,High,953000,52,25,84,82,83,85,85,86,90,85,83,82,81,89,86,92,85,87,17,84,19,73,77,78,84,12,84,91,89,85,83,79,81,https://www.thesmackdownhotel.com/roster/wwe/smackdown/,https://www.wwe.com/superstars,https://www.operationsports.com/wwe-2k26-ratings-list/,Roster source captured from current TSDH brand page; ratings anchored to WWE 2K26 when present.
wwe_smackdown_talla_tonga,Talla Tonga,WWE,SmackDown,SmackDown,Mens,Mens,Yes,Active,Midcard,Heel,Powerhouse,MFT,,,72,"Game-derived estimate from roster tier, title status, current availability, and known public role",Medium,904000,52,25,69,68,68,72,75,73,71,71,70,78,66,75,75,77,70,74,13,66,27,61,60,65,68,17,75,71,76,70,70,64,81,https://www.thesmackdownhotel.com/roster/wwe/smackdown/,https://www.wwe.com/superstars,https://www.operationsports.com/wwe-2k26-ratings-list/,Roster source captured from current TSDH brand page; ratings anchored to WWE 2K26 when present.
wwe_smackdown_tama_tonga,Tama Tonga,WWE,SmackDown,SmackDown,Mens,Mens,Yes,Active,Midcard,Heel,RingGeneral,MFT,,,72,"Game-derived estimate from roster tier, title status, current availability, and known public role",Medium,904000,52,25,74,70,72,78,68,66,73,71,72,70,72,72,75,72,74,73,12,67,19,74,79,77,74,16,72,70,73,73,74,70,73,https://www.thesmackdownhotel.com/roster/wwe/smackdown/,https://www.wwe.com/superstars,https://www.operationsports.com/wwe-2k26-ratings-list/,Roster source captured from current TSDH brand page; ratings anchored to WWE 2K26 when present.
wwe_smackdown_trick_williams,Trick Williams,WWE,SmackDown,SmackDown,Mens,Mens,Yes,Active,Midcard,Face,RingGeneral,,United States Champion,84,84,Sourced video-game overall used as anchor; component attributes derived for GM simulation,High,949000,52,25,81,82,81,79,76,86,82,88,86,85,82,88,86,90,79,86,17,77,26,62,64,75,82,21,83,87,88,83,81,80,83,https://www.thesmackdownhotel.com/roster/wwe/smackdown/,https://www.wwe.com/superstars,https://www.operationsports.com/wwe-2k26-ratings-list/,Roster source captured from current TSDH brand page; ratings anchored to WWE 2K26 when present.
wwe_smackdown_alexa_bliss,Alexa Bliss,WWE,SmackDown,SmackDown,Womens,Womens,Yes,Active,Midcard,Face,RingGeneral,,,87,87,Sourced video-game overall used as anchor; component attributes derived for GM simulation,High,961000,52,25,88,83,85,90,83,81,90,81,87,90,86,85,90,89,86,88,20,80,28,68,63,76,85,19,91,95,89,87,92,84,92,https://www.thesmackdownhotel.com/roster/wwe/smackdown/,https://www.wwe.com/superstars,https://www.operationsports.com/wwe-2k26-ratings-list/,Roster source captured from current TSDH brand page; ratings anchored to WWE 2K26 when present.
wwe_smackdown_b_fab,B-Fab,WWE,SmackDown,SmackDown,Womens,Womens,Yes,Active,Enhancement,Unknown,RingGeneral,,,67,67,Sourced video-game overall used as anchor; component attributes derived for GM simulation,High,136000,52,25,64,65,64,60,70,67,66,61,62,68,65,71,71,72,60,70,14,61,22,71,70,70,64,17,63,70,71,65,63,59,70,https://www.thesmackdownhotel.com/roster/wwe/smackdown/,https://www.wwe.com/superstars,https://www.operationsports.com/wwe-2k26-ratings-list/,Roster source captured from current TSDH brand page; ratings anchored to WWE 2K26 when present.
wwe_smackdown_bianca_belair,Bianca Belair,WWE,SmackDown,SmackDown,Womens,Womens,Yes,Active,MainEvent,Unknown,RingGeneral,,,94,94,Sourced video-game overall used as anchor; component attributes derived for GM simulation,High,3795000,52,35,98,99,98,94,97,95,95,88,97,96,98,93,94,92,94,93,17,90,18,70,78,89,99,29,95,99,93,95,87,99,92,https://www.thesmackdownhotel.com/roster/wwe/smackdown/,https://www.wwe.com/superstars,https://www.operationsports.com/wwe-2k26-ratings-list/,Roster source captured from current TSDH brand page; ratings anchored to WWE 2K26 when present.
wwe_smackdown_blake_monroe,Blake Monroe,WWE,SmackDown,SmackDown,Womens,Womens,Yes,Active,Midcard,Unknown,RingGeneral,,,78,78,Sourced video-game overall used as anchor; component attributes derived for GM simulation,High,927000,52,25,79,75,77,83,77,73,78,83,76,80,78,84,88,82,76,82,24,74,26,65,77,77,78,16,79,79,85,79,80,76,73,https://www.thesmackdownhotel.com/roster/wwe/smackdown/,https://www.wwe.com/superstars,https://www.operationsports.com/wwe-2k26-ratings-list/,Roster source captured from current TSDH brand page; ratings anchored to WWE 2K26 when present.
wwe_smackdown_candice_lerae,Candice LeRae,WWE,SmackDown,SmackDown,Womens,Womens,Yes,Active,Enhancement,Unknown,RingGeneral,,,71,71,Sourced video-game overall used as anchor; component attributes derived for GM simulation,High,139000,52,25,69,67,68,71,71,71,66,76,66,68,68,73,78,76,70,75,20,64,32,60,78,72,70,16,74,75,77,71,68,62,72,https://www.thesmackdownhotel.com/roster/wwe/smackdown/,https://www.wwe.com/superstars,https://www.operationsports.com/wwe-2k26-ratings-list/,Roster source captured from current TSDH brand page; ratings anchored to WWE 2K26 when present.
wwe_smackdown_charlotte_flair,Charlotte Flair,WWE,SmackDown,SmackDown,Womens,Womens,Yes,Active,Midcard,Face,RingGeneral,,,93,93,Sourced video-game overall used as anchor; component attributes derived for GM simulation,High,983000,52,25,95,92,93,99,89,94,95,98,96,93,92,89,91,88,94,90,14,92,18,72,71,82,89,23,93,95,89,91,93,90,87,https://www.thesmackdownhotel.com/roster/wwe/smackdown/,https://www.wwe.com/superstars,https://www.operationsports.com/wwe-2k26-ratings-list/,Roster source captured from current TSDH brand page; ratings anchored to WWE 2K26 when present.
wwe_smackdown_chelsea_green,Chelsea Green,WWE,SmackDown,SmackDown,Womens,Womens,Yes,Active,Midcard,Unknown,Showman,The Green Regime,,85,85,Sourced video-game overall used as anchor; component attributes derived for GM simulation,High,953000,52,25,87,84,85,82,89,87,87,78,84,81,80,92,97,94,90,92,17,81,26,69,68,78,86,16,83,81,95,88,85,78,86,https://www.thesmackdownhotel.com/roster/wwe/smackdown/,https://www.wwe.com/superstars,https://www.operationsports.com/wwe-2k26-ratings-list/,Roster source captured from current TSDH brand page; ratings anchored to WWE 2K26 when present.
wwe_smackdown_fallon_henley,Fallon Henley,WWE,SmackDown,SmackDown,Womens,Womens,Yes,Active,Midcard,Unknown,RingGeneral,The Fatal Influence,,78,78,Sourced video-game overall used as anchor; component attributes derived for GM simulation,High,927000,52,25,79,75,77,83,77,73,78,83,76,80,78,84,88,82,76,82,24,74,26,65,77,77,78,16,79,79,85,79,80,76,73,https://www.thesmackdownhotel.com/roster/wwe/smackdown/,https://www.wwe.com/superstars,https://www.operationsports.com/wwe-2k26-ratings-list/,Roster source captured from current TSDH brand page; ratings anchored to WWE 2K26 when present.
wwe_smackdown_giulia,Giulia,WWE,SmackDown,SmackDown,Womens,Womens,Yes,Active,UpperCard,Unknown,RingGeneral,Giulia & Kiana James,,86,86,Sourced video-game overall used as anchor; component attributes derived for GM simulation,High,1914000,52,35,89,87,88,89,89,83,89,90,83,85,85,83,78,86,86,83,25,82,21,70,69,77,91,33,94,88,82,84,85,86,92,https://www.thesmackdownhotel.com/roster/wwe/smackdown/,https://www.wwe.com/superstars,https://www.operationsports.com/wwe-2k26-ratings-list/,Roster source captured from current TSDH brand page; ratings anchored to WWE 2K26 when present.
wwe_smackdown_jacy_jayne,Jacy Jayne,WWE,SmackDown,SmackDown,Womens,Womens,Yes,Active,Midcard,Unknown,RingGeneral,The Fatal Influence,,80,80,Sourced video-game overall used as anchor; component attributes derived for GM simulation,High,934000,52,25,77,77,77,80,80,76,78,75,82,81,75,79,76,81,75,79,16,73,21,63,73,74,75,15,82,82,78,76,77,73,76,https://www.thesmackdownhotel.com/roster/wwe/smackdown/,https://www.wwe.com/superstars,https://www.operationsports.com/wwe-2k26-ratings-list/,Roster source captured from current TSDH brand page; ratings anchored to WWE 2K26 when present.
wwe_smackdown_jade_cargill,Jade Cargill,WWE,SmackDown,SmackDown,Womens,Womens,Yes,Active,MainEvent,Heel,Powerhouse,,,88,88,Sourced video-game overall used as anchor; component attributes derived for GM simulation,High,3709000,52,35,95,92,93,94,93,86,84,87,86,83,93,89,85,87,96,86,12,80,20,68,80,84,89,30,95,94,86,91,78,99,90,https://www.thesmackdownhotel.com/roster/wwe/smackdown/,https://www.wwe.com/superstars,https://www.operationsports.com/wwe-2k26-ratings-list/,Roster source captured from current TSDH brand page; ratings anchored to WWE 2K26 when present.
wwe_smackdown_jordynne_grace,Jordynne Grace,WWE,SmackDown,SmackDown,Womens,Womens,Yes,Active,Midcard,Face,RingGeneral,,,81,81,Sourced video-game overall used as anchor; component attributes derived for GM simulation,High,938000,52,25,79,79,79,75,75,78,80,76,84,79,81,83,84,81,75,82,20,71,28,68,79,77,79,26,83,89,82,79,77,79,80,https://www.thesmackdownhotel.com/roster/wwe/smackdown/,https://www.wwe.com/superstars,https://www.operationsports.com/wwe-2k26-ratings-list/,Roster source captured from current TSDH brand page; ratings anchored to WWE 2K26 when present.
wwe_smackdown_kiana_james,Kiana James,WWE,SmackDown,SmackDown,Womens,Womens,Yes,Active,Prospect,Unknown,RingGeneral,Giulia & Kiana James,,,72,"Game-derived estimate from roster tier, title status, current availability, and known public role",Medium,348000,52,25,73,70,71,70,78,71,69,69,73,71,70,68,71,68,74,70,21,64,20,72,60,63,77,27,73,80,69,71,67,64,71,https://www.thesmackdownhotel.com/roster/wwe/smackdown/,https://www.wwe.com/superstars,https://www.operationsports.com/wwe-2k26-ratings-list/,Roster source captured from current TSDH brand page; ratings anchored to WWE 2K26 when present.
wwe_smackdown_lainey_reid,Lainey Reid,WWE,SmackDown,SmackDown,Womens,Womens,Yes,Active,Prospect,Unknown,RingGeneral,The Fatal Influence,,,72,"Game-derived estimate from roster tier, title status, current availability, and known public role",Medium,348000,52,25,73,70,71,70,78,71,69,69,73,71,70,68,71,68,74,70,21,64,20,72,60,63,77,27,73,80,69,71,67,64,71,https://www.thesmackdownhotel.com/roster/wwe/smackdown/,https://www.wwe.com/superstars,https://www.operationsports.com/wwe-2k26-ratings-list/,Roster source captured from current TSDH brand page; ratings anchored to WWE 2K26 when present.
wwe_smackdown_lash_legend,Lash Legend,WWE,SmackDown,SmackDown,Womens,Womens,Yes,Active,Midcard,Unknown,RingGeneral,The Irresistible Forces,,81,81,Sourced video-game overall used as anchor; component attributes derived for GM simulation,High,938000,52,25,79,79,79,75,75,78,80,76,84,79,81,83,84,81,75,82,20,71,28,68,79,77,79,26,83,89,82,79,77,79,80,https://www.thesmackdownhotel.com/roster/wwe/smackdown/,https://www.wwe.com/superstars,https://www.operationsports.com/wwe-2k26-ratings-list/,Roster source captured from current TSDH brand page; ratings anchored to WWE 2K26 when present.
wwe_smackdown_michin,Michin,WWE,SmackDown,SmackDown,Womens,Womens,Yes,Active,Midcard,Unknown,RingGeneral,,,82,82,Sourced video-game overall used as anchor; component attributes derived for GM simulation,High,942000,52,25,79,80,79,84,74,84,79,84,80,77,77,88,90,91,77,87,18,75,28,61,72,76,82,26,79,87,90,81,83,75,83,https://www.thesmackdownhotel.com/roster/wwe/smackdown/,https://www.wwe.com/superstars,https://www.operationsports.com/wwe-2k26-ratings-list/,Roster source captured from current TSDH brand page; ratings anchored to WWE 2K26 when present.
wwe_smackdown_nia_jax,Nia Jax,WWE,SmackDown,SmackDown,Womens,Womens,Yes,Active,UpperCard,Unknown,Powerhouse,The Irresistible Forces,,88,88,Sourced video-game overall used as anchor; component attributes derived for GM simulation,High,1929000,52,35,88,88,88,92,92,87,85,86,83,86,92,84,80,80,91,82,19,80,25,68,72,79,90,34,89,95,80,87,89,93,90,https://www.thesmackdownhotel.com/roster/wwe/smackdown/,https://www.wwe.com/superstars,https://www.operationsports.com/wwe-2k26-ratings-list/,Roster source captured from current TSDH brand page; ratings anchored to WWE 2K26 when present.
wwe_smackdown_piper_niven,Piper Niven,WWE,SmackDown,SmackDown,Womens,Womens,Yes,Active,Prospect,Unknown,RingGeneral,The Green Regime,,,72,"Game-derived estimate from roster tier, title status, current availability, and known public role",Medium,348000,52,25,73,70,71,70,78,71,69,69,73,71,70,68,71,68,74,70,21,64,20,72,60,63,77,27,73,80,69,71,67,64,71,https://www.thesmackdownhotel.com/roster/wwe/smackdown/,https://www.wwe.com/superstars,https://www.operationsports.com/wwe-2k26-ratings-list/,Roster source captured from current TSDH brand page; ratings anchored to WWE 2K26 when present.
wwe_smackdown_rhea_ripley,Rhea Ripley,WWE,SmackDown,SmackDown,Womens,Womens,Yes,Active,MainEvent,Face,RingGeneral,,WWE Women's Champion,96,96,Sourced video-game overall used as anchor; component attributes derived for GM simulation,High,3824000,52,35,99,99,99,97,99,96,98,99,93,94,99,99,99,98,99,99,10,86,33,62,70,86,98,36,99,96,99,99,96,99,99,https://www.thesmackdownhotel.com/roster/wwe/smackdown/,https://www.wwe.com/superstars,https://www.operationsports.com/wwe-2k26-ratings-list/,Roster source captured from current TSDH brand page; ratings anchored to WWE 2K26 when present.
wwe_smackdown_tiffany_stratton,Tiffany Stratton,WWE,SmackDown,SmackDown,Womens,Womens,Yes,Active,Midcard,Face,RingGeneral,,Women's United States Champion,91,91,Sourced video-game overall used as anchor; component attributes derived for GM simulation,High,975000,52,25,90,91,90,93,94,94,91,95,90,92,89,90,95,91,90,92,20,88,21,63,70,83,90,14,90,91,93,90,88,87,94,https://www.thesmackdownhotel.com/roster/wwe/smackdown/,https://www.wwe.com/superstars,https://www.operationsports.com/wwe-2k26-ratings-list/,Roster source captured from current TSDH brand page; ratings anchored to WWE 2K26 when present.
wwe_nxt_brad_baylor,Brad Baylor,WWE,NXT,NXT,Mens,Mens,Yes,Active,Prospect,Unknown,RingGeneral,,,,72,"Game-derived estimate from roster tier, title status, current availability, and known public role",Medium,348000,52,25,71,68,69,73,75,70,67,74,73,67,69,73,70,77,69,73,10,68,18,66,65,65,69,12,72,77,73,70,67,63,76,https://www.thesmackdownhotel.com/roster/wwe/nxt/,https://www.wwe.com/superstars,https://www.operationsports.com/wwe-2k26-ratings-list/,Roster source captured from current TSDH brand page; ratings anchored to WWE 2K26 when present.
wwe_nxt_bronco_nima,Bronco Nima,WWE,NXT,NXT,Mens,Mens,Yes,Active,Prospect,Unknown,Powerhouse,,,,72,"Game-derived estimate from roster tier, title status, current availability, and known public role",Medium,348000,52,25,75,72,73,71,76,70,67,65,69,77,70,75,75,76,71,74,25,69,25,65,73,73,74,15,71,78,75,72,75,64,82,https://www.thesmackdownhotel.com/roster/wwe/nxt/,https://www.wwe.com/superstars,https://www.operationsports.com/wwe-2k26-ratings-list/,Roster source captured from current TSDH brand page; ratings anchored to WWE 2K26 when present.
wwe_nxt_channing_stacks_lorenzo,"Channing ""Stacks"" Lorenzo",WWE,NXT,NXT,Mens,Mens,Yes,Active,Prospect,Unknown,RingGeneral,Birthright,,74,74,Sourced video-game overall used as anchor; component attributes derived for GM simulation,High,351000,52,25,74,73,73,78,80,71,72,72,75,69,72,77,81,77,72,77,24,67,31,62,71,75,76,17,71,75,79,74,75,66,76,https://www.thesmackdownhotel.com/roster/wwe/nxt/,https://www.wwe.com/superstars,https://www.operationsports.com/wwe-2k26-ratings-list/,Roster source captured from current TSDH brand page; ratings anchored to WWE 2K26 when present.
wwe_nxt_charlie_dempsey,Charlie Dempsey,WWE,NXT,NXT,Mens,Mens,Yes,Active,Prospect,Unknown,Technician,Birthright,,75,75,Sourced video-game overall used as anchor; component attributes derived for GM simulation,High,352000,52,25,78,72,75,74,73,69,78,72,77,70,73,75,73,74,78,74,25,71,27,63,70,70,78,20,73,69,73,74,73,67,70,https://www.thesmackdownhotel.com/roster/wwe/nxt/,https://www.wwe.com/superstars,https://www.operationsports.com/wwe-2k26-ratings-list/,Roster source captured from current TSDH brand page; ratings anchored to WWE 2K26 when present.
wwe_nxt_cutler_james,Cutler James,WWE,NXT,NXT,Mens,Mens,Yes,Active,Prospect,Unknown,RingGeneral,,,,72,"Game-derived estimate from roster tier, title status, current availability, and known public role",Medium,348000,52,25,71,68,69,73,75,70,67,74,73,67,69,73,70,77,69,73,10,68,18,66,65,65,69,12,72,77,73,70,67,63,76,https://www.thesmackdownhotel.com/roster/wwe/nxt/,https://www.wwe.com/superstars,https://www.operationsports.com/wwe-2k26-ratings-list/,Roster source captured from current TSDH brand page; ratings anchored to WWE 2K26 when present.
wwe_nxt_dion_lennox,Dion Lennox,WWE,NXT,NXT,Mens,Mens,Yes,Active,Prospect,Unknown,RingGeneral,,,,72,"Game-derived estimate from roster tier, title status, current availability, and known public role",Medium,348000,52,25,71,68,69,73,75,70,67,74,73,67,69,73,70,77,69,73,10,68,18,66,65,65,69,12,72,77,73,70,67,63,76,https://www.thesmackdownhotel.com/roster/wwe/nxt/,https://www.wwe.com/superstars,https://www.operationsports.com/wwe-2k26-ratings-list/,Roster source captured from current TSDH brand page; ratings anchored to WWE 2K26 when present.
wwe_nxt_ek_prosper,EK Prosper,WWE,NXT,NXT,Mens,Mens,Yes,Active,Prospect,Unknown,RingGeneral,,,,72,"Game-derived estimate from roster tier, title status, current availability, and known public role",Medium,348000,52,25,71,68,69,73,75,70,67,74,73,67,69,73,70,77,69,73,10,68,18,66,65,65,69,12,72,77,73,70,67,63,76,https://www.thesmackdownhotel.com/roster/wwe/nxt/,https://www.wwe.com/superstars,https://www.operationsports.com/wwe-2k26-ratings-list/,Roster source captured from current TSDH brand page; ratings anchored to WWE 2K26 when present.
wwe_nxt_elio_lefleur,Elio LeFleur,WWE,NXT,NXT,Mens,Mens,Yes,Active,Prospect,Unknown,RingGeneral,,,,72,"Game-derived estimate from roster tier, title status, current availability, and known public role",Medium,348000,52,25,71,68,69,73,75,70,67,74,73,67,69,73,70,77,69,73,10,68,18,66,65,65,69,12,72,77,73,70,67,63,76,https://www.thesmackdownhotel.com/roster/wwe/nxt/,https://www.wwe.com/superstars,https://www.operationsports.com/wwe-2k26-ratings-list/,Roster source captured from current TSDH brand page; ratings anchored to WWE 2K26 when present.
wwe_nxt_hank_walker,Hank Walker,WWE,NXT,NXT,Mens,Mens,Yes,Active,Prospect,Unknown,RingGeneral,,,77,77,Sourced video-game overall used as anchor; component attributes derived for GM simulation,High,355000,52,25,80,77,78,81,79,75,73,74,81,77,77,76,76,72,80,75,24,69,30,64,78,80,75,26,80,76,74,77,79,71,80,https://www.thesmackdownhotel.com/roster/wwe/nxt/,https://www.wwe.com/superstars,https://www.operationsports.com/wwe-2k26-ratings-list/,Roster source captured from current TSDH brand page; ratings anchored to WWE 2K26 when present.
wwe_nxt_jackson_drake,Jackson Drake,WWE,NXT,NXT,Mens,Mens,Yes,Active,Prospect,Unknown,RingGeneral,,,,72,"Game-derived estimate from roster tier, title status, current availability, and known public role",Medium,348000,52,25,71,68,69,73,75,70,67,74,73,67,69,73,70,77,69,73,10,68,18,66,65,65,69,12,72,77,73,70,67,63,76,https://www.thesmackdownhotel.com/roster/wwe/nxt/,https://www.wwe.com/superstars,https://www.operationsports.com/wwe-2k26-ratings-list/,Roster source captured from current TSDH brand page; ratings anchored to WWE 2K26 when present.
wwe_nxt_jasper_troy,Jasper Troy,WWE,NXT,NXT,Mens,Mens,Yes,Active,Prospect,Unknown,RingGeneral,,,,72,"Game-derived estimate from roster tier, title status, current availability, and known public role",Medium,348000,52,25,71,68,69,73,75,70,67,74,73,67,69,73,70,77,69,73,10,68,18,66,65,65,69,12,72,77,73,70,67,63,76,https://www.thesmackdownhotel.com/roster/wwe/nxt/,https://www.wwe.com/superstars,https://www.operationsports.com/wwe-2k26-ratings-list/,Roster source captured from current TSDH brand page; ratings anchored to WWE 2K26 when present.
wwe_nxt_josh_briggs,Josh Briggs,WWE,NXT,NXT,Mens,Mens,Yes,Active,Prospect,Unknown,RingGeneral,,,74,74,Sourced video-game overall used as anchor; component attributes derived for GM simulation,High,351000,52,25,74,73,73,78,80,71,72,72,75,69,72,77,81,77,72,77,24,67,31,62,71,75,76,17,71,75,79,74,75,66,76,https://www.thesmackdownhotel.com/roster/wwe/nxt/,https://www.wwe.com/superstars,https://www.operationsports.com/wwe-2k26-ratings-list/,Roster source captured from current TSDH brand page; ratings anchored to WWE 2K26 when present.
wwe_nxt_kale_dixon,Kale Dixon,WWE,NXT,NXT,Mens,Mens,Yes,Active,Prospect,Unknown,RingGeneral,,,,72,"Game-derived estimate from roster tier, title status, current availability, and known public role",Medium,348000,52,25,71,68,69,73,75,70,67,74,73,67,69,73,70,77,69,73,10,68,18,66,65,65,69,12,72,77,73,70,67,63,76,https://www.thesmackdownhotel.com/roster/wwe/nxt/,https://www.wwe.com/superstars,https://www.operationsports.com/wwe-2k26-ratings-list/,Roster source captured from current TSDH brand page; ratings anchored to WWE 2K26 when present.
wwe_nxt_kam_hendrix,Kam Hendrix,WWE,NXT,NXT,Mens,Mens,Yes,Active,Prospect,Unknown,RingGeneral,,,,72,"Game-derived estimate from roster tier, title status, current availability, and known public role",Medium,348000,52,25,71,68,69,73,75,70,67,74,73,67,69,73,70,77,69,73,10,68,18,66,65,65,69,12,72,77,73,70,67,63,76,https://www.thesmackdownhotel.com/roster/wwe/nxt/,https://www.wwe.com/superstars,https://www.operationsports.com/wwe-2k26-ratings-list/,Roster source captured from current TSDH brand page; ratings anchored to WWE 2K26 when present.
wwe_nxt_keanu_carver,Keanu Carver,WWE,NXT,NXT,Mens,Mens,Yes,Active,Prospect,Unknown,RingGeneral,,,,72,"Game-derived estimate from roster tier, title status, current availability, and known public role",Medium,348000,52,25,71,68,69,73,75,70,67,74,73,67,69,73,70,77,69,73,10,68,18,66,65,65,69,12,72,77,73,70,67,63,76,https://www.thesmackdownhotel.com/roster/wwe/nxt/,https://www.wwe.com/superstars,https://www.operationsports.com/wwe-2k26-ratings-list/,Roster source captured from current TSDH brand page; ratings anchored to WWE 2K26 when present.
wwe_nxt_lexis_king,Lexis King,WWE,NXT,NXT,Mens,Mens,Yes,Active,Prospect,Unknown,RingGeneral,Birthright,,,72,"Game-derived estimate from roster tier, title status, current availability, and known public role",Medium,348000,52,25,71,68,69,73,75,70,67,74,73,67,69,73,70,77,69,73,10,68,18,66,65,65,69,12,72,77,73,70,67,63,76,https://www.thesmackdownhotel.com/roster/wwe/nxt/,https://www.wwe.com/superstars,https://www.operationsports.com/wwe-2k26-ratings-list/,Roster source captured from current TSDH brand page; ratings anchored to WWE 2K26 when present.
wwe_nxt_lucien_price,Lucien Price,WWE,NXT,NXT,Mens,Mens,Yes,Active,Prospect,Unknown,RingGeneral,,,,72,"Game-derived estimate from roster tier, title status, current availability, and known public role",Medium,348000,52,25,71,68,69,73,75,70,67,74,73,67,69,73,70,77,69,73,10,68,18,66,65,65,69,12,72,77,73,70,67,63,76,https://www.thesmackdownhotel.com/roster/wwe/nxt/,https://www.wwe.com/superstars,https://www.operationsports.com/wwe-2k26-ratings-list/,Roster source captured from current TSDH brand page; ratings anchored to WWE 2K26 when present.
wwe_nxt_mason_rook,Mason Rook,WWE,NXT,NXT,Mens,Mens,Yes,Active,Prospect,Unknown,RingGeneral,,,,72,"Game-derived estimate from roster tier, title status, current availability, and known public role",Medium,348000,52,25,71,68,69,73,75,70,67,74,73,67,69,73,70,77,69,73,10,68,18,66,65,65,69,12,72,77,73,70,67,63,76,https://www.thesmackdownhotel.com/roster/wwe/nxt/,https://www.wwe.com/superstars,https://www.operationsports.com/wwe-2k26-ratings-list/,Roster source captured from current TSDH brand page; ratings anchored to WWE 2K26 when present.
wwe_nxt_myles_borne,Myles Borne,WWE,NXT,NXT,Mens,Mens,Yes,Active,Prospect,Unknown,RingGeneral,,,75,75,Sourced video-game overall used as anchor; component attributes derived for GM simulation,High,352000,52,25,76,72,74,77,77,78,77,70,74,76,75,78,74,81,77,76,23,74,19,69,71,72,80,18,74,75,77,76,70,69,79,https://www.thesmackdownhotel.com/roster/wwe/nxt/,https://www.wwe.com/superstars,https://www.operationsports.com/wwe-2k26-ratings-list/,Roster source captured from current TSDH brand page; ratings anchored to WWE 2K26 when present.
wwe_nxt_naraku,Naraku,WWE,NXT,NXT,Mens,Mens,Yes,Active,Prospect,Unknown,RingGeneral,,,,72,"Game-derived estimate from roster tier, title status, current availability, and known public role",Medium,348000,52,25,71,68,69,73,75,70,67,74,73,67,69,73,70,77,69,73,10,68,18,66,65,65,69,12,72,77,73,70,67,63,76,https://www.thesmackdownhotel.com/roster/wwe/nxt/,https://www.wwe.com/superstars,https://www.operationsports.com/wwe-2k26-ratings-list/,Roster source captured from current TSDH brand page; ratings anchored to WWE 2K26 when present.
wwe_nxt_niko_vance,Niko Vance,WWE,NXT,NXT,Mens,Mens,Yes,Active,Prospect,Unknown,RingGeneral,,,,72,"Game-derived estimate from roster tier, title status, current availability, and known public role",Medium,348000,52,25,71,68,69,73,75,70,67,74,73,67,69,73,70,77,69,73,10,68,18,66,65,65,69,12,72,77,73,70,67,63,76,https://www.thesmackdownhotel.com/roster/wwe/nxt/,https://www.wwe.com/superstars,https://www.operationsports.com/wwe-2k26-ratings-list/,Roster source captured from current TSDH brand page; ratings anchored to WWE 2K26 when present.
wwe_nxt_noam_dar,Noam Dar,WWE,NXT,NXT,Mens,Mens,Yes,Active,Prospect,Unknown,RingGeneral,,,76,76,Sourced video-game overall used as anchor; component attributes derived for GM simulation,High,354000,52,25,78,74,76,77,81,80,72,81,80,74,72,74,70,77,81,74,13,73,23,64,62,66,79,12,74,83,73,75,73,66,71,https://www.thesmackdownhotel.com/roster/wwe/nxt/,https://www.wwe.com/superstars,https://www.operationsports.com/wwe-2k26-ratings-list/,Roster source captured from current TSDH brand page; ratings anchored to WWE 2K26 when present.
wwe_nxt_osiris_griffin,Osiris Griffin,WWE,NXT,NXT,Mens,Mens,Yes,Active,Prospect,Unknown,RingGeneral,,,,72,"Game-derived estimate from roster tier, title status, current availability, and known public role",Medium,348000,52,25,71,68,69,73,75,70,67,74,73,67,69,73,70,77,69,73,10,68,18,66,65,65,69,12,72,77,73,70,67,63,76,https://www.thesmackdownhotel.com/roster/wwe/nxt/,https://www.wwe.com/superstars,https://www.operationsports.com/wwe-2k26-ratings-list/,Roster source captured from current TSDH brand page; ratings anchored to WWE 2K26 when present.
wwe_nxt_ricky_smokes,Ricky Smokes,WWE,NXT,NXT,Mens,Mens,Yes,Active,Prospect,Unknown,RingGeneral,,,,72,"Game-derived estimate from roster tier, title status, current availability, and known public role",Medium,348000,52,25,71,68,69,73,75,70,67,74,73,67,69,73,70,77,69,73,10,68,18,66,65,65,69,12,72,77,73,70,67,63,76,https://www.thesmackdownhotel.com/roster/wwe/nxt/,https://www.wwe.com/superstars,https://www.operationsports.com/wwe-2k26-ratings-list/,Roster source captured from current TSDH brand page; ratings anchored to WWE 2K26 when present.
wwe_nxt_saquon_shugars,Saquon Shugars,WWE,NXT,NXT,Mens,Mens,Yes,Active,Prospect,Unknown,RingGeneral,,,,72,"Game-derived estimate from roster tier, title status, current availability, and known public role",Medium,348000,52,25,71,68,69,73,75,70,67,74,73,67,69,73,70,77,69,73,10,68,18,66,65,65,69,12,72,77,73,70,67,63,76,https://www.thesmackdownhotel.com/roster/wwe/nxt/,https://www.wwe.com/superstars,https://www.operationsports.com/wwe-2k26-ratings-list/,Roster source captured from current TSDH brand page; ratings anchored to WWE 2K26 when present.
wwe_nxt_sean_legacy,Sean Legacy,WWE,NXT,NXT,Mens,Mens,Yes,Active,Prospect,Unknown,RingGeneral,,,,72,"Game-derived estimate from roster tier, title status, current availability, and known public role",Medium,348000,52,25,71,68,69,73,75,70,67,74,73,67,69,73,70,77,69,73,10,68,18,66,65,65,69,12,72,77,73,70,67,63,76,https://www.thesmackdownhotel.com/roster/wwe/nxt/,https://www.wwe.com/superstars,https://www.operationsports.com/wwe-2k26-ratings-list/,Roster source captured from current TSDH brand page; ratings anchored to WWE 2K26 when present.
wwe_nxt_shawn_spears,Shawn Spears,WWE,NXT,NXT,Mens,Mens,Yes,Active,Prospect,Unknown,RingGeneral,,,,72,"Game-derived estimate from roster tier, title status, current availability, and known public role",Medium,348000,52,25,71,68,69,73,75,70,67,74,73,67,69,73,70,77,69,73,10,68,18,66,65,65,69,12,72,77,73,70,67,63,76,https://www.thesmackdownhotel.com/roster/wwe/nxt/,https://www.wwe.com/superstars,https://www.operationsports.com/wwe-2k26-ratings-list/,Roster source captured from current TSDH brand page; ratings anchored to WWE 2K26 when present.
wwe_nxt_shiloh_hill,Shiloh Hill,WWE,NXT,NXT,Mens,Mens,Yes,Active,Prospect,Unknown,RingGeneral,,,,72,"Game-derived estimate from roster tier, title status, current availability, and known public role",Medium,348000,52,25,71,68,69,73,75,70,67,74,73,67,69,73,70,77,69,73,10,68,18,66,65,65,69,12,72,77,73,70,67,63,76,https://www.thesmackdownhotel.com/roster/wwe/nxt/,https://www.wwe.com/superstars,https://www.operationsports.com/wwe-2k26-ratings-list/,Roster source captured from current TSDH brand page; ratings anchored to WWE 2K26 when present.
wwe_nxt_tank_ledger,Tank Ledger,WWE,NXT,NXT,Mens,Mens,Yes,Active,Prospect,Unknown,RingGeneral,,,77,77,Sourced video-game overall used as anchor; component attributes derived for GM simulation,High,355000,52,25,80,77,78,81,79,75,73,74,81,77,77,76,76,72,80,75,24,69,30,64,78,80,75,26,80,76,74,77,79,71,80,https://www.thesmackdownhotel.com/roster/wwe/nxt/,https://www.wwe.com/superstars,https://www.operationsports.com/wwe-2k26-ratings-list/,Roster source captured from current TSDH brand page; ratings anchored to WWE 2K26 when present.
wwe_nxt_tate_wilder,Tate Wilder,WWE,NXT,NXT,Mens,Mens,Yes,Active,Prospect,Unknown,RingGeneral,,,,72,"Game-derived estimate from roster tier, title status, current availability, and known public role",Medium,348000,52,25,71,68,69,73,75,70,67,74,73,67,69,73,70,77,69,73,10,68,18,66,65,65,69,12,72,77,73,70,67,63,76,https://www.thesmackdownhotel.com/roster/wwe/nxt/,https://www.wwe.com/superstars,https://www.operationsports.com/wwe-2k26-ratings-list/,Roster source captured from current TSDH brand page; ratings anchored to WWE 2K26 when present.
wwe_nxt_tavion_heights,Tavion Heights,WWE,NXT,NXT,Mens,Mens,Yes,Active,Prospect,Unknown,RingGeneral,,,,72,"Game-derived estimate from roster tier, title status, current availability, and known public role",Medium,348000,52,25,71,68,69,73,75,70,67,74,73,67,69,73,70,77,69,73,10,68,18,66,65,65,69,12,72,77,73,70,67,63,76,https://www.thesmackdownhotel.com/roster/wwe/nxt/,https://www.wwe.com/superstars,https://www.operationsports.com/wwe-2k26-ratings-list/,Roster source captured from current TSDH brand page; ratings anchored to WWE 2K26 when present.
wwe_nxt_tony_d_angelo,Tony D'Angelo,WWE,NXT,NXT,Mens,Mens,Yes,Active,Midcard,Unknown,RingGeneral,,,79,79,Sourced video-game overall used as anchor; component attributes derived for GM simulation,High,931000,52,25,77,77,77,78,73,76,74,73,76,77,79,83,81,85,73,81,25,72,31,66,75,78,76,24,76,83,83,78,77,77,85,https://www.thesmackdownhotel.com/roster/wwe/nxt/,https://www.wwe.com/superstars,https://www.operationsports.com/wwe-2k26-ratings-list/,Roster source captured from current TSDH brand page; ratings anchored to WWE 2K26 when present.
wwe_nxt_tristan_angels,Tristan Angels,WWE,NXT,NXT,Mens,Mens,Yes,Active,Prospect,Unknown,RingGeneral,,,,72,"Game-derived estimate from roster tier, title status, current availability, and known public role",Medium,348000,52,25,71,68,69,73,75,70,67,74,73,67,69,73,70,77,69,73,10,68,18,66,65,65,69,12,72,77,73,70,67,63,76,https://www.thesmackdownhotel.com/roster/wwe/nxt/,https://www.wwe.com/superstars,https://www.operationsports.com/wwe-2k26-ratings-list/,Roster source captured from current TSDH brand page; ratings anchored to WWE 2K26 when present.
wwe_nxt_uriah_connors,Uriah Connors,WWE,NXT,NXT,Mens,Mens,Yes,Active,Prospect,Unknown,RingGeneral,Birthright,,,72,"Game-derived estimate from roster tier, title status, current availability, and known public role",Medium,348000,52,25,71,68,69,73,75,70,67,74,73,67,69,73,70,77,69,73,10,68,18,66,65,65,69,12,72,77,73,70,67,63,76,https://www.thesmackdownhotel.com/roster/wwe/nxt/,https://www.wwe.com/superstars,https://www.operationsports.com/wwe-2k26-ratings-list/,Roster source captured from current TSDH brand page; ratings anchored to WWE 2K26 when present.
wwe_nxt_adriana_rizzo,Adriana Rizzo,WWE,NXT,NXT,Womens,Womens,Yes,Active,Prospect,Unknown,RingGeneral,,,,72,"Game-derived estimate from roster tier, title status, current availability, and known public role",Medium,348000,52,25,73,70,71,70,78,71,69,69,73,71,70,68,71,68,74,70,21,64,20,72,60,63,77,27,73,80,69,71,67,64,71,https://www.thesmackdownhotel.com/roster/wwe/nxt/,https://www.wwe.com/superstars,https://www.operationsports.com/wwe-2k26-ratings-list/,Roster source captured from current TSDH brand page; ratings anchored to WWE 2K26 when present.
wwe_nxt_arianna_grace,Arianna Grace,WWE,NXT,NXT,Womens,Womens,Yes,Active,Prospect,Unknown,RingGeneral,Birthright,,,72,"Game-derived estimate from roster tier, title status, current availability, and known public role",Medium,348000,52,25,73,70,71,70,78,71,69,69,73,71,70,68,71,68,74,70,21,64,20,72,60,63,77,27,73,80,69,71,67,64,71,https://www.thesmackdownhotel.com/roster/wwe/nxt/,https://www.wwe.com/superstars,https://www.operationsports.com/wwe-2k26-ratings-list/,Roster source captured from current TSDH brand page; ratings anchored to WWE 2K26 when present.
wwe_nxt_izzi_dame,Izzi Dame,WWE,NXT,NXT,Womens,Womens,Yes,Active,Prospect,Unknown,RingGeneral,,,76,76,Sourced video-game overall used as anchor; component attributes derived for GM simulation,High,354000,52,25,78,73,75,76,83,80,78,80,74,77,71,78,79,75,76,76,15,68,30,66,73,75,75,23,75,84,77,74,74,65,77,https://www.thesmackdownhotel.com/roster/wwe/nxt/,https://www.wwe.com/superstars,https://www.operationsports.com/wwe-2k26-ratings-list/,Roster source captured from current TSDH brand page; ratings anchored to WWE 2K26 when present.
wwe_nxt_jaida_parker,Jaida Parker,WWE,NXT,NXT,Womens,Womens,Yes,Active,Prospect,Unknown,RingGeneral,,,77,77,Sourced video-game overall used as anchor; component attributes derived for GM simulation,High,355000,52,25,80,75,77,75,76,77,73,73,77,83,76,75,74,77,80,76,20,71,18,65,79,77,71,22,75,86,75,77,76,70,78,https://www.thesmackdownhotel.com/roster/wwe/nxt/,https://www.wwe.com/superstars,https://www.operationsports.com/wwe-2k26-ratings-list/,Roster source captured from current TSDH brand page; ratings anchored to WWE 2K26 when present.
wwe_nxt_kali_armstrong,Kali Armstrong,WWE,NXT,NXT,Womens,Womens,Yes,Active,Prospect,Unknown,Technician,,,,72,"Game-derived estimate from roster tier, title status, current availability, and known public role",Medium,348000,52,25,75,71,73,71,80,76,73,71,71,75,69,74,78,76,73,75,25,69,17,72,65,70,68,20,75,65,77,73,69,63,78,https://www.thesmackdownhotel.com/roster/wwe/nxt/,https://www.wwe.com/superstars,https://www.operationsports.com/wwe-2k26-ratings-list/,Roster source captured from current TSDH brand page; ratings anchored to WWE 2K26 when present.
wwe_nxt_karmen_petrovic,Karmen Petrovic,WWE,NXT,NXT,Womens,Womens,Yes,Active,Prospect,Unknown,RingGeneral,,,,72,"Game-derived estimate from roster tier, title status, current availability, and known public role",Medium,348000,52,25,73,70,71,70,78,71,69,69,73,71,70,68,71,68,74,70,21,64,20,72,60,63,77,27,73,80,69,71,67,64,71,https://www.thesmackdownhotel.com/roster/wwe/nxt/,https://www.wwe.com/superstars,https://www.operationsports.com/wwe-2k26-ratings-list/,Roster source captured from current TSDH brand page; ratings anchored to WWE 2K26 when present.
wwe_nxt_kelani_jordan,Kelani Jordan,WWE,NXT,NXT,Womens,Womens,Yes,Active,Midcard,Unknown,RingGeneral,,,79,79,Sourced video-game overall used as anchor; component attributes derived for GM simulation,High,931000,52,25,78,77,77,74,79,77,80,77,80,78,78,78,78,76,76,77,15,74,29,63,68,73,76,20,80,86,77,77,78,76,80,https://www.thesmackdownhotel.com/roster/wwe/nxt/,https://www.wwe.com/superstars,https://www.operationsports.com/wwe-2k26-ratings-list/,Roster source captured from current TSDH brand page; ratings anchored to WWE 2K26 when present.
wwe_nxt_kendal_grey,Kendal Grey,WWE,NXT,NXT,Womens,Womens,Yes,Active,Prospect,Unknown,RingGeneral,,,,72,"Game-derived estimate from roster tier, title status, current availability, and known public role",Medium,348000,52,25,73,70,71,70,78,71,69,69,73,71,70,68,71,68,74,70,21,64,20,72,60,63,77,27,73,80,69,71,67,64,71,https://www.thesmackdownhotel.com/roster/wwe/nxt/,https://www.wwe.com/superstars,https://www.operationsports.com/wwe-2k26-ratings-list/,Roster source captured from current TSDH brand page; ratings anchored to WWE 2K26 when present.
wwe_nxt_lizzy_rain,Lizzy Rain,WWE,NXT,NXT,Womens,Womens,Yes,Active,Prospect,Unknown,RingGeneral,,,,72,"Game-derived estimate from roster tier, title status, current availability, and known public role",Medium,348000,52,25,73,70,71,70,78,71,69,69,73,71,70,68,71,68,74,70,21,64,20,72,60,63,77,27,73,80,69,71,67,64,71,https://www.thesmackdownhotel.com/roster/wwe/nxt/,https://www.wwe.com/superstars,https://www.operationsports.com/wwe-2k26-ratings-list/,Roster source captured from current TSDH brand page; ratings anchored to WWE 2K26 when present.
wwe_nxt_lola_vice,Lola Vice,WWE,NXT,NXT,Womens,Womens,Yes,Active,Midcard,Unknown,RingGeneral,,,78,78,Sourced video-game overall used as anchor; component attributes derived for GM simulation,High,927000,52,25,79,75,77,83,77,73,78,83,76,80,78,84,88,82,76,82,24,74,26,65,77,77,78,16,79,79,85,79,80,76,73,https://www.thesmackdownhotel.com/roster/wwe/nxt/,https://www.wwe.com/superstars,https://www.operationsports.com/wwe-2k26-ratings-list/,Roster source captured from current TSDH brand page; ratings anchored to WWE 2K26 when present.
wwe_nxt_myka_lockwood,Myka Lockwood,WWE,NXT,NXT,Womens,Womens,Yes,Active,Prospect,Unknown,RingGeneral,,,,72,"Game-derived estimate from roster tier, title status, current availability, and known public role",Medium,348000,52,25,73,70,71,70,78,71,69,69,73,71,70,68,71,68,74,70,21,64,20,72,60,63,77,27,73,80,69,71,67,64,71,https://www.thesmackdownhotel.com/roster/wwe/nxt/,https://www.wwe.com/superstars,https://www.operationsports.com/wwe-2k26-ratings-list/,Roster source captured from current TSDH brand page; ratings anchored to WWE 2K26 when present.
wwe_nxt_nikkita_lyons,Nikkita Lyons,WWE,NXT,NXT,Womens,Womens,Yes,Active,Prospect,Unknown,RingGeneral,,,73,73,Sourced video-game overall used as anchor; component attributes derived for GM simulation,High,349000,52,25,76,72,74,79,78,75,76,76,76,70,73,77,74,75,73,74,15,65,21,73,63,69,69,16,73,70,74,73,70,67,79,https://www.thesmackdownhotel.com/roster/wwe/nxt/,https://www.wwe.com/superstars,https://www.operationsports.com/wwe-2k26-ratings-list/,Roster source captured from current TSDH brand page; ratings anchored to WWE 2K26 when present.
wwe_nxt_skylar_raye,Skylar Raye,WWE,NXT,NXT,Womens,Womens,Yes,Active,Prospect,Unknown,RingGeneral,,,,72,"Game-derived estimate from roster tier, title status, current availability, and known public role",Medium,348000,52,25,73,70,71,70,78,71,69,69,73,71,70,68,71,68,74,70,21,64,20,72,60,63,77,27,73,80,69,71,67,64,71,https://www.thesmackdownhotel.com/roster/wwe/nxt/,https://www.wwe.com/superstars,https://www.operationsports.com/wwe-2k26-ratings-list/,Roster source captured from current TSDH brand page; ratings anchored to WWE 2K26 when present.
wwe_nxt_tatum_paxley,Tatum Paxley,WWE,NXT,NXT,Womens,Womens,Yes,Active,Prospect,Unknown,RingGeneral,,,,72,"Game-derived estimate from roster tier, title status, current availability, and known public role",Medium,348000,52,25,73,70,71,70,78,71,69,69,73,71,70,68,71,68,74,70,21,64,20,72,60,63,77,27,73,80,69,71,67,64,71,https://www.thesmackdownhotel.com/roster/wwe/nxt/,https://www.wwe.com/superstars,https://www.operationsports.com/wwe-2k26-ratings-list/,Roster source captured from current TSDH brand page; ratings anchored to WWE 2K26 when present.
wwe_nxt_thea_hail,Thea Hail,WWE,NXT,NXT,Womens,Womens,Yes,Active,Prospect,Unknown,RingGeneral,,,,72,"Game-derived estimate from roster tier, title status, current availability, and known public role",Medium,348000,52,25,73,70,71,70,78,71,69,69,73,71,70,68,71,68,74,70,21,64,20,72,60,63,77,27,73,80,69,71,67,64,71,https://www.thesmackdownhotel.com/roster/wwe/nxt/,https://www.wwe.com/superstars,https://www.operationsports.com/wwe-2k26-ratings-list/,Roster source captured from current TSDH brand page; ratings anchored to WWE 2K26 when present.
wwe_nxt_wendy_choo,Wendy Choo,WWE,NXT,NXT,Womens,Womens,Yes,Active,Prospect,Unknown,RingGeneral,,,,72,"Game-derived estimate from roster tier, title status, current availability, and known public role",Medium,348000,52,25,73,70,71,70,78,71,69,69,73,71,70,68,71,68,74,70,21,64,20,72,60,63,77,27,73,80,69,71,67,64,71,https://www.thesmackdownhotel.com/roster/wwe/nxt/,https://www.wwe.com/superstars,https://www.operationsports.com/wwe-2k26-ratings-list/,Roster source captured from current TSDH brand page; ratings anchored to WWE 2K26 when present.
wwe_nxt_wren_sinclair,Wren Sinclair,WWE,NXT,NXT,Womens,Womens,Yes,Active,Prospect,Unknown,RingGeneral,,,,72,"Game-derived estimate from roster tier, title status, current availability, and known public role",Medium,348000,52,25,73,70,71,70,78,71,69,69,73,71,70,68,71,68,74,70,21,64,20,72,60,63,77,27,73,80,69,71,67,64,71,https://www.thesmackdownhotel.com/roster/wwe/nxt/,https://www.wwe.com/superstars,https://www.operationsports.com/wwe-2k26-ratings-list/,Roster source captured from current TSDH brand page; ratings anchored to WWE 2K26 when present.
wwe_nxt_zaria,Zaria,WWE,NXT,NXT,Womens,Womens,Yes,Active,Prospect,Unknown,RingGeneral,,,,72,"Game-derived estimate from roster tier, title status, current availability, and known public role",Medium,348000,52,25,73,70,71,70,78,71,69,69,73,71,70,68,71,68,74,70,21,64,20,72,60,63,77,27,73,80,69,71,67,64,71,https://www.thesmackdownhotel.com/roster/wwe/nxt/,https://www.wwe.com/superstars,https://www.operationsports.com/wwe-2k26-ratings-list/,Roster source captured from current TSDH brand page; ratings anchored to WWE 2K26 when present.
aew_aew_aaron_solo,Aaron Solo,AEW,AEW,AEW,Mens,Mens,Yes,Active,Prospect,Unknown,RingGeneral,,,,74,"Game-derived estimate from roster tier, title status, current availability, and known public role",Low,305000,52,25,74,73,73,78,80,71,72,72,75,69,72,77,81,77,72,77,24,67,31,62,71,75,76,17,71,75,79,74,75,66,76,https://www.fightful.com/wrestling/updated-all-elite-roster/,https://www.thesmackdownhotel.com/roster/aew/,https://www.thesmackdownhotel.com/aew-fight-forever/roster/,"AEW roster/availability from Fightful, cross-checkable with TSDH. AEW component stats are game-derived estimates because current public per-attribute ratings are not available."
aew_aew_ace_austin,Ace Austin,AEW,AEW,AEW,Mens,Mens,Yes,Active,Prospect,Unknown,RingGeneral,Bang Bang Gang,,,74,"Game-derived estimate from roster tier, title status, current availability, and known public role",Low,305000,52,25,74,73,73,78,80,71,72,72,75,69,72,77,81,77,72,77,24,67,31,62,71,75,76,17,71,75,79,74,75,66,76,https://www.fightful.com/wrestling/updated-all-elite-roster/,https://www.thesmackdownhotel.com/roster/aew/,https://www.thesmackdownhotel.com/aew-fight-forever/roster/,"AEW roster/availability from Fightful, cross-checkable with TSDH. AEW component stats are game-derived estimates because current public per-attribute ratings are not available."
aew_aew_action_andretti,Action Andretti,AEW,AEW,AEW,Mens,Mens,Yes,Active,Prospect,Unknown,RingGeneral,,,,74,"Game-derived estimate from roster tier, title status, current availability, and known public role",Low,305000,52,25,74,73,73,78,80,71,72,72,75,69,72,77,81,77,72,77,24,67,31,62,71,75,76,17,71,75,79,74,75,66,76,https://www.fightful.com/wrestling/updated-all-elite-roster/,https://www.thesmackdownhotel.com/roster/aew/,https://www.thesmackdownhotel.com/aew-fight-forever/roster/,"AEW roster/availability from Fightful, cross-checkable with TSDH. AEW component stats are game-derived estimates because current public per-attribute ratings are not available."
aew_aew_adam_cole,Adam Cole,AEW,AEW,AEW,Mens,Mens,Yes,Injured,Midcard,Unknown,RingGeneral,The Paragon,,82,82,Sourced video-game overall used as anchor; component attributes derived for GM simulation,Medium,819000,52,35,84,80,82,80,78,79,78,86,83,88,77,83,84,86,80,84,55,73,39,66,60,71,87,31,74,85,85,80,81,71,88,https://www.fightful.com/wrestling/updated-all-elite-roster/,https://www.thesmackdownhotel.com/roster/aew/,https://www.thesmackdownhotel.com/aew-fight-forever/roster/,"AEW roster/availability from Fightful, cross-checkable with TSDH. AEW component stats are game-derived estimates because current public per-attribute ratings are not available."
aew_aew_adam_copeland,Adam Copeland,AEW,AEW,AEW,Mens,Mens,Yes,Active,UpperCard,Unknown,RingGeneral,Copeland & Christian,,89,89,Sourced video-game overall used as anchor; component attributes derived for GM simulation,Medium,1684000,52,35,91,88,89,93,91,89,86,91,88,90,92,95,96,96,90,93,15,79,30,61,73,80,98,36,96,86,96,92,91,93,89,https://www.fightful.com/wrestling/updated-all-elite-roster/,https://www.thesmackdownhotel.com/roster/aew/,https://www.thesmackdownhotel.com/aew-fight-forever/roster/,"AEW roster/availability from Fightful, cross-checkable with TSDH. AEW component stats are game-derived estimates because current public per-attribute ratings are not available."
aew_aew_hangman_adam_page,"""Hangman"" Adam Page",AEW,AEW,AEW,Mens,Mens,Yes,Active,Midcard,Unknown,RingGeneral,,,84,84,Sourced video-game overall used as anchor; component attributes derived for GM simulation,Medium,826000,52,25,81,82,81,79,76,86,82,88,86,85,82,88,86,90,79,86,17,77,26,62,64,75,82,21,83,87,88,83,81,80,83,https://www.fightful.com/wrestling/updated-all-elite-roster/,https://www.thesmackdownhotel.com/roster/aew/,https://www.thesmackdownhotel.com/aew-fight-forever/roster/,"AEW roster/availability from Fightful, cross-checkable with TSDH. AEW component stats are game-derived estimates because current public per-attribute ratings are not available."
aew_aew_alec_price,Alec Price,AEW,AEW,AEW,Mens,Mens,Yes,Active,Prospect,Unknown,RingGeneral,,,,74,"Game-derived estimate from roster tier, title status, current availability, and known public role",Low,305000,52,25,74,73,73,78,80,71,72,72,75,69,72,77,81,77,72,77,24,67,31,62,71,75,76,17,71,75,79,74,75,66,76,https://www.fightful.com/wrestling/updated-all-elite-roster/,https://www.thesmackdownhotel.com/roster/aew/,https://www.thesmackdownhotel.com/aew-fight-forever/roster/,"AEW roster/availability from Fightful, cross-checkable with TSDH. AEW component stats are game-derived estimates because current public per-attribute ratings are not available."
aew_aew_alex_reynolds,Alex Reynolds,AEW,AEW,AEW,Mens,Mens,Yes,Active,Prospect,Unknown,RingGeneral,Dark Order,,,74,"Game-derived estimate from roster tier, title status, current availability, and known public role",Low,305000,52,25,74,73,73,78,80,71,72,72,75,69,72,77,81,77,72,77,24,67,31,62,71,75,76,17,71,75,79,74,75,66,76,https://www.fightful.com/wrestling/updated-all-elite-roster/,https://www.thesmackdownhotel.com/roster/aew/,https://www.thesmackdownhotel.com/aew-fight-forever/roster/,"AEW roster/availability from Fightful, cross-checkable with TSDH. AEW component stats are game-derived estimates because current public per-attribute ratings are not available."
aew_aew_andrade_el_dolo,Andrade El Ídolo,AEW,AEW,AEW,Mens,Mens,Yes,Active,Prospect,Unknown,RingGeneral,The Don Callis Family,,,74,"Game-derived estimate from roster tier, title status, current availability, and known public role",Low,305000,52,25,74,73,73,78,80,71,72,72,75,69,72,77,81,77,72,77,24,67,31,62,71,75,76,17,71,75,79,74,75,66,76,https://www.fightful.com/wrestling/updated-all-elite-roster/,https://www.thesmackdownhotel.com/roster/aew/,https://www.thesmackdownhotel.com/aew-fight-forever/roster/,"AEW roster/availability from Fightful, cross-checkable with TSDH. AEW component stats are game-derived estimates because current public per-attribute ratings are not available."
aew_aew_angelico,Angelico,AEW,AEW,AEW,Mens,Mens,Yes,Active,Prospect,Unknown,RingGeneral,Spanish Announce Project,,,74,"Game-derived estimate from roster tier, title status, current availability, and known public role",Low,305000,52,25,74,73,73,78,80,71,72,72,75,69,72,77,81,77,72,77,24,67,31,62,71,75,76,17,71,75,79,74,75,66,76,https://www.fightful.com/wrestling/updated-all-elite-roster/,https://www.thesmackdownhotel.com/roster/aew/,https://www.thesmackdownhotel.com/aew-fight-forever/roster/,"AEW roster/availability from Fightful, cross-checkable with TSDH. AEW component stats are game-derived estimates because current public per-attribute ratings are not available."
aew_aew_angelo_parker,Angelo Parker,AEW,AEW,AEW,Mens,Mens,Yes,Active,Prospect,Unknown,RingGeneral,,,,74,"Game-derived estimate from roster tier, title status, current availability, and known public role",Low,305000,52,25,74,73,73,78,80,71,72,72,75,69,72,77,81,77,72,77,24,67,31,62,71,75,76,17,71,75,79,74,75,66,76,https://www.fightful.com/wrestling/updated-all-elite-roster/,https://www.thesmackdownhotel.com/roster/aew/,https://www.thesmackdownhotel.com/aew-fight-forever/roster/,"AEW roster/availability from Fightful, cross-checkable with TSDH. AEW component stats are game-derived estimates because current public per-attribute ratings are not available."
aew_aew_anthony_bowens,Anthony Bowens,AEW,AEW,AEW,Mens,Mens,Yes,Active,Prospect,Unknown,RingGeneral,The Opps,,,74,"Game-derived estimate from roster tier, title status, current availability, and known public role",Low,305000,52,25,74,73,73,78,80,71,72,72,75,69,72,77,81,77,72,77,24,67,31,62,71,75,76,17,71,75,79,74,75,66,76,https://www.fightful.com/wrestling/updated-all-elite-roster/,https://www.thesmackdownhotel.com/roster/aew/,https://www.thesmackdownhotel.com/aew-fight-forever/roster/,"AEW roster/availability from Fightful, cross-checkable with TSDH. AEW component stats are game-derived estimates because current public per-attribute ratings are not available."
aew_aew_anthony_ogogo,Anthony Ogogo,AEW,AEW,AEW,Mens,Mens,Yes,Active,Prospect,Unknown,RingGeneral,Shane Taylor Promotions,,,74,"Game-derived estimate from roster tier, title status, current availability, and known public role",Low,305000,52,25,74,73,73,78,80,71,72,72,75,69,72,77,81,77,72,77,24,67,31,62,71,75,76,17,71,75,79,74,75,66,76,https://www.fightful.com/wrestling/updated-all-elite-roster/,https://www.thesmackdownhotel.com/roster/aew/,https://www.thesmackdownhotel.com/aew-fight-forever/roster/,"AEW roster/availability from Fightful, cross-checkable with TSDH. AEW component stats are game-derived estimates because current public per-attribute ratings are not available."
aew_aew_ar_fox,AR Fox,AEW,AEW,AEW,Mens,Mens,Yes,Active,Prospect,Unknown,RingGeneral,,,,74,"Game-derived estimate from roster tier, title status, current availability, and known public role",Low,305000,52,25,74,73,73,78,80,71,72,72,75,69,72,77,81,77,72,77,24,67,31,62,71,75,76,17,71,75,79,74,75,66,76,https://www.fightful.com/wrestling/updated-all-elite-roster/,https://www.thesmackdownhotel.com/roster/aew/,https://www.thesmackdownhotel.com/aew-fight-forever/roster/,"AEW roster/availability from Fightful, cross-checkable with TSDH. AEW component stats are game-derived estimates because current public per-attribute ratings are not available."
aew_aew_ariya_daivari,Ariya Daivari,AEW,AEW,AEW,Mens,Mens,Yes,Active,Prospect,Unknown,RingGeneral,The Premier Athletes,,,74,"Game-derived estimate from roster tier, title status, current availability, and known public role",Low,305000,52,25,74,73,73,78,80,71,72,72,75,69,72,77,81,77,72,77,24,67,31,62,71,75,76,17,71,75,79,74,75,66,76,https://www.fightful.com/wrestling/updated-all-elite-roster/,https://www.thesmackdownhotel.com/roster/aew/,https://www.thesmackdownhotel.com/aew-fight-forever/roster/,"AEW roster/availability from Fightful, cross-checkable with TSDH. AEW component stats are game-derived estimates because current public per-attribute ratings are not available."
aew_aew_austin_gunn,Austin Gunn,AEW,AEW,AEW,Mens,Mens,Yes,Active,Prospect,Unknown,RingGeneral,The Gunns & Bang Bang Gang,,,74,"Game-derived estimate from roster tier, title status, current availability, and known public role",Low,305000,52,25,74,73,73,78,80,71,72,72,75,69,72,77,81,77,72,77,24,67,31,62,71,75,76,17,71,75,79,74,75,66,76,https://www.fightful.com/wrestling/updated-all-elite-roster/,https://www.thesmackdownhotel.com/roster/aew/,https://www.thesmackdownhotel.com/aew-fight-forever/roster/,"AEW roster/availability from Fightful, cross-checkable with TSDH. AEW component stats are game-derived estimates because current public per-attribute ratings are not available."
aew_aew_bandido,Bandido,AEW,AEW,AEW,Mens,Mens,Yes,Active,Prospect,Unknown,RingGeneral,Brodido,,,74,"Game-derived estimate from roster tier, title status, current availability, and known public role",Low,305000,52,25,74,73,73,78,80,71,72,72,75,69,72,77,81,77,72,77,24,67,31,62,71,75,76,17,71,75,79,74,75,66,76,https://www.fightful.com/wrestling/updated-all-elite-roster/,https://www.thesmackdownhotel.com/roster/aew/,https://www.thesmackdownhotel.com/aew-fight-forever/roster/,"AEW roster/availability from Fightful, cross-checkable with TSDH. AEW component stats are game-derived estimates because current public per-attribute ratings are not available."
aew_aew_the_beast_mortos,The Beast Mortos,AEW,AEW,AEW,Mens,Mens,Yes,Active,Prospect,Unknown,RingGeneral,La Faccion Ingobernable,,,74,"Game-derived estimate from roster tier, title status, current availability, and known public role",Low,305000,52,25,74,73,73,78,80,71,72,72,75,69,72,77,81,77,72,77,24,67,31,62,71,75,76,17,71,75,79,74,75,66,76,https://www.fightful.com/wrestling/updated-all-elite-roster/,https://www.thesmackdownhotel.com/roster/aew/,https://www.thesmackdownhotel.com/aew-fight-forever/roster/,"AEW roster/availability from Fightful, cross-checkable with TSDH. AEW component stats are game-derived estimates because current public per-attribute ratings are not available."
aew_aew_big_bill,Big Bill,AEW,AEW,AEW,Mens,Mens,Yes,Active,Prospect,Unknown,RingGeneral,Paid in Full,,,74,"Game-derived estimate from roster tier, title status, current availability, and known public role",Low,305000,52,25,74,73,73,78,80,71,72,72,75,69,72,77,81,77,72,77,24,67,31,62,71,75,76,17,71,75,79,74,75,66,76,https://www.fightful.com/wrestling/updated-all-elite-roster/,https://www.thesmackdownhotel.com/roster/aew/,https://www.thesmackdownhotel.com/aew-fight-forever/roster/,"AEW roster/availability from Fightful, cross-checkable with TSDH. AEW component stats are game-derived estimates because current public per-attribute ratings are not available."
aew_aew_billy_gunn,Billy Gunn,AEW,AEW,AEW,Mens,Mens,Yes,Inactive,Prospect,Unknown,RingGeneral,,,,76,"Game-derived estimate from roster tier, title status, current availability, and known public role",Low,308000,52,35,78,74,76,77,81,80,72,81,80,74,72,74,70,77,81,74,43,73,23,64,62,66,79,22,70,83,73,75,69,62,71,https://www.fightful.com/wrestling/updated-all-elite-roster/,https://www.thesmackdownhotel.com/roster/aew/,https://www.thesmackdownhotel.com/aew-fight-forever/roster/,"AEW roster/availability from Fightful, cross-checkable with TSDH. AEW component stats are game-derived estimates because current public per-attribute ratings are not available."
aew_aew_bishop_kaun,Bishop Kaun,AEW,AEW,AEW,Mens,Mens,Yes,Active,Prospect,Unknown,RingGeneral,The Demand & Gates of Agony,,,74,"Game-derived estimate from roster tier, title status, current availability, and known public role",Low,305000,52,25,74,73,73,78,80,71,72,72,75,69,72,77,81,77,72,77,24,67,31,62,71,75,76,17,71,75,79,74,75,66,76,https://www.fightful.com/wrestling/updated-all-elite-roster/,https://www.thesmackdownhotel.com/roster/aew/,https://www.thesmackdownhotel.com/aew-fight-forever/roster/,"AEW roster/availability from Fightful, cross-checkable with TSDH. AEW component stats are game-derived estimates because current public per-attribute ratings are not available."
aew_aew_the_blade,The Blade,AEW,AEW,AEW,Mens,Mens,Yes,Inactive,Prospect,Unknown,RingGeneral,Butcher & The Blade,,,76,"Game-derived estimate from roster tier, title status, current availability, and known public role",Low,308000,52,35,78,74,76,77,81,80,72,81,80,74,72,74,70,77,81,74,43,73,23,64,62,66,79,22,70,83,73,75,69,62,71,https://www.fightful.com/wrestling/updated-all-elite-roster/,https://www.thesmackdownhotel.com/roster/aew/,https://www.thesmackdownhotel.com/aew-fight-forever/roster/,"AEW roster/availability from Fightful, cross-checkable with TSDH. AEW component stats are game-derived estimates because current public per-attribute ratings are not available."
aew_aew_blake_christian,Blake Christian,AEW,AEW,AEW,Mens,Mens,Yes,Active,Prospect,Unknown,RingGeneral,The Swirl,,,74,"Game-derived estimate from roster tier, title status, current availability, and known public role",Low,305000,52,25,74,73,73,78,80,71,72,72,75,69,72,77,81,77,72,77,24,67,31,62,71,75,76,17,71,75,79,74,75,66,76,https://www.fightful.com/wrestling/updated-all-elite-roster/,https://www.thesmackdownhotel.com/roster/aew/,https://www.thesmackdownhotel.com/aew-fight-forever/roster/,"AEW roster/availability from Fightful, cross-checkable with TSDH. AEW component stats are game-derived estimates because current public per-attribute ratings are not available."
aew_aew_bobby_lashley,Bobby Lashley,AEW,AEW,AEW,Mens,Mens,Yes,Active,UpperCard,Unknown,Powerhouse,The Hurt Syndicate,,88,88,Sourced video-game overall used as anchor; component attributes derived for GM simulation,Medium,1677000,52,35,90,87,88,87,92,86,90,92,89,89,87,93,90,92,86,90,25,83,22,69,75,79,90,38,93,91,91,88,86,88,89,https://www.fightful.com/wrestling/updated-all-elite-roster/,https://www.thesmackdownhotel.com/roster/aew/,https://www.thesmackdownhotel.com/aew-fight-forever/roster/,"AEW roster/availability from Fightful, cross-checkable with TSDH. AEW component stats are game-derived estimates because current public per-attribute ratings are not available."
aew_aew_brandon_cutler,Brandon Cutler,AEW,AEW,AEW,Mens,Mens,Yes,Inactive,Prospect,Unknown,RingGeneral,,,,76,"Game-derived estimate from roster tier, title status, current availability, and known public role",Low,308000,52,35,78,74,76,77,81,80,72,81,80,74,72,74,70,77,81,74,43,73,23,64,62,66,79,22,70,83,73,75,69,62,71,https://www.fightful.com/wrestling/updated-all-elite-roster/,https://www.thesmackdownhotel.com/roster/aew/,https://www.thesmackdownhotel.com/aew-fight-forever/roster/,"AEW roster/availability from Fightful, cross-checkable with TSDH. AEW component stats are game-derived estimates because current public per-attribute ratings are not available."
aew_aew_brian_cage,Brian Cage,AEW,AEW,AEW,Mens,Mens,Yes,Injured,Prospect,Unknown,Powerhouse,The Don Callis Family & Murder Machines,,,76,"Game-derived estimate from roster tier, title status, current availability, and known public role",Low,308000,52,35,76,72,74,81,76,75,75,73,72,74,73,82,78,82,80,78,53,67,32,66,79,74,76,32,72,73,80,77,71,63,75,https://www.fightful.com/wrestling/updated-all-elite-roster/,https://www.thesmackdownhotel.com/roster/aew/,https://www.thesmackdownhotel.com/aew-fight-forever/roster/,"AEW roster/availability from Fightful, cross-checkable with TSDH. AEW component stats are game-derived estimates because current public per-attribute ratings are not available."
aew_aew_brody_king,Brody King,AEW,AEW,AEW,Mens,Mens,Yes,Active,Prospect,Unknown,RingGeneral,Hounds of Hell & Brodido,,,74,"Game-derived estimate from roster tier, title status, current availability, and known public role",Low,305000,52,25,74,73,73,78,80,71,72,72,75,69,72,77,81,77,72,77,24,67,31,62,71,75,76,17,71,75,79,74,75,66,76,https://www.fightful.com/wrestling/updated-all-elite-roster/,https://www.thesmackdownhotel.com/roster/aew/,https://www.thesmackdownhotel.com/aew-fight-forever/roster/,"AEW roster/availability from Fightful, cross-checkable with TSDH. AEW component stats are game-derived estimates because current public per-attribute ratings are not available."
aew_aew_bad_apple_bryan_keith,Bad Apple Bryan Keith,AEW,AEW,AEW,Mens,Mens,Yes,Active,Prospect,Unknown,Technician,Paid in Full,,,74,"Game-derived estimate from roster tier, title status, current availability, and known public role",Low,305000,52,25,75,74,74,80,74,68,76,72,78,76,72,76,72,76,77,74,11,66,33,67,60,65,75,19,72,76,74,74,79,66,74,https://www.fightful.com/wrestling/updated-all-elite-roster/,https://www.thesmackdownhotel.com/roster/aew/,https://www.thesmackdownhotel.com/aew-fight-forever/roster/,"AEW roster/availability from Fightful, cross-checkable with TSDH. AEW component stats are game-derived estimates because current public per-attribute ratings are not available."
aew_aew_buddy_matthews,Buddy Matthews,AEW,AEW,AEW,Mens,Mens,Yes,Injured,Prospect,Unknown,RingGeneral,Hounds of Hell,,,76,"Game-derived estimate from roster tier, title status, current availability, and known public role",Low,308000,52,35,78,74,76,77,81,80,72,81,80,74,72,74,70,77,81,74,43,71,31,61,62,66,79,22,70,83,73,75,69,62,71,https://www.fightful.com/wrestling/updated-all-elite-roster/,https://www.thesmackdownhotel.com/roster/aew/,https://www.thesmackdownhotel.com/aew-fight-forever/roster/,"AEW roster/availability from Fightful, cross-checkable with TSDH. AEW component stats are game-derived estimates because current public per-attribute ratings are not available."
aew_aew_the_butcher,The Butcher,AEW,AEW,AEW,Mens,Mens,Yes,Inactive,Prospect,Unknown,RingGeneral,Butcher & The Blade,,,76,"Game-derived estimate from roster tier, title status, current availability, and known public role",Low,308000,52,35,78,74,76,77,81,80,72,81,80,74,72,74,70,77,81,74,43,73,23,64,62,66,79,22,70,83,73,75,69,62,71,https://www.fightful.com/wrestling/updated-all-elite-roster/,https://www.thesmackdownhotel.com/roster/aew/,https://www.thesmackdownhotel.com/aew-fight-forever/roster/,"AEW roster/availability from Fightful, cross-checkable with TSDH. AEW component stats are game-derived estimates because current public per-attribute ratings are not available."
aew_aew_carlie_bravo,Carlie Bravo,AEW,AEW,AEW,Mens,Mens,Yes,Active,Prospect,Unknown,RingGeneral,The Infantry & Shane Taylor Promotions,,,74,"Game-derived estimate from roster tier, title status, current availability, and known public role",Low,305000,52,25,74,73,73,78,80,71,72,72,75,69,72,77,81,77,72,77,24,67,31,62,71,75,76,17,71,75,79,74,75,66,76,https://www.fightful.com/wrestling/updated-all-elite-roster/,https://www.thesmackdownhotel.com/roster/aew/,https://www.thesmackdownhotel.com/aew-fight-forever/roster/,"AEW roster/availability from Fightful, cross-checkable with TSDH. AEW component stats are game-derived estimates because current public per-attribute ratings are not available."
aew_aew_cash_wheeler,Cash Wheeler,AEW,AEW,AEW,Mens,Mens,Yes,Active,MainEvent,Unknown,Technician,FTR,AEW World Tag Team Champion,84,84,Sourced video-game overall used as anchor; component attributes derived for GM simulation,Medium,3175000,52,35,85,89,87,81,91,84,83,78,79,85,90,88,88,89,81,87,14,78,22,71,70,79,85,27,84,82,88,86,75,96,87,https://www.fightful.com/wrestling/updated-all-elite-roster/,https://www.thesmackdownhotel.com/roster/aew/,https://www.thesmackdownhotel.com/aew-fight-forever/roster/,"AEW roster/availability from Fightful, cross-checkable with TSDH. AEW component stats are game-derived estimates because current public per-attribute ratings are not available."
aew_aew_chris_jericho,Chris Jericho,AEW,AEW,AEW,Mens,Mens,Yes,Active,MainEvent,Unknown,Showman,,,94,94,Sourced video-game overall used as anchor; component attributes derived for GM simulation,Medium,3300000,52,35,99,99,99,99,95,93,91,95,93,96,99,99,99,99,99,99,14,89,32,69,66,82,95,23,96,97,99,99,89,99,89,https://www.fightful.com/wrestling/updated-all-elite-roster/,https://www.thesmackdownhotel.com/roster/aew/,https://www.thesmackdownhotel.com/aew-fight-forever/roster/,"AEW roster/availability from Fightful, cross-checkable with TSDH. AEW component stats are game-derived estimates because current public per-attribute ratings are not available."
aew_aew_christian_cage,Christian Cage,AEW,AEW,AEW,Mens,Mens,Yes,Active,Midcard,Unknown,Powerhouse,Cope & Christian,,,84,"Game-derived estimate from roster tier, title status, current availability, and known public role",Low,826000,52,25,87,82,84,89,93,85,86,77,87,85,83,80,82,83,85,83,15,76,32,65,78,84,90,15,85,86,82,83,81,81,89,https://www.fightful.com/wrestling/updated-all-elite-roster/,https://www.thesmackdownhotel.com/roster/aew/,https://www.thesmackdownhotel.com/aew-fight-forever/roster/,"AEW roster/availability from Fightful, cross-checkable with TSDH. AEW component stats are game-derived estimates because current public per-attribute ratings are not available."
aew_aew_clark_connors,Clark Connors,AEW,AEW,AEW,Mens,Mens,Yes,Active,Prospect,Unknown,RingGeneral,The Dogs,,,74,"Game-derived estimate from roster tier, title status, current availability, and known public role",Low,305000,52,25,74,73,73,78,80,71,72,72,75,69,72,77,81,77,72,77,24,67,31,62,71,75,76,17,71,75,79,74,75,66,76,https://www.fightful.com/wrestling/updated-all-elite-roster/,https://www.thesmackdownhotel.com/roster/aew/,https://www.thesmackdownhotel.com/aew-fight-forever/roster/,"AEW roster/availability from Fightful, cross-checkable with TSDH. AEW component stats are game-derived estimates because current public per-attribute ratings are not available."
aew_aew_claudio_castagnoli,Claudio Castagnoli,AEW,AEW,AEW,Mens,Mens,Yes,Active,Prospect,Unknown,RingGeneral,Death Riders,,,74,"Game-derived estimate from roster tier, title status, current availability, and known public role",Low,305000,52,25,74,73,73,78,80,71,72,72,75,69,72,77,81,77,72,77,24,67,31,62,71,75,76,17,71,75,79,74,75,66,76,https://www.fightful.com/wrestling/updated-all-elite-roster/,https://www.thesmackdownhotel.com/roster/aew/,https://www.thesmackdownhotel.com/aew-fight-forever/roster/,"AEW roster/availability from Fightful, cross-checkable with TSDH. AEW component stats are game-derived estimates because current public per-attribute ratings are not available."
aew_aew_cole_karter,Cole Karter,AEW,AEW,AEW,Mens,Mens,Yes,Active,Prospect,Unknown,RingGeneral,The Frat House,,,74,"Game-derived estimate from roster tier, title status, current availability, and known public role",Low,305000,52,25,74,73,73,78,80,71,72,72,75,69,72,77,81,77,72,77,24,67,31,62,71,75,76,17,71,75,79,74,75,66,76,https://www.fightful.com/wrestling/updated-all-elite-roster/,https://www.thesmackdownhotel.com/roster/aew/,https://www.thesmackdownhotel.com/aew-fight-forever/roster/,"AEW roster/availability from Fightful, cross-checkable with TSDH. AEW component stats are game-derived estimates because current public per-attribute ratings are not available."
aew_aew_colt_cabana,Colt Cabana,AEW,AEW,AEW,Mens,Mens,Yes,Inactive,Prospect,Unknown,RingGeneral,,,,76,"Game-derived estimate from roster tier, title status, current availability, and known public role",Low,308000,52,35,78,74,76,77,81,80,72,81,80,74,72,74,70,77,81,74,43,73,23,64,62,66,79,22,70,83,73,75,69,62,71,https://www.fightful.com/wrestling/updated-all-elite-roster/,https://www.thesmackdownhotel.com/roster/aew/,https://www.thesmackdownhotel.com/aew-fight-forever/roster/,"AEW roster/availability from Fightful, cross-checkable with TSDH. AEW component stats are game-derived estimates because current public per-attribute ratings are not available."
aew_aew_colten_gunn,Colten Gunn,AEW,AEW,AEW,Mens,Mens,Yes,Active,Prospect,Unknown,RingGeneral,The Gunns & Bang Bang Gang,,,74,"Game-derived estimate from roster tier, title status, current availability, and known public role",Low,305000,52,25,74,73,73,78,80,71,72,72,75,69,72,77,81,77,72,77,24,67,31,62,71,75,76,17,71,75,79,74,75,66,76,https://www.fightful.com/wrestling/updated-all-elite-roster/,https://www.thesmackdownhotel.com/roster/aew/,https://www.thesmackdownhotel.com/aew-fight-forever/roster/,"AEW roster/availability from Fightful, cross-checkable with TSDH. AEW component stats are game-derived estimates because current public per-attribute ratings are not available."
aew_aew_daniel_garcia,Daniel Garcia,AEW,AEW,AEW,Mens,Mens,Yes,Active,Prospect,Unknown,Technician,Death Riders,,,74,"Game-derived estimate from roster tier, title status, current availability, and known public role",Low,305000,52,25,75,74,74,80,74,68,76,72,78,76,72,76,72,76,77,74,11,66,33,67,60,65,75,19,72,76,74,74,79,66,74,https://www.fightful.com/wrestling/updated-all-elite-roster/,https://www.thesmackdownhotel.com/roster/aew/,https://www.thesmackdownhotel.com/aew-fight-forever/roster/,"AEW roster/availability from Fightful, cross-checkable with TSDH. AEW component stats are game-derived estimates because current public per-attribute ratings are not available."
aew_aew_dante_martin,Dante Martin,AEW,AEW,AEW,Mens,Mens,Yes,Active,Prospect,Unknown,HighFlyer,Top Flight/Skyflight,,,74,"Game-derived estimate from roster tier, title status, current availability, and known public role",Low,305000,52,25,76,71,73,74,77,72,75,73,76,72,73,75,73,78,74,75,21,67,29,70,66,67,77,14,73,66,75,74,79,67,76,https://www.fightful.com/wrestling/updated-all-elite-roster/,https://www.thesmackdownhotel.com/roster/aew/,https://www.thesmackdownhotel.com/aew-fight-forever/roster/,"AEW roster/availability from Fightful, cross-checkable with TSDH. AEW component stats are game-derived estimates because current public per-attribute ratings are not available."
aew_aew_darby_allin,Darby Allin,AEW,AEW,AEW,Mens,Mens,Yes,Active,MainEvent,Unknown,RingGeneral,,AEW World Champion,83,83,Sourced video-game overall used as anchor; component attributes derived for GM simulation,Medium,3162000,52,35,87,87,87,89,93,79,78,81,78,87,89,89,87,91,89,87,22,77,28,65,64,75,93,22,83,87,89,89,75,95,86,https://www.fightful.com/wrestling/updated-all-elite-roster/,https://www.thesmackdownhotel.com/roster/aew/,https://www.thesmackdownhotel.com/aew-fight-forever/roster/,"AEW roster/availability from Fightful, cross-checkable with TSDH. AEW component stats are game-derived estimates because current public per-attribute ratings are not available."
aew_aew_darius_martin,Darius Martin,AEW,AEW,AEW,Mens,Mens,Yes,Active,Prospect,Unknown,HighFlyer,Top Flight/Skyflight,,,74,"Game-derived estimate from roster tier, title status, current availability, and known public role",Low,305000,52,25,76,71,73,74,77,72,75,73,76,72,73,75,73,78,74,75,21,67,29,70,66,67,77,14,73,66,75,74,79,67,76,https://www.fightful.com/wrestling/updated-all-elite-roster/,https://www.thesmackdownhotel.com/roster/aew/,https://www.thesmackdownhotel.com/aew-fight-forever/roster/,"AEW roster/availability from Fightful, cross-checkable with TSDH. AEW component stats are game-derived estimates because current public per-attribute ratings are not available."
aew_aew_david_finlay,David Finlay,AEW,AEW,AEW,Mens,Mens,Yes,Active,Prospect,Unknown,RingGeneral,The Dogs,,,74,"Game-derived estimate from roster tier, title status, current availability, and known public role",Low,305000,52,25,74,73,73,78,80,71,72,72,75,69,72,77,81,77,72,77,24,67,31,62,71,75,76,17,71,75,79,74,75,66,76,https://www.fightful.com/wrestling/updated-all-elite-roster/,https://www.thesmackdownhotel.com/roster/aew/,https://www.thesmackdownhotel.com/aew-fight-forever/roster/,"AEW roster/availability from Fightful, cross-checkable with TSDH. AEW component stats are game-derived estimates because current public per-attribute ratings are not available."
aew_aew_dax_harwood,Dax Harwood,AEW,AEW,AEW,Mens,Mens,Yes,Active,MainEvent,Unknown,RingGeneral,FTR,AEW World Tag Team Champion,84,84,Sourced video-game overall used as anchor; component attributes derived for GM simulation,Medium,3175000,52,35,90,91,90,90,94,79,85,83,84,80,89,87,85,87,89,85,18,80,24,67,79,78,88,22,90,85,86,88,74,95,83,https://www.fightful.com/wrestling/updated-all-elite-roster/,https://www.thesmackdownhotel.com/roster/aew/,https://www.thesmackdownhotel.com/aew-fight-forever/roster/,"AEW roster/availability from Fightful, cross-checkable with TSDH. AEW component stats are game-derived estimates because current public per-attribute ratings are not available."
aew_aew_dezmond_xavier,Dezmond Xavier,AEW,AEW,AEW,Mens,Mens,Yes,Active,Prospect,Unknown,RingGeneral,The Rascalz,,,74,"Game-derived estimate from roster tier, title status, current availability, and known public role",Low,305000,52,25,74,73,73,78,80,71,72,72,75,69,72,77,81,77,72,77,24,67,31,62,71,75,76,17,71,75,79,74,75,66,76,https://www.fightful.com/wrestling/updated-all-elite-roster/,https://www.thesmackdownhotel.com/roster/aew/,https://www.thesmackdownhotel.com/aew-fight-forever/roster/,"AEW roster/availability from Fightful, cross-checkable with TSDH. AEW component stats are game-derived estimates because current public per-attribute ratings are not available."
aew_aew_dral_stico,Dralístico,AEW,AEW,AEW,Mens,Mens,Yes,Active,Prospect,Unknown,RingGeneral,La Faccion Ingobernable,,,74,"Game-derived estimate from roster tier, title status, current availability, and known public role",Low,305000,52,25,74,73,73,78,80,71,72,72,75,69,72,77,81,77,72,77,24,67,31,62,71,75,76,17,71,75,79,74,75,66,76,https://www.fightful.com/wrestling/updated-all-elite-roster/,https://www.thesmackdownhotel.com/roster/aew/,https://www.thesmackdownhotel.com/aew-fight-forever/roster/,"AEW roster/availability from Fightful, cross-checkable with TSDH. AEW component stats are game-derived estimates because current public per-attribute ratings are not available."
aew_aew_dustin_rhodes,Dustin Rhodes,AEW,AEW,AEW,Mens,Mens,Yes,Injured,Prospect,Unknown,RingGeneral,,,,76,"Game-derived estimate from roster tier, title status, current availability, and known public role",Low,308000,52,35,78,74,76,77,81,80,72,81,80,74,72,74,70,77,81,74,43,71,31,61,62,66,79,22,70,83,73,75,69,62,71,https://www.fightful.com/wrestling/updated-all-elite-roster/,https://www.thesmackdownhotel.com/roster/aew/,https://www.thesmackdownhotel.com/aew-fight-forever/roster/,"AEW roster/availability from Fightful, cross-checkable with TSDH. AEW component stats are game-derived estimates because current public per-attribute ratings are not available."
aew_aew_tommy_billington,Tommy Billington,AEW,AEW,AEW,Mens,Mens,Yes,Active,Prospect,Unknown,RingGeneral,,,,74,"Game-derived estimate from roster tier, title status, current availability, and known public role",Low,305000,52,25,74,73,73,78,80,71,72,72,75,69,72,77,81,77,72,77,24,67,31,62,71,75,76,17,71,75,79,74,75,66,76,https://www.fightful.com/wrestling/updated-all-elite-roster/,https://www.thesmackdownhotel.com/roster/aew/,https://www.thesmackdownhotel.com/aew-fight-forever/roster/,"AEW roster/availability from Fightful, cross-checkable with TSDH. AEW component stats are game-derived estimates because current public per-attribute ratings are not available."
aew_aew_eddie_kingston,Eddie Kingston,AEW,AEW,AEW,Mens,Mens,Yes,Active,UpperCard,Unknown,Brawler,,,,90,"Game-derived estimate from roster tier, title status, current availability, and known public role",Low,1690000,52,35,89,89,89,92,92,93,95,94,94,89,92,91,93,87,93,90,11,86,27,64,75,83,95,29,96,91,90,91,85,93,99,https://www.fightful.com/wrestling/updated-all-elite-roster/,https://www.thesmackdownhotel.com/roster/aew/,https://www.thesmackdownhotel.com/aew-fight-forever/roster/,"AEW roster/availability from Fightful, cross-checkable with TSDH. AEW component stats are game-derived estimates because current public per-attribute ratings are not available."
aew_aew_el_clon,El Clon,AEW,AEW,AEW,Mens,Mens,Yes,Active,Prospect,Unknown,RingGeneral,The Don Callis Family,,,74,"Game-derived estimate from roster tier, title status, current availability, and known public role",Low,305000,52,25,74,73,73,78,80,71,72,72,75,69,72,77,81,77,72,77,24,67,31,62,71,75,76,17,71,75,79,74,75,66,76,https://www.fightful.com/wrestling/updated-all-elite-roster/,https://www.thesmackdownhotel.com/roster/aew/,https://www.thesmackdownhotel.com/aew-fight-forever/roster/,"AEW roster/availability from Fightful, cross-checkable with TSDH. AEW component stats are game-derived estimates because current public per-attribute ratings are not available."
aew_aew_evil_uno,Evil Uno,AEW,AEW,AEW,Mens,Mens,Yes,Active,Prospect,Unknown,RingGeneral,Dark Order,,,74,"Game-derived estimate from roster tier, title status, current availability, and known public role",Low,305000,52,25,74,73,73,78,80,71,72,72,75,69,72,77,81,77,72,77,24,67,31,62,71,75,76,17,71,75,79,74,75,66,76,https://www.fightful.com/wrestling/updated-all-elite-roster/,https://www.thesmackdownhotel.com/roster/aew/,https://www.thesmackdownhotel.com/aew-fight-forever/roster/,"AEW roster/availability from Fightful, cross-checkable with TSDH. AEW component stats are game-derived estimates because current public per-attribute ratings are not available."
aew_aew_gabe_kidd,Gabe Kidd,AEW,AEW,AEW,Mens,Mens,Yes,Active,Prospect,Unknown,RingGeneral,The Dogs,,,74,"Game-derived estimate from roster tier, title status, current availability, and known public role",Low,305000,52,25,74,73,73,78,80,71,72,72,75,69,72,77,81,77,72,77,24,67,31,62,71,75,76,17,71,75,79,74,75,66,76,https://www.fightful.com/wrestling/updated-all-elite-roster/,https://www.thesmackdownhotel.com/roster/aew/,https://www.thesmackdownhotel.com/aew-fight-forever/roster/,"AEW roster/availability from Fightful, cross-checkable with TSDH. AEW component stats are game-derived estimates because current public per-attribute ratings are not available."
aew_aew_griff_garrison,Griff Garrison,AEW,AEW,AEW,Mens,Mens,Yes,Active,Prospect,Unknown,RingGeneral,The Frat House,,,74,"Game-derived estimate from roster tier, title status, current availability, and known public role",Low,305000,52,25,74,73,73,78,80,71,72,72,75,69,72,77,81,77,72,77,24,67,31,62,71,75,76,17,71,75,79,74,75,66,76,https://www.fightful.com/wrestling/updated-all-elite-roster/,https://www.thesmackdownhotel.com/roster/aew/,https://www.thesmackdownhotel.com/aew-fight-forever/roster/,"AEW roster/availability from Fightful, cross-checkable with TSDH. AEW component stats are game-derived estimates because current public per-attribute ratings are not available."
aew_aew_hechicero,Hechicero,AEW,AEW,AEW,Mens,Mens,Yes,Active,Prospect,Unknown,RingGeneral,The Don Callis Family,,,74,"Game-derived estimate from roster tier, title status, current availability, and known public role",Low,305000,52,25,74,73,73,78,80,71,72,72,75,69,72,77,81,77,72,77,24,67,31,62,71,75,76,17,71,75,79,74,75,66,76,https://www.fightful.com/wrestling/updated-all-elite-roster/,https://www.thesmackdownhotel.com/roster/aew/,https://www.thesmackdownhotel.com/aew-fight-forever/roster/,"AEW roster/availability from Fightful, cross-checkable with TSDH. AEW component stats are game-derived estimates because current public per-attribute ratings are not available."
aew_aew_hologram,Hologram,AEW,AEW,AEW,Mens,Mens,Yes,Injured,Prospect,Unknown,HighFlyer,the Conglomeration,,,76,"Game-derived estimate from roster tier, title status, current availability, and known public role",Low,308000,52,35,78,76,77,74,81,80,81,77,71,81,72,79,82,76,81,78,52,70,34,65,74,73,82,23,69,74,79,77,68,62,78,https://www.fightful.com/wrestling/updated-all-elite-roster/,https://www.thesmackdownhotel.com/roster/aew/,https://www.thesmackdownhotel.com/aew-fight-forever/roster/,"AEW roster/availability from Fightful, cross-checkable with TSDH. AEW component stats are game-derived estimates because current public per-attribute ratings are not available."
aew_aew_hook,Hook,AEW,AEW,AEW,Mens,Mens,Yes,Active,Prospect,Unknown,RingGeneral,The Opps,,,74,"Game-derived estimate from roster tier, title status, current availability, and known public role",Low,305000,52,25,74,73,73,78,80,71,72,72,75,69,72,77,81,77,72,77,24,67,31,62,71,75,76,17,71,75,79,74,75,66,76,https://www.fightful.com/wrestling/updated-all-elite-roster/,https://www.thesmackdownhotel.com/roster/aew/,https://www.thesmackdownhotel.com/aew-fight-forever/roster/,"AEW roster/availability from Fightful, cross-checkable with TSDH. AEW component stats are game-derived estimates because current public per-attribute ratings are not available."
aew_aew_isiah_kassidy,Isiah Kassidy,AEW,AEW,AEW,Mens,Mens,Yes,Active,Prospect,Unknown,RingGeneral,Private Party,,,74,"Game-derived estimate from roster tier, title status, current availability, and known public role",Low,305000,52,25,74,73,73,78,80,71,72,72,75,69,72,77,81,77,72,77,24,67,31,62,71,75,76,17,71,75,79,74,75,66,76,https://www.fightful.com/wrestling/updated-all-elite-roster/,https://www.thesmackdownhotel.com/roster/aew/,https://www.thesmackdownhotel.com/aew-fight-forever/roster/,"AEW roster/availability from Fightful, cross-checkable with TSDH. AEW component stats are game-derived estimates because current public per-attribute ratings are not available."
aew_aew_jack_perry,Jack Perry,AEW,AEW,AEW,Mens,Mens,Yes,Active,Prospect,Unknown,RingGeneral,Jurassic Express,,,74,"Game-derived estimate from roster tier, title status, current availability, and known public role",Low,305000,52,25,74,73,73,78,80,71,72,72,75,69,72,77,81,77,72,77,24,67,31,62,71,75,76,17,71,75,79,74,75,66,76,https://www.fightful.com/wrestling/updated-all-elite-roster/,https://www.thesmackdownhotel.com/roster/aew/,https://www.thesmackdownhotel.com/aew-fight-forever/roster/,"AEW roster/availability from Fightful, cross-checkable with TSDH. AEW component stats are game-derived estimates because current public per-attribute ratings are not available."
aew_aew_jake_doyle,Jake Doyle,AEW,AEW,AEW,Mens,Mens,Yes,Injured,Prospect,Unknown,RingGeneral,The Don Callis Family,,,76,"Game-derived estimate from roster tier, title status, current availability, and known public role",Low,308000,52,35,78,74,76,77,81,80,72,81,80,74,72,74,70,77,81,74,43,71,31,61,62,66,79,22,70,83,73,75,69,62,71,https://www.fightful.com/wrestling/updated-all-elite-roster/,https://www.thesmackdownhotel.com/roster/aew/,https://www.thesmackdownhotel.com/aew-fight-forever/roster/,"AEW roster/availability from Fightful, cross-checkable with TSDH. AEW component stats are game-derived estimates because current public per-attribute ratings are not available."
aew_aew_james_drake,James Drake,AEW,AEW,AEW,Mens,Mens,Yes,Active,Prospect,Unknown,RingGeneral,Grizzled Young Veterans,,,74,"Game-derived estimate from roster tier, title status, current availability, and known public role",Low,305000,52,25,74,73,73,78,80,71,72,72,75,69,72,77,81,77,72,77,24,67,31,62,71,75,76,17,71,75,79,74,75,66,76,https://www.fightful.com/wrestling/updated-all-elite-roster/,https://www.thesmackdownhotel.com/roster/aew/,https://www.thesmackdownhotel.com/aew-fight-forever/roster/,"AEW roster/availability from Fightful, cross-checkable with TSDH. AEW component stats are game-derived estimates because current public per-attribute ratings are not available."
aew_aew_jay_lethal,Jay Lethal,AEW,AEW,AEW,Mens,Mens,Yes,Active,Prospect,Unknown,RingGeneral,,,,74,"Game-derived estimate from roster tier, title status, current availability, and known public role",Low,305000,52,25,74,73,73,78,80,71,72,72,75,69,72,77,81,77,72,77,24,67,31,62,71,75,76,17,71,75,79,74,75,66,76,https://www.fightful.com/wrestling/updated-all-elite-roster/,https://www.thesmackdownhotel.com/roster/aew/,https://www.thesmackdownhotel.com/aew-fight-forever/roster/,"AEW roster/availability from Fightful, cross-checkable with TSDH. AEW component stats are game-derived estimates because current public per-attribute ratings are not available."
aew_aew_jay_white,Jay White,AEW,AEW,AEW,Mens,Mens,Yes,Injured,UpperCard,Unknown,RingGeneral,Bang Bang Gang,,,90,"Game-derived estimate from roster tier, title status, current availability, and known public role",Low,1690000,52,45,93,93,93,93,98,93,89,89,91,87,90,93,93,91,91,91,40,78,36,61,63,78,99,44,91,90,92,91,84,87,89,https://www.fightful.com/wrestling/updated-all-elite-roster/,https://www.thesmackdownhotel.com/roster/aew/,https://www.thesmackdownhotel.com/aew-fight-forever/roster/,"AEW roster/availability from Fightful, cross-checkable with TSDH. AEW component stats are game-derived estimates because current public per-attribute ratings are not available."
aew_aew_jeff_jarrett_w_karen_jarrett,Jeff Jarrett ( w/ Karen Jarrett),AEW,AEW,AEW,Mens,Mens,Yes,Inactive,Prospect,Unknown,RingGeneral,,,,76,"Game-derived estimate from roster tier, title status, current availability, and known public role",Low,308000,52,35,78,74,76,77,81,80,72,81,80,74,72,74,70,77,81,74,43,73,23,64,62,66,79,22,70,83,73,75,69,62,71,https://www.fightful.com/wrestling/updated-all-elite-roster/,https://www.thesmackdownhotel.com/roster/aew/,https://www.thesmackdownhotel.com/aew-fight-forever/roster/,"AEW roster/availability from Fightful, cross-checkable with TSDH. AEW component stats are game-derived estimates because current public per-attribute ratings are not available."
aew_aew_john_silver,John Silver,AEW,AEW,AEW,Mens,Mens,Yes,Active,Prospect,Unknown,RingGeneral,Dark Order,,,74,"Game-derived estimate from roster tier, title status, current availability, and known public role",Low,305000,52,25,74,73,73,78,80,71,72,72,75,69,72,77,81,77,72,77,24,67,31,62,71,75,76,17,71,75,79,74,75,66,76,https://www.fightful.com/wrestling/updated-all-elite-roster/,https://www.thesmackdownhotel.com/roster/aew/,https://www.thesmackdownhotel.com/aew-fight-forever/roster/,"AEW roster/availability from Fightful, cross-checkable with TSDH. AEW component stats are game-derived estimates because current public per-attribute ratings are not available."
aew_aew_johnny_tv,Johnny TV,AEW,AEW,AEW,Mens,Mens,Yes,Active,Prospect,Unknown,RingGeneral,MXM TV,,,74,"Game-derived estimate from roster tier, title status, current availability, and known public role",Low,305000,52,25,74,73,73,78,80,71,72,72,75,69,72,77,81,77,72,77,24,67,31,62,71,75,76,17,71,75,79,74,75,66,76,https://www.fightful.com/wrestling/updated-all-elite-roster/,https://www.thesmackdownhotel.com/roster/aew/,https://www.thesmackdownhotel.com/aew-fight-forever/roster/,"AEW roster/availability from Fightful, cross-checkable with TSDH. AEW component stats are game-derived estimates because current public per-attribute ratings are not available."
aew_aew_jon_moxley,Jon Moxley,AEW,AEW,AEW,Mens,Mens,Yes,Active,MainEvent,Unknown,Brawler,Death Riders,AEW Continental Champion,90,90,Sourced video-game overall used as anchor; component attributes derived for GM simulation,Medium,3250000,52,35,94,93,93,90,90,94,87,87,90,86,93,92,96,91,96,92,25,83,22,67,68,82,97,34,92,87,93,94,83,99,97,https://www.fightful.com/wrestling/updated-all-elite-roster/,https://www.thesmackdownhotel.com/roster/aew/,https://www.thesmackdownhotel.com/aew-fight-forever/roster/,"AEW roster/availability from Fightful, cross-checkable with TSDH. AEW component stats are game-derived estimates because current public per-attribute ratings are not available."
aew_aew_jordan_oliver,Jordan Oliver,AEW,AEW,AEW,Mens,Mens,Yes,Active,Prospect,Unknown,RingGeneral,,,,74,"Game-derived estimate from roster tier, title status, current availability, and known public role",Low,305000,52,25,74,73,73,78,80,71,72,72,75,69,72,77,81,77,72,77,24,67,31,62,71,75,76,17,71,75,79,74,75,66,76,https://www.fightful.com/wrestling/updated-all-elite-roster/,https://www.thesmackdownhotel.com/roster/aew/,https://www.thesmackdownhotel.com/aew-fight-forever/roster/,"AEW roster/availability from Fightful, cross-checkable with TSDH. AEW component stats are game-derived estimates because current public per-attribute ratings are not available."
aew_aew_josh_alexander,Josh Alexander,AEW,AEW,AEW,Mens,Mens,Yes,Injured,Prospect,Unknown,RingGeneral,The Don Callis Family,,,76,"Game-derived estimate from roster tier, title status, current availability, and known public role",Low,308000,52,35,78,74,76,77,81,80,72,81,80,74,72,74,70,77,81,74,43,71,31,61,62,66,79,22,70,83,73,75,69,62,71,https://www.fightful.com/wrestling/updated-all-elite-roster/,https://www.thesmackdownhotel.com/roster/aew/,https://www.thesmackdownhotel.com/aew-fight-forever/roster/,"AEW roster/availability from Fightful, cross-checkable with TSDH. AEW component stats are game-derived estimates because current public per-attribute ratings are not available."
aew_aew_josh_woods,Josh Woods,AEW,AEW,AEW,Mens,Mens,Yes,Active,Prospect,Unknown,RingGeneral,,,,74,"Game-derived estimate from roster tier, title status, current availability, and known public role",Low,305000,52,25,74,73,73,78,80,71,72,72,75,69,72,77,81,77,72,77,24,67,31,62,71,75,76,17,71,75,79,74,75,66,76,https://www.fightful.com/wrestling/updated-all-elite-roster/,https://www.thesmackdownhotel.com/roster/aew/,https://www.thesmackdownhotel.com/aew-fight-forever/roster/,"AEW roster/availability from Fightful, cross-checkable with TSDH. AEW component stats are game-derived estimates because current public per-attribute ratings are not available."
aew_aew_juice_robinson,Juice Robinson,AEW,AEW,AEW,Mens,Mens,Yes,Active,Prospect,Unknown,RingGeneral,Bang Bang Gang,,,74,"Game-derived estimate from roster tier, title status, current availability, and known public role",Low,305000,52,25,74,73,73,78,80,71,72,72,75,69,72,77,81,77,72,77,24,67,31,62,71,75,76,17,71,75,79,74,75,66,76,https://www.fightful.com/wrestling/updated-all-elite-roster/,https://www.thesmackdownhotel.com/roster/aew/,https://www.thesmackdownhotel.com/aew-fight-forever/roster/,"AEW roster/availability from Fightful, cross-checkable with TSDH. AEW component stats are game-derived estimates because current public per-attribute ratings are not available."
aew_aew_katsuyori_shibata,Katsuyori Shibata,AEW,AEW,AEW,Mens,Mens,Yes,Active,Prospect,Unknown,Technician,The Opps,,,74,"Game-derived estimate from roster tier, title status, current availability, and known public role",Low,305000,52,25,75,74,74,80,74,68,76,72,78,76,72,76,72,76,77,74,11,66,33,67,60,65,75,19,72,76,74,74,79,66,74,https://www.fightful.com/wrestling/updated-all-elite-roster/,https://www.thesmackdownhotel.com/roster/aew/,https://www.thesmackdownhotel.com/aew-fight-forever/roster/,"AEW roster/availability from Fightful, cross-checkable with TSDH. AEW component stats are game-derived estimates because current public per-attribute ratings are not available."
aew_aew_kazuchika_okada,Kazuchika Okada,AEW,AEW,AEW,Mens,Mens,Yes,Active,MainEvent,Unknown,Technician,The Don Callis Family,AEW International Champion,94,94,Sourced video-game overall used as anchor; component attributes derived for GM simulation,Medium,3300000,52,35,96,99,98,99,99,89,92,95,90,91,99,97,99,96,95,97,22,85,33,68,62,80,99,35,96,88,99,98,87,99,94,https://www.fightful.com/wrestling/updated-all-elite-roster/,https://www.thesmackdownhotel.com/roster/aew/,https://www.thesmackdownhotel.com/aew-fight-forever/roster/,"AEW roster/availability from Fightful, cross-checkable with TSDH. AEW component stats are game-derived estimates because current public per-attribute ratings are not available."
aew_aew_keith_lee,Keith Lee,AEW,AEW,AEW,Mens,Mens,Yes,Inactive,Prospect,Unknown,RingGeneral,,,,76,"Game-derived estimate from roster tier, title status, current availability, and known public role",Low,308000,52,35,78,74,76,77,81,80,72,81,80,74,72,74,70,77,81,74,43,73,23,64,62,66,79,22,70,83,73,75,69,62,71,https://www.fightful.com/wrestling/updated-all-elite-roster/,https://www.thesmackdownhotel.com/roster/aew/,https://www.thesmackdownhotel.com/aew-fight-forever/roster/,"AEW roster/availability from Fightful, cross-checkable with TSDH. AEW component stats are game-derived estimates because current public per-attribute ratings are not available."
aew_aew_kenny_omega,Kenny Omega,AEW,AEW,AEW,Mens,Mens,Yes,Active,MainEvent,Unknown,RingGeneral,,,100,100,Sourced video-game overall used as anchor; component attributes derived for GM simulation,Medium,3375000,52,35,99,99,99,99,99,94,99,99,99,96,99,99,99,99,99,99,23,94,18,69,62,81,99,31,99,99,99,99,90,99,99,https://www.fightful.com/wrestling/updated-all-elite-roster/,https://www.thesmackdownhotel.com/roster/aew/,https://www.thesmackdownhotel.com/aew-fight-forever/roster/,"AEW roster/availability from Fightful, cross-checkable with TSDH. AEW component stats are game-derived estimates because current public per-attribute ratings are not available."
aew_aew_kevin_knight,Kevin Knight,AEW,AEW,AEW,Mens,Mens,Yes,Active,MainEvent,Unknown,RingGeneral,JetSpeed,AEW TNT Champion,84,84,Sourced video-game overall used as anchor; component attributes derived for GM simulation,Medium,3175000,52,35,90,91,90,90,94,79,85,83,84,80,89,87,85,87,89,85,18,80,24,67,79,78,88,22,90,85,86,88,74,95,83,https://www.fightful.com/wrestling/updated-all-elite-roster/,https://www.thesmackdownhotel.com/roster/aew/,https://www.thesmackdownhotel.com/aew-fight-forever/roster/,"AEW roster/availability from Fightful, cross-checkable with TSDH. AEW component stats are game-derived estimates because current public per-attribute ratings are not available."
aew_aew_kip_sabian,Kip Sabian,AEW,AEW,AEW,Mens,Mens,Yes,Inactive,Prospect,Unknown,RingGeneral,,,,76,"Game-derived estimate from roster tier, title status, current availability, and known public role",Low,308000,52,35,78,74,76,77,81,80,72,81,80,74,72,74,70,77,81,74,43,73,23,64,62,66,79,22,70,83,73,75,69,62,71,https://www.fightful.com/wrestling/updated-all-elite-roster/,https://www.thesmackdownhotel.com/roster/aew/,https://www.thesmackdownhotel.com/aew-fight-forever/roster/,"AEW roster/availability from Fightful, cross-checkable with TSDH. AEW component stats are game-derived estimates because current public per-attribute ratings are not available."
aew_aew_komander,Komander,AEW,AEW,AEW,Mens,Mens,Yes,Active,Prospect,Unknown,HighFlyer,,,,74,"Game-derived estimate from roster tier, title status, current availability, and known public role",Low,305000,52,25,76,71,73,74,77,72,75,73,76,72,73,75,73,78,74,75,21,67,29,70,66,67,77,14,73,66,75,74,79,67,76,https://www.fightful.com/wrestling/updated-all-elite-roster/,https://www.thesmackdownhotel.com/roster/aew/,https://www.thesmackdownhotel.com/aew-fight-forever/roster/,"AEW roster/availability from Fightful, cross-checkable with TSDH. AEW component stats are game-derived estimates because current public per-attribute ratings are not available."
aew_aew_konosuke_takeshita,Konosuke Takeshita,AEW,AEW,AEW,Mens,Mens,Yes,Active,Midcard,Unknown,RingGeneral,The Don Callis Family,,,84,"Game-derived estimate from roster tier, title status, current availability, and known public role",Low,826000,52,25,81,82,81,79,76,86,82,88,86,85,82,88,86,90,79,86,17,77,26,62,64,75,82,21,83,87,88,83,81,80,83,https://www.fightful.com/wrestling/updated-all-elite-roster/,https://www.thesmackdownhotel.com/roster/aew/,https://www.thesmackdownhotel.com/aew-fight-forever/roster/,"AEW roster/availability from Fightful, cross-checkable with TSDH. AEW component stats are game-derived estimates because current public per-attribute ratings are not available."
aew_aew_kota_ibushi,Kota Ibushi,AEW,AEW,AEW,Mens,Mens,Yes,Injured,Prospect,Unknown,RingGeneral,,,,76,"Game-derived estimate from roster tier, title status, current availability, and known public role",Low,308000,52,35,78,74,76,77,81,80,72,81,80,74,72,74,70,77,81,74,43,71,31,61,62,66,79,22,70,83,73,75,69,62,71,https://www.fightful.com/wrestling/updated-all-elite-roster/,https://www.thesmackdownhotel.com/roster/aew/,https://www.thesmackdownhotel.com/aew-fight-forever/roster/,"AEW roster/availability from Fightful, cross-checkable with TSDH. AEW component stats are game-derived estimates because current public per-attribute ratings are not available."
aew_aew_kyle_fletcher,Kyle Fletcher,AEW,AEW,AEW,Mens,Mens,Yes,Injured,Midcard,Unknown,RingGeneral,The Don Callis Family,,,84,"Game-derived estimate from roster tier, title status, current availability, and known public role",Low,826000,52,35,81,82,81,79,76,86,82,88,86,85,82,88,86,90,79,86,47,75,34,59,64,75,82,31,79,87,88,83,77,76,83,https://www.fightful.com/wrestling/updated-all-elite-roster/,https://www.thesmackdownhotel.com/roster/aew/,https://www.thesmackdownhotel.com/aew-fight-forever/roster/,"AEW roster/availability from Fightful, cross-checkable with TSDH. AEW component stats are game-derived estimates because current public per-attribute ratings are not available."
aew_aew_kyle_o_reilly,Kyle O'Reilly,AEW,AEW,AEW,Mens,Mens,Yes,Active,MainEvent,Unknown,Technician,The Paragon & The Congomleration,AEW World Trios Champion,84,84,Sourced video-game overall used as anchor; component attributes derived for GM simulation,Medium,3175000,52,35,85,89,87,81,91,84,83,78,79,85,90,88,88,89,81,87,14,78,22,71,70,79,85,27,84,82,88,86,75,96,87,https://www.fightful.com/wrestling/updated-all-elite-roster/,https://www.thesmackdownhotel.com/roster/aew/,https://www.thesmackdownhotel.com/aew-fight-forever/roster/,"AEW roster/availability from Fightful, cross-checkable with TSDH. AEW component stats are game-derived estimates because current public per-attribute ratings are not available."
aew_aew_lance_archer,Lance Archer,AEW,AEW,AEW,Mens,Mens,Yes,Active,Prospect,Unknown,Powerhouse,The Don Callis Family,,,74,"Game-derived estimate from roster tier, title status, current availability, and known public role",Low,305000,52,25,76,72,74,74,71,74,77,75,76,71,72,79,75,82,76,77,22,67,29,66,78,78,75,23,75,80,78,75,77,66,80,https://www.fightful.com/wrestling/updated-all-elite-roster/,https://www.thesmackdownhotel.com/roster/aew/,https://www.thesmackdownhotel.com/aew-fight-forever/roster/,"AEW roster/availability from Fightful, cross-checkable with TSDH. AEW component stats are game-derived estimates because current public per-attribute ratings are not available."
aew_aew_lee_johnson,Lee Johnson,AEW,AEW,AEW,Mens,Mens,Yes,Active,Prospect,Unknown,RingGeneral,The Swirl,,,74,"Game-derived estimate from roster tier, title status, current availability, and known public role",Low,305000,52,25,74,73,73,78,80,71,72,72,75,69,72,77,81,77,72,77,24,67,31,62,71,75,76,17,71,75,79,74,75,66,76,https://www.fightful.com/wrestling/updated-all-elite-roster/,https://www.thesmackdownhotel.com/roster/aew/,https://www.thesmackdownhotel.com/aew-fight-forever/roster/,"AEW roster/availability from Fightful, cross-checkable with TSDH. AEW component stats are game-derived estimates because current public per-attribute ratings are not available."
aew_aew_lee_moriarty,Lee Moriarty,AEW,AEW,AEW,Mens,Mens,Yes,Active,Prospect,Unknown,RingGeneral,Shane Taylor Promotions,,,74,"Game-derived estimate from roster tier, title status, current availability, and known public role",Low,305000,52,25,74,73,73,78,80,71,72,72,75,69,72,77,81,77,72,77,24,67,31,62,71,75,76,17,71,75,79,74,75,66,76,https://www.fightful.com/wrestling/updated-all-elite-roster/,https://www.thesmackdownhotel.com/roster/aew/,https://www.thesmackdownhotel.com/aew-fight-forever/roster/,"AEW roster/availability from Fightful, cross-checkable with TSDH. AEW component stats are game-derived estimates because current public per-attribute ratings are not available."
aew_aew_lio_rush,Lio Rush,AEW,AEW,AEW,Mens,Mens,Yes,Active,Prospect,Unknown,HighFlyer,,,,74,"Game-derived estimate from roster tier, title status, current availability, and known public role",Low,305000,52,25,76,71,73,74,77,72,75,73,76,72,73,75,73,78,74,75,21,67,29,70,66,67,77,14,73,66,75,74,79,67,76,https://www.fightful.com/wrestling/updated-all-elite-roster/,https://www.thesmackdownhotel.com/roster/aew/,https://www.thesmackdownhotel.com/aew-fight-forever/roster/,"AEW roster/availability from Fightful, cross-checkable with TSDH. AEW component stats are game-derived estimates because current public per-attribute ratings are not available."
aew_aew_luchasaurus,Luchasaurus,AEW,AEW,AEW,Mens,Mens,Yes,Injured,Prospect,Unknown,HighFlyer,Jurassic Express,,,76,"Game-derived estimate from roster tier, title status, current availability, and known public role",Low,308000,52,35,78,76,77,74,81,80,81,77,71,81,72,79,82,76,81,78,52,70,34,65,74,73,82,23,69,74,79,77,68,62,78,https://www.fightful.com/wrestling/updated-all-elite-roster/,https://www.thesmackdownhotel.com/roster/aew/,https://www.thesmackdownhotel.com/aew-fight-forever/roster/,"AEW roster/availability from Fightful, cross-checkable with TSDH. AEW component stats are game-derived estimates because current public per-attribute ratings are not available."
aew_aew_mansoor,Mansoor,AEW,AEW,AEW,Mens,Mens,Yes,Active,Prospect,Unknown,RingGeneral,MXM TV,,,74,"Game-derived estimate from roster tier, title status, current availability, and known public role",Low,305000,52,25,74,73,73,78,80,71,72,72,75,69,72,77,81,77,72,77,24,67,31,62,71,75,76,17,71,75,79,74,75,66,76,https://www.fightful.com/wrestling/updated-all-elite-roster/,https://www.thesmackdownhotel.com/roster/aew/,https://www.thesmackdownhotel.com/aew-fight-forever/roster/,"AEW roster/availability from Fightful, cross-checkable with TSDH. AEW component stats are game-derived estimates because current public per-attribute ratings are not available."
aew_aew_mark_briscoe,Mark Briscoe,AEW,AEW,AEW,Mens,Mens,Yes,Active,Midcard,Unknown,Brawler,the Conglomeration,,,84,"Game-derived estimate from roster tier, title status, current availability, and known public role",Low,826000,52,25,86,84,85,85,92,82,87,84,85,83,78,90,91,89,87,88,16,81,20,71,69,79,84,13,82,81,90,85,89,76,86,https://www.fightful.com/wrestling/updated-all-elite-roster/,https://www.thesmackdownhotel.com/roster/aew/,https://www.thesmackdownhotel.com/aew-fight-forever/roster/,"AEW roster/availability from Fightful, cross-checkable with TSDH. AEW component stats are game-derived estimates because current public per-attribute ratings are not available."
aew_aew_mark_davis,Mark Davis,AEW,AEW,AEW,Mens,Mens,Yes,Active,MainEvent,Unknown,RingGeneral,The Don Callis Family,AEW National Champion,82,82,Sourced video-game overall used as anchor; component attributes derived for GM simulation,Medium,3150000,52,35,84,88,86,88,80,83,80,82,81,86,90,78,79,78,81,79,21,75,33,68,64,73,84,24,84,82,78,83,77,96,84,https://www.fightful.com/wrestling/updated-all-elite-roster/,https://www.thesmackdownhotel.com/roster/aew/,https://www.thesmackdownhotel.com/aew-fight-forever/roster/,"AEW roster/availability from Fightful, cross-checkable with TSDH. AEW component stats are game-derived estimates because current public per-attribute ratings are not available."
aew_aew_marq_quen,Marq Quen,AEW,AEW,AEW,Mens,Mens,Yes,Injured,Prospect,Unknown,RingGeneral,Private Party,,,76,"Game-derived estimate from roster tier, title status, current availability, and known public role",Low,308000,52,35,78,74,76,77,81,80,72,81,80,74,72,74,70,77,81,74,43,71,31,61,62,66,79,22,70,83,73,75,69,62,71,https://www.fightful.com/wrestling/updated-all-elite-roster/,https://www.thesmackdownhotel.com/roster/aew/,https://www.thesmackdownhotel.com/aew-fight-forever/roster/,"AEW roster/availability from Fightful, cross-checkable with TSDH. AEW component stats are game-derived estimates because current public per-attribute ratings are not available."
aew_aew_m_scara_dorada,Máscara Dorada,AEW,AEW,AEW,Mens,Mens,Yes,Inactive,Prospect,Unknown,HighFlyer,,,,76,"Game-derived estimate from roster tier, title status, current availability, and known public role",Low,308000,52,35,78,76,77,74,81,80,81,77,71,81,72,79,82,76,81,78,52,72,26,68,74,73,82,23,69,74,79,77,68,62,78,https://www.fightful.com/wrestling/updated-all-elite-roster/,https://www.thesmackdownhotel.com/roster/aew/,https://www.thesmackdownhotel.com/aew-fight-forever/roster/,"AEW roster/availability from Fightful, cross-checkable with TSDH. AEW component stats are game-derived estimates because current public per-attribute ratings are not available."
aew_aew_marshall_von_erich,Marshall Von Erich,AEW,AEW,AEW,Mens,Mens,Yes,Active,Prospect,Unknown,RingGeneral,The Von Erichs,,,74,"Game-derived estimate from roster tier, title status, current availability, and known public role",Low,305000,52,25,74,73,73,78,80,71,72,72,75,69,72,77,81,77,72,77,24,67,31,62,71,75,76,17,71,75,79,74,75,66,76,https://www.fightful.com/wrestling/updated-all-elite-roster/,https://www.thesmackdownhotel.com/roster/aew/,https://www.thesmackdownhotel.com/aew-fight-forever/roster/,"AEW roster/availability from Fightful, cross-checkable with TSDH. AEW component stats are game-derived estimates because current public per-attribute ratings are not available."
aew_aew_mason_madden,Mason Madden,AEW,AEW,AEW,Mens,Mens,Yes,Active,Prospect,Unknown,RingGeneral,MXM TV,,,74,"Game-derived estimate from roster tier, title status, current availability, and known public role",Low,305000,52,25,74,73,73,78,80,71,72,72,75,69,72,77,81,77,72,77,24,67,31,62,71,75,76,17,71,75,79,74,75,66,76,https://www.fightful.com/wrestling/updated-all-elite-roster/,https://www.thesmackdownhotel.com/roster/aew/,https://www.thesmackdownhotel.com/aew-fight-forever/roster/,"AEW roster/availability from Fightful, cross-checkable with TSDH. AEW component stats are game-derived estimates because current public per-attribute ratings are not available."
aew_aew_matt_menard,Matt Menard,AEW,AEW,AEW,Mens,Mens,Yes,Active,Prospect,Unknown,RingGeneral,,,,74,"Game-derived estimate from roster tier, title status, current availability, and known public role",Low,305000,52,25,74,73,73,78,80,71,72,72,75,69,72,77,81,77,72,77,24,67,31,62,71,75,76,17,71,75,79,74,75,66,76,https://www.fightful.com/wrestling/updated-all-elite-roster/,https://www.thesmackdownhotel.com/roster/aew/,https://www.thesmackdownhotel.com/aew-fight-forever/roster/,"AEW roster/availability from Fightful, cross-checkable with TSDH. AEW component stats are game-derived estimates because current public per-attribute ratings are not available."
aew_aew_matt_sydal,Matt Sydal,AEW,AEW,AEW,Mens,Mens,Yes,Inactive,Prospect,Unknown,RingGeneral,,,,76,"Game-derived estimate from roster tier, title status, current availability, and known public role",Low,308000,52,35,78,74,76,77,81,80,72,81,80,74,72,74,70,77,81,74,43,73,23,64,62,66,79,22,70,83,73,75,69,62,71,https://www.fightful.com/wrestling/updated-all-elite-roster/,https://www.thesmackdownhotel.com/roster/aew/,https://www.thesmackdownhotel.com/aew-fight-forever/roster/,"AEW roster/availability from Fightful, cross-checkable with TSDH. AEW component stats are game-derived estimates because current public per-attribute ratings are not available."
aew_aew_matt_jackson,Matt Jackson,AEW,AEW,AEW,Mens,Mens,Yes,Active,Midcard,Unknown,RingGeneral,The Young Bucks,,85,85,Sourced video-game overall used as anchor; component attributes derived for GM simulation,Medium,829000,52,25,84,82,83,85,85,86,90,85,83,82,81,89,86,92,85,87,17,84,19,73,77,78,84,12,84,91,89,85,83,79,81,https://www.fightful.com/wrestling/updated-all-elite-roster/,https://www.thesmackdownhotel.com/roster/aew/,https://www.thesmackdownhotel.com/aew-fight-forever/roster/,"AEW roster/availability from Fightful, cross-checkable with TSDH. AEW component stats are game-derived estimates because current public per-attribute ratings are not available."
aew_aew_max_caster,Max Caster,AEW,AEW,AEW,Mens,Mens,Yes,Active,Prospect,Unknown,Showman,,,,74,"Game-derived estimate from roster tier, title status, current availability, and known public role",Low,305000,52,25,73,70,71,75,73,70,71,75,74,74,71,75,75,73,73,74,19,71,17,74,63,67,78,24,73,75,74,72,78,65,79,https://www.fightful.com/wrestling/updated-all-elite-roster/,https://www.thesmackdownhotel.com/roster/aew/,https://www.thesmackdownhotel.com/aew-fight-forever/roster/,"AEW roster/availability from Fightful, cross-checkable with TSDH. AEW component stats are game-derived estimates because current public per-attribute ratings are not available."
aew_aew_michael_nakazawa,Michael Nakazawa,AEW,AEW,AEW,Mens,Mens,Yes,Inactive,Prospect,Unknown,RingGeneral,,,,76,"Game-derived estimate from roster tier, title status, current availability, and known public role",Low,308000,52,35,78,74,76,77,81,80,72,81,80,74,72,74,70,77,81,74,43,73,23,64,62,66,79,22,70,83,73,75,69,62,71,https://www.fightful.com/wrestling/updated-all-elite-roster/,https://www.thesmackdownhotel.com/roster/aew/,https://www.thesmackdownhotel.com/aew-fight-forever/roster/,"AEW roster/availability from Fightful, cross-checkable with TSDH. AEW component stats are game-derived estimates because current public per-attribute ratings are not available."
aew_aew_m_stico,Místico,AEW,AEW,AEW,Mens,Mens,Yes,Active,Prospect,Unknown,RingGeneral,,,,74,"Game-derived estimate from roster tier, title status, current availability, and known public role",Low,305000,52,25,74,73,73,78,80,71,72,72,75,69,72,77,81,77,72,77,24,67,31,62,71,75,76,17,71,75,79,74,75,66,76,https://www.fightful.com/wrestling/updated-all-elite-roster/,https://www.thesmackdownhotel.com/roster/aew/,https://www.thesmackdownhotel.com/aew-fight-forever/roster/,"AEW roster/availability from Fightful, cross-checkable with TSDH. AEW component stats are game-derived estimates because current public per-attribute ratings are not available."
aew_aew_mike_bailey,Mike Bailey,AEW,AEW,AEW,Mens,Mens,Yes,Active,Prospect,Unknown,RingGeneral,JetSpeed,,,74,"Game-derived estimate from roster tier, title status, current availability, and known public role",Low,305000,52,25,74,73,73,78,80,71,72,72,75,69,72,77,81,77,72,77,24,67,31,62,71,75,76,17,71,75,79,74,75,66,76,https://www.fightful.com/wrestling/updated-all-elite-roster/,https://www.thesmackdownhotel.com/roster/aew/,https://www.thesmackdownhotel.com/aew-fight-forever/roster/,"AEW roster/availability from Fightful, cross-checkable with TSDH. AEW component stats are game-derived estimates because current public per-attribute ratings are not available."
aew_aew_mike_bennett,Mike Bennett,AEW,AEW,AEW,Mens,Mens,Yes,Inactive,Prospect,Unknown,RingGeneral,The Kingdom,,,76,"Game-derived estimate from roster tier, title status, current availability, and known public role",Low,308000,52,35,78,74,76,77,81,80,72,81,80,74,72,74,70,77,81,74,43,73,23,64,62,66,79,22,70,83,73,75,69,62,71,https://www.fightful.com/wrestling/updated-all-elite-roster/,https://www.thesmackdownhotel.com/roster/aew/,https://www.thesmackdownhotel.com/aew-fight-forever/roster/,"AEW roster/availability from Fightful, cross-checkable with TSDH. AEW component stats are game-derived estimates because current public per-attribute ratings are not available."
aew_aew_mjf,MJF,AEW,AEW,AEW,Mens,Mens,Yes,Active,UpperCard,Unknown,Showman,,,90,90,Sourced video-game overall used as anchor; component attributes derived for GM simulation,Medium,1690000,52,35,92,90,91,90,93,88,91,89,92,88,93,95,98,98,90,95,21,83,29,70,66,75,97,24,93,82,98,93,95,94,92,https://www.fightful.com/wrestling/updated-all-elite-roster/,https://www.thesmackdownhotel.com/roster/aew/,https://www.thesmackdownhotel.com/aew-fight-forever/roster/,"AEW roster/availability from Fightful, cross-checkable with TSDH. AEW component stats are game-derived estimates because current public per-attribute ratings are not available."
aew_aew_mvp,MVP,AEW,AEW,AEW,Mens,Mens,Yes,Active,Prospect,Unknown,RingGeneral,The Hurt Syndicate,,,74,"Game-derived estimate from roster tier, title status, current availability, and known public role",Low,305000,52,25,74,73,73,78,80,71,72,72,75,69,72,77,81,77,72,77,24,67,31,62,71,75,76,17,71,75,79,74,75,66,76,https://www.fightful.com/wrestling/updated-all-elite-roster/,https://www.thesmackdownhotel.com/roster/aew/,https://www.thesmackdownhotel.com/aew-fight-forever/roster/,"AEW roster/availability from Fightful, cross-checkable with TSDH. AEW component stats are game-derived estimates because current public per-attribute ratings are not available."
aew_aew_myron_reed,Myron Reed,AEW,AEW,AEW,Mens,Mens,Yes,Active,Prospect,Unknown,Powerhouse,The Rascalz,,,74,"Game-derived estimate from roster tier, title status, current availability, and known public role",Low,305000,52,25,76,72,74,74,71,74,77,75,76,71,72,79,75,82,76,77,22,67,29,66,78,78,75,23,75,80,78,75,77,66,80,https://www.fightful.com/wrestling/updated-all-elite-roster/,https://www.thesmackdownhotel.com/roster/aew/,https://www.thesmackdownhotel.com/aew-fight-forever/roster/,"AEW roster/availability from Fightful, cross-checkable with TSDH. AEW component stats are game-derived estimates because current public per-attribute ratings are not available."
aew_aew_nick_jackson,Nick Jackson,AEW,AEW,AEW,Mens,Mens,Yes,Active,Midcard,Unknown,RingGeneral,The Young Bucks,,85,85,Sourced video-game overall used as anchor; component attributes derived for GM simulation,Medium,829000,52,25,84,82,83,85,85,86,90,85,83,82,81,89,86,92,85,87,17,84,19,73,77,78,84,12,84,91,89,85,83,79,81,https://www.fightful.com/wrestling/updated-all-elite-roster/,https://www.thesmackdownhotel.com/roster/aew/,https://www.thesmackdownhotel.com/aew-fight-forever/roster/,"AEW roster/availability from Fightful, cross-checkable with TSDH. AEW component stats are game-derived estimates because current public per-attribute ratings are not available."
aew_aew_nick_comoroto,Nick Comoroto,AEW,AEW,AEW,Mens,Mens,Yes,Inactive,Prospect,Unknown,RingGeneral,,,,76,"Game-derived estimate from roster tier, title status, current availability, and known public role",Low,308000,52,35,78,74,76,77,81,80,72,81,80,74,72,74,70,77,81,74,43,73,23,64,62,66,79,22,70,83,73,75,69,62,71,https://www.fightful.com/wrestling/updated-all-elite-roster/,https://www.thesmackdownhotel.com/roster/aew/,https://www.thesmackdownhotel.com/aew-fight-forever/roster/,"AEW roster/availability from Fightful, cross-checkable with TSDH. AEW component stats are game-derived estimates because current public per-attribute ratings are not available."
aew_aew_nick_wayne_w_mother_wayne,Nick Wayne ( w/ Mother Wayne),AEW,AEW,AEW,Mens,Mens,Yes,Active,Prospect,Unknown,RingGeneral,,,,74,"Game-derived estimate from roster tier, title status, current availability, and known public role",Low,305000,52,25,74,73,73,78,80,71,72,72,75,69,72,77,81,77,72,77,24,67,31,62,71,75,76,17,71,75,79,74,75,66,76,https://www.fightful.com/wrestling/updated-all-elite-roster/,https://www.thesmackdownhotel.com/roster/aew/,https://www.thesmackdownhotel.com/aew-fight-forever/roster/,"AEW roster/availability from Fightful, cross-checkable with TSDH. AEW component stats are game-derived estimates because current public per-attribute ratings are not available."
aew_aew_orange_cassidy,Orange Cassidy,AEW,AEW,AEW,Mens,Mens,Yes,Active,MainEvent,Unknown,RingGeneral,,AEW World Trios Champion,86,86,Sourced video-game overall used as anchor; component attributes derived for GM simulation,Medium,3200000,52,35,87,89,88,86,87,82,83,79,81,83,92,82,83,78,83,82,13,78,26,69,64,72,90,24,88,83,80,85,82,98,85,https://www.fightful.com/wrestling/updated-all-elite-roster/,https://www.thesmackdownhotel.com/roster/aew/,https://www.thesmackdownhotel.com/aew-fight-forever/roster/,"AEW roster/availability from Fightful, cross-checkable with TSDH. AEW component stats are game-derived estimates because current public per-attribute ratings are not available."
aew_aew_ortiz,Ortiz,AEW,AEW,AEW,Mens,Mens,Yes,Active,Prospect,Unknown,RingGeneral,,,,74,"Game-derived estimate from roster tier, title status, current availability, and known public role",Low,305000,52,25,74,73,73,78,80,71,72,72,75,69,72,77,81,77,72,77,24,67,31,62,71,75,76,17,71,75,79,74,75,66,76,https://www.fightful.com/wrestling/updated-all-elite-roster/,https://www.thesmackdownhotel.com/roster/aew/,https://www.thesmackdownhotel.com/aew-fight-forever/roster/,"AEW roster/availability from Fightful, cross-checkable with TSDH. AEW component stats are game-derived estimates because current public per-attribute ratings are not available."
aew_aew_pac,PAC,AEW,AEW,AEW,Mens,Mens,Yes,Active,UpperCard,Unknown,RingGeneral,Death Riders,,89,89,Sourced video-game overall used as anchor; component attributes derived for GM simulation,Medium,1684000,52,35,91,88,89,93,91,89,86,91,88,90,92,95,96,96,90,93,15,79,30,61,73,80,98,36,96,86,96,92,91,93,89,https://www.fightful.com/wrestling/updated-all-elite-roster/,https://www.thesmackdownhotel.com/roster/aew/,https://www.thesmackdownhotel.com/aew-fight-forever/roster/,"AEW roster/availability from Fightful, cross-checkable with TSDH. AEW component stats are game-derived estimates because current public per-attribute ratings are not available."
aew_aew_paul_wight,Paul Wight,AEW,AEW,AEW,Mens,Mens,Yes,Inactive,Prospect,Unknown,RingGeneral,,,,76,"Game-derived estimate from roster tier, title status, current availability, and known public role",Low,308000,52,35,78,74,76,77,81,80,72,81,80,74,72,74,70,77,81,74,43,73,23,64,62,66,79,22,70,83,73,75,69,62,71,https://www.fightful.com/wrestling/updated-all-elite-roster/,https://www.thesmackdownhotel.com/roster/aew/,https://www.thesmackdownhotel.com/aew-fight-forever/roster/,"AEW roster/availability from Fightful, cross-checkable with TSDH. AEW component stats are game-derived estimates because current public per-attribute ratings are not available."
aew_aew_peter_avalon,Peter Avalon,AEW,AEW,AEW,Mens,Mens,Yes,Active,Prospect,Unknown,RingGeneral,,,,74,"Game-derived estimate from roster tier, title status, current availability, and known public role",Low,305000,52,25,74,73,73,78,80,71,72,72,75,69,72,77,81,77,72,77,24,67,31,62,71,75,76,17,71,75,79,74,75,66,76,https://www.fightful.com/wrestling/updated-all-elite-roster/,https://www.thesmackdownhotel.com/roster/aew/,https://www.thesmackdownhotel.com/aew-fight-forever/roster/,"AEW roster/availability from Fightful, cross-checkable with TSDH. AEW component stats are game-derived estimates because current public per-attribute ratings are not available."
aew_aew_preston_vance,Preston Vance,AEW,AEW,AEW,Mens,Mens,Yes,Active,Prospect,Unknown,RingGeneral,The Frat House,,,74,"Game-derived estimate from roster tier, title status, current availability, and known public role",Low,305000,52,25,74,73,73,78,80,71,72,72,75,69,72,77,81,77,72,77,24,67,31,62,71,75,76,17,71,75,79,74,75,66,76,https://www.fightful.com/wrestling/updated-all-elite-roster/,https://www.thesmackdownhotel.com/roster/aew/,https://www.thesmackdownhotel.com/aew-fight-forever/roster/,"AEW roster/availability from Fightful, cross-checkable with TSDH. AEW component stats are game-derived estimates because current public per-attribute ratings are not available."
aew_aew_ricochet,Ricochet,AEW,AEW,AEW,Mens,Mens,Yes,Active,UpperCard,Unknown,HighFlyer,The Demand,,86,86,Sourced video-game overall used as anchor; component attributes derived for GM simulation,Medium,1664000,52,35,86,88,87,85,84,85,86,82,86,91,88,82,79,78,85,81,18,78,25,66,61,70,88,32,89,82,78,83,81,89,81,https://www.fightful.com/wrestling/updated-all-elite-roster/,https://www.thesmackdownhotel.com/roster/aew/,https://www.thesmackdownhotel.com/aew-fight-forever/roster/,"AEW roster/availability from Fightful, cross-checkable with TSDH. AEW component stats are game-derived estimates because current public per-attribute ratings are not available."
aew_aew_rocky_romero,Rocky Romero,AEW,AEW,AEW,Mens,Mens,Yes,Active,Prospect,Unknown,RingGeneral,The Don Callis Family,,,74,"Game-derived estimate from roster tier, title status, current availability, and known public role",Low,305000,52,25,74,73,73,78,80,71,72,72,75,69,72,77,81,77,72,77,24,67,31,62,71,75,76,17,71,75,79,74,75,66,76,https://www.fightful.com/wrestling/updated-all-elite-roster/,https://www.thesmackdownhotel.com/roster/aew/,https://www.thesmackdownhotel.com/aew-fight-forever/roster/,"AEW roster/availability from Fightful, cross-checkable with TSDH. AEW component stats are game-derived estimates because current public per-attribute ratings are not available."
aew_aew_roderick_strong,Roderick Strong,AEW,AEW,AEW,Mens,Mens,Yes,Active,MainEvent,Unknown,Technician,The Paragon,AEW World Trios Champion,83,83,Sourced video-game overall used as anchor; component attributes derived for GM simulation,Medium,3162000,52,35,88,87,87,86,93,87,81,76,81,85,88,84,83,84,91,83,19,79,30,69,63,70,88,28,90,87,83,87,74,94,84,https://www.fightful.com/wrestling/updated-all-elite-roster/,https://www.thesmackdownhotel.com/roster/aew/,https://www.thesmackdownhotel.com/aew-fight-forever/roster/,"AEW roster/availability from Fightful, cross-checkable with TSDH. AEW component stats are game-derived estimates because current public per-attribute ratings are not available."
aew_aew_ross_von_erich,Ross Von Erich,AEW,AEW,AEW,Mens,Mens,Yes,Active,Prospect,Unknown,RingGeneral,The Von Erichs,,,74,"Game-derived estimate from roster tier, title status, current availability, and known public role",Low,305000,52,25,74,73,73,78,80,71,72,72,75,69,72,77,81,77,72,77,24,67,31,62,71,75,76,17,71,75,79,74,75,66,76,https://www.fightful.com/wrestling/updated-all-elite-roster/,https://www.thesmackdownhotel.com/roster/aew/,https://www.thesmackdownhotel.com/aew-fight-forever/roster/,"AEW roster/availability from Fightful, cross-checkable with TSDH. AEW component stats are game-derived estimates because current public per-attribute ratings are not available."
aew_aew_rush,Rush,AEW,AEW,AEW,Mens,Mens,Yes,Active,Prospect,Unknown,RingGeneral,La Faccion Ingobernable,,,74,"Game-derived estimate from roster tier, title status, current availability, and known public role",Low,305000,52,25,74,73,73,78,80,71,72,72,75,69,72,77,81,77,72,77,24,67,31,62,71,75,76,17,71,75,79,74,75,66,76,https://www.fightful.com/wrestling/updated-all-elite-roster/,https://www.thesmackdownhotel.com/roster/aew/,https://www.thesmackdownhotel.com/aew-fight-forever/roster/,"AEW roster/availability from Fightful, cross-checkable with TSDH. AEW component stats are game-derived estimates because current public per-attribute ratings are not available."
aew_aew_sammy_guevara,Sammy Guevara,AEW,AEW,AEW,Mens,Mens,Yes,Active,Prospect,Unknown,RingGeneral,La Faccion Ingobernable,,,74,"Game-derived estimate from roster tier, title status, current availability, and known public role",Low,305000,52,25,74,73,73,78,80,71,72,72,75,69,72,77,81,77,72,77,24,67,31,62,71,75,76,17,71,75,79,74,75,66,76,https://www.fightful.com/wrestling/updated-all-elite-roster/,https://www.thesmackdownhotel.com/roster/aew/,https://www.thesmackdownhotel.com/aew-fight-forever/roster/,"AEW roster/availability from Fightful, cross-checkable with TSDH. AEW component stats are game-derived estimates because current public per-attribute ratings are not available."
aew_aew_samoa_joe,Samoa Joe,AEW,AEW,AEW,Mens,Mens,Yes,Active,UpperCard,Unknown,Brawler,The Opps,,88,88,Sourced video-game overall used as anchor; component attributes derived for GM simulation,Medium,1677000,52,35,89,90,89,88,95,87,86,82,84,89,91,94,97,94,89,93,24,80,28,65,66,76,97,30,89,80,95,91,89,92,93,https://www.fightful.com/wrestling/updated-all-elite-roster/,https://www.thesmackdownhotel.com/roster/aew/,https://www.thesmackdownhotel.com/aew-fight-forever/roster/,"AEW roster/availability from Fightful, cross-checkable with TSDH. AEW component stats are game-derived estimates because current public per-attribute ratings are not available."
aew_aew_satnam_singh,Satnam Singh,AEW,AEW,AEW,Mens,Mens,Yes,Active,Prospect,Unknown,Powerhouse,,,,74,"Game-derived estimate from roster tier, title status, current availability, and known public role",Low,305000,52,25,76,72,74,74,71,74,77,75,76,71,72,79,75,82,76,77,22,67,29,66,78,78,75,23,75,80,78,75,77,66,80,https://www.fightful.com/wrestling/updated-all-elite-roster/,https://www.thesmackdownhotel.com/roster/aew/,https://www.thesmackdownhotel.com/aew-fight-forever/roster/,"AEW roster/availability from Fightful, cross-checkable with TSDH. AEW component stats are game-derived estimates because current public per-attribute ratings are not available."
aew_aew_scorpio_sky,Scorpio Sky,AEW,AEW,AEW,Mens,Mens,Yes,Active,Prospect,Unknown,RingGeneral,Skyflight,,,74,"Game-derived estimate from roster tier, title status, current availability, and known public role",Low,305000,52,25,74,73,73,78,80,71,72,72,75,69,72,77,81,77,72,77,24,67,31,62,71,75,76,17,71,75,79,74,75,66,76,https://www.fightful.com/wrestling/updated-all-elite-roster/,https://www.thesmackdownhotel.com/roster/aew/,https://www.thesmackdownhotel.com/aew-fight-forever/roster/,"AEW roster/availability from Fightful, cross-checkable with TSDH. AEW component stats are game-derived estimates because current public per-attribute ratings are not available."
aew_aew_serpentico,Serpentico,AEW,AEW,AEW,Mens,Mens,Yes,Active,Prospect,Unknown,RingGeneral,Spanish Announce Project,,,74,"Game-derived estimate from roster tier, title status, current availability, and known public role",Low,305000,52,25,74,73,73,78,80,71,72,72,75,69,72,77,81,77,72,77,24,67,31,62,71,75,76,17,71,75,79,74,75,66,76,https://www.fightful.com/wrestling/updated-all-elite-roster/,https://www.thesmackdownhotel.com/roster/aew/,https://www.thesmackdownhotel.com/aew-fight-forever/roster/,"AEW roster/availability from Fightful, cross-checkable with TSDH. AEW component stats are game-derived estimates because current public per-attribute ratings are not available."
aew_aew_shane_taylor,Shane Taylor,AEW,AEW,AEW,Mens,Mens,Yes,Active,Prospect,Unknown,RingGeneral,Shane Taylor Promotions,,,74,"Game-derived estimate from roster tier, title status, current availability, and known public role",Low,305000,52,25,74,73,73,78,80,71,72,72,75,69,72,77,81,77,72,77,24,67,31,62,71,75,76,17,71,75,79,74,75,66,76,https://www.fightful.com/wrestling/updated-all-elite-roster/,https://www.thesmackdownhotel.com/roster/aew/,https://www.thesmackdownhotel.com/aew-fight-forever/roster/,"AEW roster/availability from Fightful, cross-checkable with TSDH. AEW component stats are game-derived estimates because current public per-attribute ratings are not available."
aew_aew_shawn_dean,Shawn Dean,AEW,AEW,AEW,Mens,Mens,Yes,Active,Prospect,Unknown,RingGeneral,The Infantry & Shane Taylor Promotions,,,74,"Game-derived estimate from roster tier, title status, current availability, and known public role",Low,305000,52,25,74,73,73,78,80,71,72,72,75,69,72,77,81,77,72,77,24,67,31,62,71,75,76,17,71,75,79,74,75,66,76,https://www.fightful.com/wrestling/updated-all-elite-roster/,https://www.thesmackdownhotel.com/roster/aew/,https://www.thesmackdownhotel.com/aew-fight-forever/roster/,"AEW roster/availability from Fightful, cross-checkable with TSDH. AEW component stats are game-derived estimates because current public per-attribute ratings are not available."
aew_aew_shelton_benjamin,Shelton Benjamin,AEW,AEW,AEW,Mens,Mens,Yes,Active,Midcard,Unknown,RingGeneral,The Hurt Syndicate,,82,82,Sourced video-game overall used as anchor; component attributes derived for GM simulation,Medium,819000,52,25,84,80,82,80,78,79,78,86,83,88,77,83,84,86,80,84,25,75,31,69,60,71,87,21,78,85,85,80,85,75,88,https://www.fightful.com/wrestling/updated-all-elite-roster/,https://www.thesmackdownhotel.com/roster/aew/,https://www.thesmackdownhotel.com/aew-fight-forever/roster/,"AEW roster/availability from Fightful, cross-checkable with TSDH. AEW component stats are game-derived estimates because current public per-attribute ratings are not available."
aew_aew_swerve_strickland,Swerve Strickland,AEW,AEW,AEW,Mens,Mens,Yes,Active,UpperCard,Unknown,RingGeneral,,,90,90,Sourced video-game overall used as anchor; component attributes derived for GM simulation,Medium,1690000,52,35,93,93,93,93,98,93,89,89,91,87,90,93,93,91,91,91,10,80,28,64,63,78,99,34,95,90,92,91,88,91,89,https://www.fightful.com/wrestling/updated-all-elite-roster/,https://www.thesmackdownhotel.com/roster/aew/,https://www.thesmackdownhotel.com/aew-fight-forever/roster/,"AEW roster/availability from Fightful, cross-checkable with TSDH. AEW component stats are game-derived estimates because current public per-attribute ratings are not available."
aew_aew_toa_liona,Toa Liona,AEW,AEW,AEW,Mens,Mens,Yes,Active,Prospect,Unknown,RingGeneral,The Demand & Gates of Agony,,,74,"Game-derived estimate from roster tier, title status, current availability, and known public role",Low,305000,52,25,74,73,73,78,80,71,72,72,75,69,72,77,81,77,72,77,24,67,31,62,71,75,76,17,71,75,79,74,75,66,76,https://www.fightful.com/wrestling/updated-all-elite-roster/,https://www.thesmackdownhotel.com/roster/aew/,https://www.thesmackdownhotel.com/aew-fight-forever/roster/,"AEW roster/availability from Fightful, cross-checkable with TSDH. AEW component stats are game-derived estimates because current public per-attribute ratings are not available."
aew_aew_tommaso_ciampa,Tommaso Ciampa,AEW,AEW,AEW,Mens,Mens,Yes,Active,Midcard,Unknown,Brawler,,,84,84,Sourced video-game overall used as anchor; component attributes derived for GM simulation,Medium,826000,52,25,86,84,85,85,92,82,87,84,85,83,78,90,91,89,87,88,16,81,20,71,69,79,84,13,82,81,90,85,89,76,86,https://www.fightful.com/wrestling/updated-all-elite-roster/,https://www.thesmackdownhotel.com/roster/aew/,https://www.thesmackdownhotel.com/aew-fight-forever/roster/,"AEW roster/availability from Fightful, cross-checkable with TSDH. AEW component stats are game-derived estimates because current public per-attribute ratings are not available."
aew_aew_tony_nese,Tony Nese,AEW,AEW,AEW,Mens,Mens,Yes,Active,Prospect,Unknown,RingGeneral,The Premier Athletes,,,74,"Game-derived estimate from roster tier, title status, current availability, and known public role",Low,305000,52,25,74,73,73,78,80,71,72,72,75,69,72,77,81,77,72,77,24,67,31,62,71,75,76,17,71,75,79,74,75,66,76,https://www.fightful.com/wrestling/updated-all-elite-roster/,https://www.thesmackdownhotel.com/roster/aew/,https://www.thesmackdownhotel.com/aew-fight-forever/roster/,"AEW roster/availability from Fightful, cross-checkable with TSDH. AEW component stats are game-derived estimates because current public per-attribute ratings are not available."
aew_aew_trent_beretta,Trent Beretta,AEW,AEW,AEW,Mens,Mens,Yes,Active,Prospect,Unknown,RingGeneral,The Don Callis Family,,,74,"Game-derived estimate from roster tier, title status, current availability, and known public role",Low,305000,52,25,74,73,73,78,80,71,72,72,75,69,72,77,81,77,72,77,24,67,31,62,71,75,76,17,71,75,79,74,75,66,76,https://www.fightful.com/wrestling/updated-all-elite-roster/,https://www.thesmackdownhotel.com/roster/aew/,https://www.thesmackdownhotel.com/aew-fight-forever/roster/,"AEW roster/availability from Fightful, cross-checkable with TSDH. AEW component stats are game-derived estimates because current public per-attribute ratings are not available."
aew_aew_truth_magnum,Truth Magnum,AEW,AEW,AEW,Mens,Mens,Yes,Active,Prospect,Unknown,RingGeneral,The Outrunners,,,74,"Game-derived estimate from roster tier, title status, current availability, and known public role",Low,305000,52,25,74,73,73,78,80,71,72,72,75,69,72,77,81,77,72,77,24,67,31,62,71,75,76,17,71,75,79,74,75,66,76,https://www.fightful.com/wrestling/updated-all-elite-roster/,https://www.thesmackdownhotel.com/roster/aew/,https://www.thesmackdownhotel.com/aew-fight-forever/roster/,"AEW roster/availability from Fightful, cross-checkable with TSDH. AEW component stats are game-derived estimates because current public per-attribute ratings are not available."
aew_aew_turbo_floyd,Turbo Floyd,AEW,AEW,AEW,Mens,Mens,Yes,Active,Prospect,Unknown,RingGeneral,The Outrunners,,,74,"Game-derived estimate from roster tier, title status, current availability, and known public role",Low,305000,52,25,74,73,73,78,80,71,72,72,75,69,72,77,81,77,72,77,24,67,31,62,71,75,76,17,71,75,79,74,75,66,76,https://www.fightful.com/wrestling/updated-all-elite-roster/,https://www.thesmackdownhotel.com/roster/aew/,https://www.thesmackdownhotel.com/aew-fight-forever/roster/,"AEW roster/availability from Fightful, cross-checkable with TSDH. AEW component stats are game-derived estimates because current public per-attribute ratings are not available."
aew_aew_wardlow,Wardlow,AEW,AEW,AEW,Mens,Mens,Yes,Injured,Prospect,Unknown,Powerhouse,The Don Callis Family,,,76,"Game-derived estimate from roster tier, title status, current availability, and known public role",Low,308000,52,35,76,72,74,81,76,75,75,73,72,74,73,82,78,82,80,78,53,67,32,66,79,74,76,32,72,73,80,77,71,63,75,https://www.fightful.com/wrestling/updated-all-elite-roster/,https://www.thesmackdownhotel.com/roster/aew/,https://www.thesmackdownhotel.com/aew-fight-forever/roster/,"AEW roster/availability from Fightful, cross-checkable with TSDH. AEW component stats are game-derived estimates because current public per-attribute ratings are not available."
aew_aew_wheeler_yuta,Wheeler Yuta,AEW,AEW,AEW,Mens,Mens,Yes,Active,Prospect,Unknown,Technician,Death Riders,,,74,"Game-derived estimate from roster tier, title status, current availability, and known public role",Low,305000,52,25,75,74,74,80,74,68,76,72,78,76,72,76,72,76,77,74,11,66,33,67,60,65,75,19,72,76,74,74,79,66,74,https://www.fightful.com/wrestling/updated-all-elite-roster/,https://www.thesmackdownhotel.com/roster/aew/,https://www.thesmackdownhotel.com/aew-fight-forever/roster/,"AEW roster/availability from Fightful, cross-checkable with TSDH. AEW component stats are game-derived estimates because current public per-attribute ratings are not available."
aew_aew_will_ospreay,Will Ospreay,AEW,AEW,AEW,Mens,Mens,Yes,Active,MainEvent,Unknown,RingGeneral,,,93,93,Sourced video-game overall used as anchor; component attributes derived for GM simulation,Medium,3288000,52,35,94,98,96,99,92,95,90,91,94,89,97,97,96,99,91,96,21,89,30,67,65,79,97,32,98,90,97,95,92,99,87,https://www.fightful.com/wrestling/updated-all-elite-roster/,https://www.thesmackdownhotel.com/roster/aew/,https://www.thesmackdownhotel.com/aew-fight-forever/roster/,"AEW roster/availability from Fightful, cross-checkable with TSDH. AEW component stats are game-derived estimates because current public per-attribute ratings are not available."
aew_aew_zachary_wentz,Zachary Wentz,AEW,AEW,AEW,Mens,Mens,Yes,Active,Prospect,Unknown,RingGeneral,The Rascalz,,,74,"Game-derived estimate from roster tier, title status, current availability, and known public role",Low,305000,52,25,74,73,73,78,80,71,72,72,75,69,72,77,81,77,72,77,24,67,31,62,71,75,76,17,71,75,79,74,75,66,76,https://www.fightful.com/wrestling/updated-all-elite-roster/,https://www.thesmackdownhotel.com/roster/aew/,https://www.thesmackdownhotel.com/aew-fight-forever/roster/,"AEW roster/availability from Fightful, cross-checkable with TSDH. AEW component stats are game-derived estimates because current public per-attribute ratings are not available."
aew_aew_zack_gibson,Zack Gibson,AEW,AEW,AEW,Mens,Mens,Yes,Active,Prospect,Unknown,Technician,Grizzled Young Veterans,,,74,"Game-derived estimate from roster tier, title status, current availability, and known public role",Low,305000,52,25,75,74,74,80,74,68,76,72,78,76,72,76,72,76,77,74,11,66,33,67,60,65,75,19,72,76,74,74,79,66,74,https://www.fightful.com/wrestling/updated-all-elite-roster/,https://www.thesmackdownhotel.com/roster/aew/,https://www.thesmackdownhotel.com/aew-fight-forever/roster/,"AEW roster/availability from Fightful, cross-checkable with TSDH. AEW component stats are game-derived estimates because current public per-attribute ratings are not available."
aew_aew_alex_windsor,Alex Windsor,AEW,AEW,AEW,Womens,Womens,Yes,Active,Prospect,Unknown,RingGeneral,The Brawling Birds,,,74,"Game-derived estimate from roster tier, title status, current availability, and known public role",Low,305000,52,25,73,71,72,78,67,76,70,69,69,69,71,70,67,73,71,71,11,66,23,64,79,77,77,25,77,83,70,70,79,65,68,https://www.fightful.com/wrestling/updated-all-elite-roster/,https://www.thesmackdownhotel.com/roster/aew/,https://www.thesmackdownhotel.com/aew-fight-forever/roster/,"AEW roster/availability from Fightful, cross-checkable with TSDH. AEW component stats are game-derived estimates because current public per-attribute ratings are not available."
aew_aew_anna_jay,Anna Jay,AEW,AEW,AEW,Womens,Womens,Yes,Active,Prospect,Unknown,RingGeneral,TayJay,,,74,"Game-derived estimate from roster tier, title status, current availability, and known public role",Low,305000,52,25,73,71,72,78,67,76,70,69,69,69,71,70,67,73,71,71,11,66,23,64,79,77,77,25,77,83,70,70,79,65,68,https://www.fightful.com/wrestling/updated-all-elite-roster/,https://www.thesmackdownhotel.com/roster/aew/,https://www.thesmackdownhotel.com/aew-fight-forever/roster/,"AEW roster/availability from Fightful, cross-checkable with TSDH. AEW component stats are game-derived estimates because current public per-attribute ratings are not available."
aew_aew_athena,Athena,AEW,AEW,AEW,Womens,Womens,Yes,Active,Midcard,Unknown,RingGeneral,M.I.T.,,,84,"Game-derived estimate from roster tier, title status, current availability, and known public role",Low,826000,52,25,84,81,82,80,88,84,85,80,80,87,83,89,85,91,80,86,10,76,31,62,70,75,87,20,87,92,88,83,89,81,86,https://www.fightful.com/wrestling/updated-all-elite-roster/,https://www.thesmackdownhotel.com/roster/aew/,https://www.thesmackdownhotel.com/aew-fight-forever/roster/,"AEW roster/availability from Fightful, cross-checkable with TSDH. AEW component stats are game-derived estimates because current public per-attribute ratings are not available."
aew_aew_billie_starkz,Billie Starkz,AEW,AEW,AEW,Womens,Womens,Yes,Active,Prospect,Unknown,RingGeneral,M.I.T.,,,74,"Game-derived estimate from roster tier, title status, current availability, and known public role",Low,305000,52,25,73,71,72,78,67,76,70,69,69,69,71,70,67,73,71,71,11,66,23,64,79,77,77,25,77,83,70,70,79,65,68,https://www.fightful.com/wrestling/updated-all-elite-roster/,https://www.thesmackdownhotel.com/roster/aew/,https://www.thesmackdownhotel.com/aew-fight-forever/roster/,"AEW roster/availability from Fightful, cross-checkable with TSDH. AEW component stats are game-derived estimates because current public per-attribute ratings are not available."
aew_aew_cassie_lee,Cassie Lee,AEW,AEW,AEW,Womens,Womens,Yes,Active,Prospect,Unknown,RingGeneral,The IInspiration,,,74,"Game-derived estimate from roster tier, title status, current availability, and known public role",Low,305000,52,25,73,71,72,78,67,76,70,69,69,69,71,70,67,73,71,71,11,66,23,64,79,77,77,25,77,83,70,70,79,65,68,https://www.fightful.com/wrestling/updated-all-elite-roster/,https://www.thesmackdownhotel.com/roster/aew/,https://www.thesmackdownhotel.com/aew-fight-forever/roster/,"AEW roster/availability from Fightful, cross-checkable with TSDH. AEW component stats are game-derived estimates because current public per-attribute ratings are not available."
aew_aew_charlette_renegade,Charlette Renegade,AEW,AEW,AEW,Womens,Womens,Yes,Active,Prospect,Unknown,RingGeneral,The Renegades,,,74,"Game-derived estimate from roster tier, title status, current availability, and known public role",Low,305000,52,25,73,71,72,78,67,76,70,69,69,69,71,70,67,73,71,71,11,66,23,64,79,77,77,25,77,83,70,70,79,65,68,https://www.fightful.com/wrestling/updated-all-elite-roster/,https://www.thesmackdownhotel.com/roster/aew/,https://www.thesmackdownhotel.com/aew-fight-forever/roster/,"AEW roster/availability from Fightful, cross-checkable with TSDH. AEW component stats are game-derived estimates because current public per-attribute ratings are not available."
aew_aew_dr_britt_baker_d_m_d,"Dr. Britt Baker, D.M.D.",AEW,AEW,AEW,Womens,Womens,Yes,Inactive,Midcard,Unknown,RingGeneral,,,85,85,Sourced video-game overall used as anchor; component attributes derived for GM simulation,Medium,829000,52,35,85,84,84,84,83,86,90,79,86,91,79,82,87,81,85,84,49,84,19,73,61,71,89,26,82,85,84,82,80,73,88,https://www.fightful.com/wrestling/updated-all-elite-roster/,https://www.thesmackdownhotel.com/roster/aew/,https://www.thesmackdownhotel.com/aew-fight-forever/roster/,"AEW roster/availability from Fightful, cross-checkable with TSDH. AEW component stats are game-derived estimates because current public per-attribute ratings are not available."
aew_aew_deonna_purrazzo,Deonna Purrazzo,AEW,AEW,AEW,Womens,Womens,Yes,Active,Prospect,Unknown,RingGeneral,,,,74,"Game-derived estimate from roster tier, title status, current availability, and known public role",Low,305000,52,25,73,71,72,78,67,76,70,69,69,69,71,70,67,73,71,71,11,66,23,64,79,77,77,25,77,83,70,70,79,65,68,https://www.fightful.com/wrestling/updated-all-elite-roster/,https://www.thesmackdownhotel.com/roster/aew/,https://www.thesmackdownhotel.com/aew-fight-forever/roster/,"AEW roster/availability from Fightful, cross-checkable with TSDH. AEW component stats are game-derived estimates because current public per-attribute ratings are not available."
aew_aew_diamante,Diamante,AEW,AEW,AEW,Womens,Womens,Yes,Active,Prospect,Unknown,RingGeneral,,,,74,"Game-derived estimate from roster tier, title status, current availability, and known public role",Low,305000,52,25,73,71,72,78,67,76,70,69,69,69,71,70,67,73,71,71,11,66,23,64,79,77,77,25,77,83,70,70,79,65,68,https://www.fightful.com/wrestling/updated-all-elite-roster/,https://www.thesmackdownhotel.com/roster/aew/,https://www.thesmackdownhotel.com/aew-fight-forever/roster/,"AEW roster/availability from Fightful, cross-checkable with TSDH. AEW component stats are game-derived estimates because current public per-attribute ratings are not available."
aew_aew_emi_sakura,Emi Sakura,AEW,AEW,AEW,Womens,Womens,Yes,Inactive,Prospect,Unknown,RingGeneral,,,,76,"Game-derived estimate from roster tier, title status, current availability, and known public role",Low,308000,52,35,78,73,75,76,83,80,78,80,74,77,71,78,79,75,76,76,45,68,30,66,73,75,75,33,71,84,77,74,70,61,77,https://www.fightful.com/wrestling/updated-all-elite-roster/,https://www.thesmackdownhotel.com/roster/aew/,https://www.thesmackdownhotel.com/aew-fight-forever/roster/,"AEW roster/availability from Fightful, cross-checkable with TSDH. AEW component stats are game-derived estimates because current public per-attribute ratings are not available."
aew_aew_harley_cameron,Harley Cameron,AEW,AEW,AEW,Womens,Womens,Yes,Active,Prospect,Unknown,RingGeneral,Babes of Wrath,,,74,"Game-derived estimate from roster tier, title status, current availability, and known public role",Low,305000,52,25,73,71,72,78,67,76,70,69,69,69,71,70,67,73,71,71,11,66,23,64,79,77,77,25,77,83,70,70,79,65,68,https://www.fightful.com/wrestling/updated-all-elite-roster/,https://www.thesmackdownhotel.com/roster/aew/,https://www.thesmackdownhotel.com/aew-fight-forever/roster/,"AEW roster/availability from Fightful, cross-checkable with TSDH. AEW component stats are game-derived estimates because current public per-attribute ratings are not available."
aew_aew_hikaru_shida,Hikaru Shida,AEW,AEW,AEW,Womens,Womens,Yes,Active,Midcard,Unknown,RingGeneral,,,,84,"Game-derived estimate from roster tier, title status, current availability, and known public role",Low,826000,52,25,84,81,82,80,88,84,85,80,80,87,83,89,85,91,80,86,10,76,31,62,70,75,87,20,87,92,88,83,89,81,86,https://www.fightful.com/wrestling/updated-all-elite-roster/,https://www.thesmackdownhotel.com/roster/aew/,https://www.thesmackdownhotel.com/aew-fight-forever/roster/,"AEW roster/availability from Fightful, cross-checkable with TSDH. AEW component stats are game-derived estimates because current public per-attribute ratings are not available."
aew_aew_hyan,Hyan,AEW,AEW,AEW,Womens,Womens,Yes,Active,Prospect,Unknown,RingGeneral,Hyan & Maya World,,,74,"Game-derived estimate from roster tier, title status, current availability, and known public role",Low,305000,52,25,73,71,72,78,67,76,70,69,69,69,71,70,67,73,71,71,11,66,23,64,79,77,77,25,77,83,70,70,79,65,68,https://www.fightful.com/wrestling/updated-all-elite-roster/,https://www.thesmackdownhotel.com/roster/aew/,https://www.thesmackdownhotel.com/aew-fight-forever/roster/,"AEW roster/availability from Fightful, cross-checkable with TSDH. AEW component stats are game-derived estimates because current public per-attribute ratings are not available."
aew_aew_jamie_hayter,Jamie Hayter,AEW,AEW,AEW,Womens,Womens,Yes,Active,Midcard,Unknown,RingGeneral,The Brawling Birds,,,84,"Game-derived estimate from roster tier, title status, current availability, and known public role",Low,826000,52,25,84,81,82,80,88,84,85,80,80,87,83,89,85,91,80,86,10,76,31,62,70,75,87,20,87,92,88,83,89,81,86,https://www.fightful.com/wrestling/updated-all-elite-roster/,https://www.thesmackdownhotel.com/roster/aew/,https://www.thesmackdownhotel.com/aew-fight-forever/roster/,"AEW roster/availability from Fightful, cross-checkable with TSDH. AEW component stats are game-derived estimates because current public per-attribute ratings are not available."
aew_aew_jessie_mckay,Jessie McKay,AEW,AEW,AEW,Womens,Womens,Yes,Active,Prospect,Unknown,RingGeneral,The IInspiration,,,74,"Game-derived estimate from roster tier, title status, current availability, and known public role",Low,305000,52,25,73,71,72,78,67,76,70,69,69,69,71,70,67,73,71,71,11,66,23,64,79,77,77,25,77,83,70,70,79,65,68,https://www.fightful.com/wrestling/updated-all-elite-roster/,https://www.thesmackdownhotel.com/roster/aew/,https://www.thesmackdownhotel.com/aew-fight-forever/roster/,"AEW roster/availability from Fightful, cross-checkable with TSDH. AEW component stats are game-derived estimates because current public per-attribute ratings are not available."
aew_aew_julia_hart,Julia Hart,AEW,AEW,AEW,Womens,Womens,Yes,Active,Prospect,Unknown,RingGeneral,Sisters of Sin & Triangle of Madness,,,74,"Game-derived estimate from roster tier, title status, current availability, and known public role",Low,305000,52,25,73,71,72,78,67,76,70,69,69,69,71,70,67,73,71,71,11,66,23,64,79,77,77,25,77,83,70,70,79,65,68,https://www.fightful.com/wrestling/updated-all-elite-roster/,https://www.thesmackdownhotel.com/roster/aew/,https://www.thesmackdownhotel.com/aew-fight-forever/roster/,"AEW roster/availability from Fightful, cross-checkable with TSDH. AEW component stats are game-derived estimates because current public per-attribute ratings are not available."
aew_aew_kamille,Kamille,AEW,AEW,AEW,Womens,Womens,Yes,Active,Prospect,Unknown,Powerhouse,,,,74,"Game-derived estimate from roster tier, title status, current availability, and known public role",Low,305000,52,25,76,74,75,79,76,76,78,76,75,69,72,78,82,75,76,77,14,63,32,61,72,71,71,16,73,84,78,75,70,66,75,https://www.fightful.com/wrestling/updated-all-elite-roster/,https://www.thesmackdownhotel.com/roster/aew/,https://www.thesmackdownhotel.com/aew-fight-forever/roster/,"AEW roster/availability from Fightful, cross-checkable with TSDH. AEW component stats are game-derived estimates because current public per-attribute ratings are not available."
aew_aew_kris_statlander,Kris Statlander,AEW,AEW,AEW,Womens,Womens,Yes,Active,Midcard,Unknown,RingGeneral,,,,84,"Game-derived estimate from roster tier, title status, current availability, and known public role",Low,826000,52,25,84,81,82,80,88,84,85,80,80,87,83,89,85,91,80,86,10,76,31,62,70,75,87,20,87,92,88,83,89,81,86,https://www.fightful.com/wrestling/updated-all-elite-roster/,https://www.thesmackdownhotel.com/roster/aew/,https://www.thesmackdownhotel.com/aew-fight-forever/roster/,"AEW roster/availability from Fightful, cross-checkable with TSDH. AEW component stats are game-derived estimates because current public per-attribute ratings are not available."
aew_aew_leila_grey,Leila Grey,AEW,AEW,AEW,Womens,Womens,Yes,Injured,Prospect,Unknown,RingGeneral,Skyflight,,,76,"Game-derived estimate from roster tier, title status, current availability, and known public role",Low,308000,52,35,78,73,75,76,83,80,78,80,74,77,71,78,79,75,76,76,45,66,38,64,73,75,75,33,71,84,77,74,70,61,77,https://www.fightful.com/wrestling/updated-all-elite-roster/,https://www.thesmackdownhotel.com/roster/aew/,https://www.thesmackdownhotel.com/aew-fight-forever/roster/,"AEW roster/availability from Fightful, cross-checkable with TSDH. AEW component stats are game-derived estimates because current public per-attribute ratings are not available."
aew_aew_lena_kross,Lena Kross,AEW,AEW,AEW,Womens,Womens,Yes,Active,MainEvent,Unknown,RingGeneral,Divine Dominion,AEW Women's World Tag Team Champion,79,79,Sourced video-game overall used as anchor; component attributes derived for GM simulation,Medium,3113000,52,35,82,85,83,83,77,73,80,73,82,78,87,79,80,76,80,78,15,73,20,65,67,73,79,32,80,83,78,81,69,93,78,https://www.fightful.com/wrestling/updated-all-elite-roster/,https://www.thesmackdownhotel.com/roster/aew/,https://www.thesmackdownhotel.com/aew-fight-forever/roster/,"AEW roster/availability from Fightful, cross-checkable with TSDH. AEW component stats are game-derived estimates because current public per-attribute ratings are not available."
aew_aew_madison_rayne,Madison Rayne,AEW,AEW,AEW,Womens,Womens,Yes,Active,Prospect,Unknown,RingGeneral,,,,74,"Game-derived estimate from roster tier, title status, current availability, and known public role",Low,305000,52,25,73,71,72,78,67,76,70,69,69,69,71,70,67,73,71,71,11,66,23,64,79,77,77,25,77,83,70,70,79,65,68,https://www.fightful.com/wrestling/updated-all-elite-roster/,https://www.thesmackdownhotel.com/roster/aew/,https://www.thesmackdownhotel.com/aew-fight-forever/roster/,"AEW roster/availability from Fightful, cross-checkable with TSDH. AEW component stats are game-derived estimates because current public per-attribute ratings are not available."
aew_aew_marina_shafir,Marina Shafir,AEW,AEW,AEW,Womens,Womens,Yes,Active,Prospect,Unknown,RingGeneral,Death Riders,,,74,"Game-derived estimate from roster tier, title status, current availability, and known public role",Low,305000,52,25,73,71,72,78,67,76,70,69,69,69,71,70,67,73,71,71,11,66,23,64,79,77,77,25,77,83,70,70,79,65,68,https://www.fightful.com/wrestling/updated-all-elite-roster/,https://www.thesmackdownhotel.com/roster/aew/,https://www.thesmackdownhotel.com/aew-fight-forever/roster/,"AEW roster/availability from Fightful, cross-checkable with TSDH. AEW component stats are game-derived estimates because current public per-attribute ratings are not available."
aew_aew_maya_world,Maya World,AEW,AEW,AEW,Womens,Womens,Yes,Active,Prospect,Unknown,RingGeneral,Hyan & Maya World,,,74,"Game-derived estimate from roster tier, title status, current availability, and known public role",Low,305000,52,25,73,71,72,78,67,76,70,69,69,69,71,70,67,73,71,71,11,66,23,64,79,77,77,25,77,83,70,70,79,65,68,https://www.fightful.com/wrestling/updated-all-elite-roster/,https://www.thesmackdownhotel.com/roster/aew/,https://www.thesmackdownhotel.com/aew-fight-forever/roster/,"AEW roster/availability from Fightful, cross-checkable with TSDH. AEW component stats are game-derived estimates because current public per-attribute ratings are not available."
aew_aew_megan_bayne,Megan Bayne,AEW,AEW,AEW,Womens,Womens,Yes,Active,MainEvent,Unknown,RingGeneral,Divine Dominion,AEW Women's World Tag Team Champion,84,84,Sourced video-game overall used as anchor; component attributes derived for GM simulation,Medium,3175000,52,35,89,90,89,86,86,84,79,88,81,87,91,90,95,92,93,90,25,81,17,66,79,80,87,37,88,82,93,92,81,97,85,https://www.fightful.com/wrestling/updated-all-elite-roster/,https://www.thesmackdownhotel.com/roster/aew/,https://www.thesmackdownhotel.com/aew-fight-forever/roster/,"AEW roster/availability from Fightful, cross-checkable with TSDH. AEW component stats are game-derived estimates because current public per-attribute ratings are not available."
aew_aew_mercedes_mon,Mercedes Moné,AEW,AEW,AEW,Womens,Womens,Yes,Active,MainEvent,Unknown,RingGeneral,,,92,92,Sourced video-game overall used as anchor; component attributes derived for GM simulation,Medium,3275000,52,35,94,98,96,92,90,87,97,92,89,96,97,97,99,99,97,98,10,88,19,73,72,85,96,26,99,95,99,98,86,99,93,https://www.fightful.com/wrestling/updated-all-elite-roster/,https://www.thesmackdownhotel.com/roster/aew/,https://www.thesmackdownhotel.com/aew-fight-forever/roster/,"AEW roster/availability from Fightful, cross-checkable with TSDH. AEW component stats are game-derived estimates because current public per-attribute ratings are not available."
aew_aew_mina_shirakawa,Mina Shirakawa,AEW,AEW,AEW,Womens,Womens,Yes,Active,Prospect,Unknown,RingGeneral,Timeless Love Bombs,,,74,"Game-derived estimate from roster tier, title status, current availability, and known public role",Low,305000,52,25,73,71,72,78,67,76,70,69,69,69,71,70,67,73,71,71,11,66,23,64,79,77,77,25,77,83,70,70,79,65,68,https://www.fightful.com/wrestling/updated-all-elite-roster/,https://www.thesmackdownhotel.com/roster/aew/,https://www.thesmackdownhotel.com/aew-fight-forever/roster/,"AEW roster/availability from Fightful, cross-checkable with TSDH. AEW component stats are game-derived estimates because current public per-attribute ratings are not available."
aew_aew_nyla_rose,Nyla Rose,AEW,AEW,AEW,Womens,Womens,Yes,Inactive,Prospect,Unknown,Powerhouse,,,,76,"Game-derived estimate from roster tier, title status, current availability, and known public role",Low,308000,52,35,76,73,74,71,78,77,72,72,71,76,76,80,76,76,73,76,46,70,29,63,72,77,77,32,68,85,76,75,69,66,86,https://www.fightful.com/wrestling/updated-all-elite-roster/,https://www.thesmackdownhotel.com/roster/aew/,https://www.thesmackdownhotel.com/aew-fight-forever/roster/,"AEW roster/availability from Fightful, cross-checkable with TSDH. AEW component stats are game-derived estimates because current public per-attribute ratings are not available."
aew_aew_penelope_ford,Penelope Ford,AEW,AEW,AEW,Womens,Womens,Yes,Injured,Prospect,Unknown,RingGeneral,MegaBad,,,76,"Game-derived estimate from roster tier, title status, current availability, and known public role",Low,308000,52,35,78,73,75,76,83,80,78,80,74,77,71,78,79,75,76,76,45,66,38,64,73,75,75,33,71,84,77,74,70,61,77,https://www.fightful.com/wrestling/updated-all-elite-roster/,https://www.thesmackdownhotel.com/roster/aew/,https://www.thesmackdownhotel.com/aew-fight-forever/roster/,"AEW roster/availability from Fightful, cross-checkable with TSDH. AEW component stats are game-derived estimates because current public per-attribute ratings are not available."
aew_aew_persephone,Persephone,AEW,AEW,AEW,Womens,Womens,Yes,Injured,Prospect,Unknown,RingGeneral,,,,76,"Game-derived estimate from roster tier, title status, current availability, and known public role",Low,308000,52,35,78,73,75,76,83,80,78,80,74,77,71,78,79,75,76,76,45,66,38,64,73,75,75,33,71,84,77,74,70,61,77,https://www.fightful.com/wrestling/updated-all-elite-roster/,https://www.thesmackdownhotel.com/roster/aew/,https://www.thesmackdownhotel.com/aew-fight-forever/roster/,"AEW roster/availability from Fightful, cross-checkable with TSDH. AEW component stats are game-derived estimates because current public per-attribute ratings are not available."
aew_aew_queen_aminata,Queen Aminata,AEW,AEW,AEW,Womens,Womens,Yes,Active,Prospect,Unknown,RingGeneral,,,,74,"Game-derived estimate from roster tier, title status, current availability, and known public role",Low,305000,52,25,73,71,72,78,67,76,70,69,69,69,71,70,67,73,71,71,11,66,23,64,79,77,77,25,77,83,70,70,79,65,68,https://www.fightful.com/wrestling/updated-all-elite-roster/,https://www.thesmackdownhotel.com/roster/aew/,https://www.thesmackdownhotel.com/aew-fight-forever/roster/,"AEW roster/availability from Fightful, cross-checkable with TSDH. AEW component stats are game-derived estimates because current public per-attribute ratings are not available."
aew_aew_rachel_ellering,Rachel Ellering,AEW,AEW,AEW,Womens,Womens,Yes,Active,Prospect,Unknown,RingGeneral,,,,74,"Game-derived estimate from roster tier, title status, current availability, and known public role",Low,305000,52,25,73,71,72,78,67,76,70,69,69,69,71,70,67,73,71,71,11,66,23,64,79,77,77,25,77,83,70,70,79,65,68,https://www.fightful.com/wrestling/updated-all-elite-roster/,https://www.thesmackdownhotel.com/roster/aew/,https://www.thesmackdownhotel.com/aew-fight-forever/roster/,"AEW roster/availability from Fightful, cross-checkable with TSDH. AEW component stats are game-derived estimates because current public per-attribute ratings are not available."
aew_aew_rebel,Rebel,AEW,AEW,AEW,Womens,Womens,Yes,Inactive,Prospect,Unknown,RingGeneral,,,,76,"Game-derived estimate from roster tier, title status, current availability, and known public role",Low,308000,52,35,78,73,75,76,83,80,78,80,74,77,71,78,79,75,76,76,45,68,30,66,73,75,75,33,71,84,77,74,70,61,77,https://www.fightful.com/wrestling/updated-all-elite-roster/,https://www.thesmackdownhotel.com/roster/aew/,https://www.thesmackdownhotel.com/aew-fight-forever/roster/,"AEW roster/availability from Fightful, cross-checkable with TSDH. AEW component stats are game-derived estimates because current public per-attribute ratings are not available."
aew_aew_red_velvet_roh_women_s_tv_champion,Red Velvet (ROH Women's TV Champion),AEW,AEW,AEW,Womens,Womens,Yes,Active,Prospect,Unknown,RingGeneral,,,,74,"Game-derived estimate from roster tier, title status, current availability, and known public role",Low,305000,52,25,73,71,72,78,67,76,70,69,69,69,71,70,67,73,71,71,11,66,23,64,79,77,77,25,77,83,70,70,79,65,68,https://www.fightful.com/wrestling/updated-all-elite-roster/,https://www.thesmackdownhotel.com/roster/aew/,https://www.thesmackdownhotel.com/aew-fight-forever/roster/,"AEW roster/availability from Fightful, cross-checkable with TSDH. AEW component stats are game-derived estimates because current public per-attribute ratings are not available."
aew_aew_riho,Riho,AEW,AEW,AEW,Womens,Womens,Yes,Active,Prospect,Unknown,RingGeneral,,,,74,"Game-derived estimate from roster tier, title status, current availability, and known public role",Low,305000,52,25,73,71,72,78,67,76,70,69,69,69,71,70,67,73,71,71,11,66,23,64,79,77,77,25,77,83,70,70,79,65,68,https://www.fightful.com/wrestling/updated-all-elite-roster/,https://www.thesmackdownhotel.com/roster/aew/,https://www.thesmackdownhotel.com/aew-fight-forever/roster/,"AEW roster/availability from Fightful, cross-checkable with TSDH. AEW component stats are game-derived estimates because current public per-attribute ratings are not available."
aew_aew_robyn_renegade,Robyn Renegade,AEW,AEW,AEW,Womens,Womens,Yes,Active,Prospect,Unknown,RingGeneral,The Renegades,,,74,"Game-derived estimate from roster tier, title status, current availability, and known public role",Low,305000,52,25,73,71,72,78,67,76,70,69,69,69,71,70,67,73,71,71,11,66,23,64,79,77,77,25,77,83,70,70,79,65,68,https://www.fightful.com/wrestling/updated-all-elite-roster/,https://www.thesmackdownhotel.com/roster/aew/,https://www.thesmackdownhotel.com/aew-fight-forever/roster/,"AEW roster/availability from Fightful, cross-checkable with TSDH. AEW component stats are game-derived estimates because current public per-attribute ratings are not available."
aew_aew_ruby_soho,Ruby Soho,AEW,AEW,AEW,Womens,Womens,No,Unavailable,Prospect,Unknown,RingGeneral,,,,76,"Game-derived estimate from roster tier, title status, current availability, and known public role",Low,308000,52,35,78,73,75,76,83,80,78,80,74,77,71,78,79,75,76,76,45,68,30,66,73,75,75,33,71,84,77,74,70,61,77,https://www.fightful.com/wrestling/updated-all-elite-roster/,https://www.thesmackdownhotel.com/roster/aew/,https://www.thesmackdownhotel.com/aew-fight-forever/roster/,"AEW roster/availability from Fightful, cross-checkable with TSDH. AEW component stats are game-derived estimates because current public per-attribute ratings are not available."
aew_aew_serena_deeb,Serena Deeb,AEW,AEW,AEW,Womens,Womens,Yes,Active,Prospect,Unknown,Technician,,,,74,"Game-derived estimate from roster tier, title status, current availability, and known public role",Low,305000,52,25,75,70,72,74,72,70,70,78,70,72,69,74,71,78,76,74,15,70,23,65,69,74,80,21,78,74,74,73,77,63,68,https://www.fightful.com/wrestling/updated-all-elite-roster/,https://www.thesmackdownhotel.com/roster/aew/,https://www.thesmackdownhotel.com/aew-fight-forever/roster/,"AEW roster/availability from Fightful, cross-checkable with TSDH. AEW component stats are game-derived estimates because current public per-attribute ratings are not available."
aew_aew_skye_blue,Skye Blue,AEW,AEW,AEW,Womens,Womens,Yes,Active,Prospect,Unknown,RingGeneral,Sisters of Sin & Triangle of Madness,,,74,"Game-derived estimate from roster tier, title status, current availability, and known public role",Low,305000,52,25,73,71,72,78,67,76,70,69,69,69,71,70,67,73,71,71,11,66,23,64,79,77,77,25,77,83,70,70,79,65,68,https://www.fightful.com/wrestling/updated-all-elite-roster/,https://www.thesmackdownhotel.com/roster/aew/,https://www.thesmackdownhotel.com/aew-fight-forever/roster/,"AEW roster/availability from Fightful, cross-checkable with TSDH. AEW component stats are game-derived estimates because current public per-attribute ratings are not available."
aew_aew_tatevik,Tatevik,AEW,AEW,AEW,Womens,Womens,Yes,Active,Prospect,Unknown,RingGeneral,,,,74,"Game-derived estimate from roster tier, title status, current availability, and known public role",Low,305000,52,25,73,71,72,78,67,76,70,69,69,69,71,70,67,73,71,71,11,66,23,64,79,77,77,25,77,83,70,70,79,65,68,https://www.fightful.com/wrestling/updated-all-elite-roster/,https://www.thesmackdownhotel.com/roster/aew/,https://www.thesmackdownhotel.com/aew-fight-forever/roster/,"AEW roster/availability from Fightful, cross-checkable with TSDH. AEW component stats are game-derived estimates because current public per-attribute ratings are not available."
aew_aew_tay_melo,Tay Melo,AEW,AEW,AEW,Womens,Womens,Yes,Active,Prospect,Unknown,RingGeneral,TayJay,,,74,"Game-derived estimate from roster tier, title status, current availability, and known public role",Low,305000,52,25,73,71,72,78,67,76,70,69,69,69,71,70,67,73,71,71,11,66,23,64,79,77,77,25,77,83,70,70,79,65,68,https://www.fightful.com/wrestling/updated-all-elite-roster/,https://www.thesmackdownhotel.com/roster/aew/,https://www.thesmackdownhotel.com/aew-fight-forever/roster/,"AEW roster/availability from Fightful, cross-checkable with TSDH. AEW component stats are game-derived estimates because current public per-attribute ratings are not available."
aew_aew_taya_valkyrie,Taya Valkyrie,AEW,AEW,AEW,Womens,Womens,Yes,Active,Prospect,Unknown,RingGeneral,MXM TV,,,74,"Game-derived estimate from roster tier, title status, current availability, and known public role",Low,305000,52,25,73,71,72,78,67,76,70,69,69,69,71,70,67,73,71,71,11,66,23,64,79,77,77,25,77,83,70,70,79,65,68,https://www.fightful.com/wrestling/updated-all-elite-roster/,https://www.thesmackdownhotel.com/roster/aew/,https://www.thesmackdownhotel.com/aew-fight-forever/roster/,"AEW roster/availability from Fightful, cross-checkable with TSDH. AEW component stats are game-derived estimates because current public per-attribute ratings are not available."
aew_aew_thekla,Thekla,AEW,AEW,AEW,Womens,Womens,Yes,Active,MainEvent,Unknown,RingGeneral,Triangle of Madness,AEW Women's World Champion,87,87,Sourced video-game overall used as anchor; component attributes derived for GM simulation,Medium,3212000,52,35,89,93,91,88,84,89,84,85,85,89,95,92,87,91,91,88,21,80,33,59,71,77,93,37,88,93,89,91,87,99,91,https://www.fightful.com/wrestling/updated-all-elite-roster/,https://www.thesmackdownhotel.com/roster/aew/,https://www.thesmackdownhotel.com/aew-fight-forever/roster/,"AEW roster/availability from Fightful, cross-checkable with TSDH. AEW component stats are game-derived estimates because current public per-attribute ratings are not available."
aew_aew_thunder_rosa,Thunder Rosa,AEW,AEW,AEW,Womens,Womens,Yes,Active,Midcard,Unknown,RingGeneral,,,,84,"Game-derived estimate from roster tier, title status, current availability, and known public role",Low,826000,52,25,84,81,82,80,88,84,85,80,80,87,83,89,85,91,80,86,10,76,31,62,70,75,87,20,87,92,88,83,89,81,86,https://www.fightful.com/wrestling/updated-all-elite-roster/,https://www.thesmackdownhotel.com/roster/aew/,https://www.thesmackdownhotel.com/aew-fight-forever/roster/,"AEW roster/availability from Fightful, cross-checkable with TSDH. AEW component stats are game-derived estimates because current public per-attribute ratings are not available."
aew_aew_timeless_toni_storm,"""Timeless"" Toni Storm",AEW,AEW,AEW,Womens,Womens,Yes,Inactive,Midcard,Unknown,Showman,Timeless Love Bombs,,,84,"Game-derived estimate from roster tier, title status, current availability, and known public role",Low,826000,52,35,86,84,85,91,83,86,80,85,87,88,82,93,99,93,84,92,50,79,28,68,60,71,88,36,82,80,97,87,77,76,90,https://www.fightful.com/wrestling/updated-all-elite-roster/,https://www.thesmackdownhotel.com/roster/aew/,https://www.thesmackdownhotel.com/aew-fight-forever/roster/,"AEW roster/availability from Fightful, cross-checkable with TSDH. AEW component stats are game-derived estimates because current public per-attribute ratings are not available."
aew_aew_willow_nightingale,Willow Nightingale,AEW,AEW,AEW,Womens,Womens,Yes,Active,MainEvent,Unknown,RingGeneral,Babes of Wrath,AEW TBS Champion,87,87,Sourced video-game overall used as anchor; component attributes derived for GM simulation,Medium,3212000,52,35,89,93,91,88,84,89,84,85,85,89,95,92,87,91,91,88,21,80,33,59,71,77,93,37,88,93,89,91,87,99,91,https://www.fightful.com/wrestling/updated-all-elite-roster/,https://www.thesmackdownhotel.com/roster/aew/,https://www.thesmackdownhotel.com/aew-fight-forever/roster/,"AEW roster/availability from Fightful, cross-checkable with TSDH. AEW component stats are game-derived estimates because current public per-attribute ratings are not available."
aew_aew_yuka_sakazaki,Yuka Sakazaki,AEW,AEW,AEW,Womens,Womens,Yes,Inactive,Prospect,Unknown,RingGeneral,,,,76,"Game-derived estimate from roster tier, title status, current availability, and known public role",Low,308000,52,35,78,73,75,76,83,80,78,80,74,77,71,78,79,75,76,76,45,68,30,66,73,75,75,33,71,84,77,74,70,61,77,https://www.fightful.com/wrestling/updated-all-elite-roster/,https://www.thesmackdownhotel.com/roster/aew/,https://www.thesmackdownhotel.com/aew-fight-forever/roster/,"AEW roster/availability from Fightful, cross-checkable with TSDH. AEW component stats are game-derived estimates because current public per-attribute ratings are not available."
aew_aew_zayda_steel,Zayda Steel,AEW,AEW,AEW,Womens,Womens,Yes,Active,Prospect,Unknown,RingGeneral,,,,74,"Game-derived estimate from roster tier, title status, current availability, and known public role",Low,305000,52,25,73,71,72,78,67,76,70,69,69,69,71,70,67,73,71,71,11,66,23,64,79,77,77,25,77,83,70,70,79,65,68,https://www.fightful.com/wrestling/updated-all-elite-roster/,https://www.thesmackdownhotel.com/roster/aew/,https://www.thesmackdownhotel.com/aew-fight-forever/roster/,"AEW roster/availability from Fightful, cross-checkable with TSDH. AEW component stats are game-derived estimates because current public per-attribute ratings are not available."
