top_200_rank,wrestler_id,performer_name,promotion,brand,gender_division,role_tier,availability,game_overall,top_200_selection_score,draft_value_usd,weekly_hire_rate_usd,initial_draft_contract_scope,initial_draft_contract_weeks,initial_draft_cost_formula,midseason_min_contract_weeks,midseason_default_contract_weeks,midseason_max_contract_weeks,midseason_default_contract_total_usd,midseason_min_contract_total_usd,midseason_max_contract_total_usd,midseason_hiring_cost_formula,appearance_fee_usd,downside_guarantee_usd,release_penalty_pct,morale_cost_if_underbooked,renewal_risk,value_formula_version,value_notes,source_rating_basis,primary_roster_source_url,ratings_source_url
1,aew_aew_kenny_omega,Kenny Omega,AEW,AEW,Mens,MainEvent,Active,100,98.25,290000,28000,full_season,season_length_configured_at_new_game,draft_value_usd,8,12,24,336000,224000,672000,weekly_hire_rate_usd * selected_contract_weeks,10000,0,12,6,35,finance_v2_no_bonus_full_season_initial_draft,Initial draft buys full-season roster rights for draft_value_usd. No signing bonus. Midseason scouting uses weekly_hire_rate_usd multiplied by selected contract weeks.,Sourced video-game overall used as anchor; component attributes derived for GM simulation,https://www.fightful.com/wrestling/updated-all-elite-roster/,https://www.thesmackdownhotel.com/aew-fight-forever/roster/
2,wwe_smackdown_rhea_ripley,Rhea Ripley,WWE,SmackDown,Womens,MainEvent,Active,96,97.2,320000,30000,full_season,season_length_configured_at_new_game,draft_value_usd,8,12,24,360000,240000,720000,weekly_hire_rate_usd * selected_contract_weeks,10500,0,12,6,35,finance_v2_no_bonus_full_season_initial_draft,Initial draft buys full-season roster rights for draft_value_usd. No signing bonus. Midseason scouting uses weekly_hire_rate_usd multiplied by selected contract weeks.,Sourced video-game overall used as anchor; component attributes derived for GM simulation,https://www.thesmackdownhotel.com/roster/wwe/smackdown/,https://www.operationsports.com/wwe-2k26-ratings-list/
3,wwe_raw_roman_reigns,Roman Reigns,WWE,Raw,Mens,MainEvent,Active,95,96.75,320000,30000,full_season,season_length_configured_at_new_game,draft_value_usd,8,12,24,360000,240000,720000,weekly_hire_rate_usd * selected_contract_weeks,10500,0,12,6,35,finance_v2_no_bonus_full_season_initial_draft,Initial draft buys full-season roster rights for draft_value_usd. No signing bonus. Midseason scouting uses weekly_hire_rate_usd multiplied by selected contract weeks.,Sourced video-game overall used as anchor; component attributes derived for GM simulation,https://www.thesmackdownhotel.com/roster/wwe/raw/,https://www.operationsports.com/wwe-2k26-ratings-list/
4,wwe_smackdown_cody_rhodes,Cody Rhodes,WWE,SmackDown,Mens,MainEvent,Active,95,96.75,320000,30000,full_season,season_length_configured_at_new_game,draft_value_usd,8,12,24,360000,240000,720000,weekly_hire_rate_usd * selected_contract_weeks,10500,0,12,6,35,finance_v2_no_bonus_full_season_initial_draft,Initial draft buys full-season roster rights for draft_value_usd. No signing bonus. Midseason scouting uses weekly_hire_rate_usd multiplied by selected contract weeks.,Sourced video-game overall used as anchor; component attributes derived for GM simulation,https://www.thesmackdownhotel.com/roster/wwe/smackdown/,https://www.operationsports.com/wwe-2k26-ratings-list/
5,wwe_raw_becky_lynch,Becky Lynch,WWE,Raw,Womens,MainEvent,Active,94,96.0,320000,30000,full_season,season_length_configured_at_new_game,draft_value_usd,8,12,24,360000,240000,720000,weekly_hire_rate_usd * selected_contract_weeks,10500,0,12,6,35,finance_v2_no_bonus_full_season_initial_draft,Initial draft buys full-season roster rights for draft_value_usd. No signing bonus. Midseason scouting uses weekly_hire_rate_usd multiplied by selected contract weeks.,Sourced video-game overall used as anchor; component attributes derived for GM simulation,https://www.thesmackdownhotel.com/roster/wwe/raw/,https://www.operationsports.com/wwe-2k26-ratings-list/
6,aew_aew_kazuchika_okada,Kazuchika Okada,AEW,AEW,Mens,MainEvent,Active,94,95.75,320000,30000,full_season,season_length_configured_at_new_game,draft_value_usd,8,12,24,360000,240000,720000,weekly_hire_rate_usd * selected_contract_weeks,10500,0,12,6,35,finance_v2_no_bonus_full_season_initial_draft,Initial draft buys full-season roster rights for draft_value_usd. No signing bonus. Midseason scouting uses weekly_hire_rate_usd multiplied by selected contract weeks.,Sourced video-game overall used as anchor; component attributes derived for GM simulation,https://www.fightful.com/wrestling/updated-all-elite-roster/,https://www.thesmackdownhotel.com/aew-fight-forever/roster/
7,wwe_raw_seth_rollins,Seth Rollins,WWE,Raw,Mens,MainEvent,Active,94,95.55,285000,27000,full_season,season_length_configured_at_new_game,draft_value_usd,8,12,24,324000,216000,648000,weekly_hire_rate_usd * selected_contract_weeks,9500,0,12,6,35,finance_v2_no_bonus_full_season_initial_draft,Initial draft buys full-season roster rights for draft_value_usd. No signing bonus. Midseason scouting uses weekly_hire_rate_usd multiplied by selected contract weeks.,Sourced video-game overall used as anchor; component attributes derived for GM simulation,https://www.thesmackdownhotel.com/roster/wwe/raw/,https://www.operationsports.com/wwe-2k26-ratings-list/
8,aew_aew_chris_jericho,Chris Jericho,AEW,AEW,Mens,MainEvent,Active,94,95.55,285000,27000,full_season,season_length_configured_at_new_game,draft_value_usd,8,12,24,324000,216000,648000,weekly_hire_rate_usd * selected_contract_weeks,9500,0,12,6,35,finance_v2_no_bonus_full_season_initial_draft,Initial draft buys full-season roster rights for draft_value_usd. No signing bonus. Midseason scouting uses weekly_hire_rate_usd multiplied by selected contract weeks.,Sourced video-game overall used as anchor; component attributes derived for GM simulation,https://www.fightful.com/wrestling/updated-all-elite-roster/,https://www.thesmackdownhotel.com/aew-fight-forever/roster/
9,wwe_raw_cm_punk,CM Punk,WWE,Raw,Mens,MainEvent,Active,94,95.55,285000,27000,full_season,season_length_configured_at_new_game,draft_value_usd,8,12,24,324000,216000,648000,weekly_hire_rate_usd * selected_contract_weeks,9500,0,12,6,35,finance_v2_no_bonus_full_season_initial_draft,Initial draft buys full-season roster rights for draft_value_usd. No signing bonus. Midseason scouting uses weekly_hire_rate_usd multiplied by selected contract weeks.,Sourced video-game overall used as anchor; component attributes derived for GM simulation,https://www.thesmackdownhotel.com/roster/wwe/raw/,https://www.operationsports.com/wwe-2k26-ratings-list/
10,wwe_smackdown_bianca_belair,Bianca Belair,WWE,SmackDown,Womens,MainEvent,Active,94,95.25,285000,27000,full_season,season_length_configured_at_new_game,draft_value_usd,8,12,24,324000,216000,648000,weekly_hire_rate_usd * selected_contract_weeks,9500,0,12,6,35,finance_v2_no_bonus_full_season_initial_draft,Initial draft buys full-season roster rights for draft_value_usd. No signing bonus. Midseason scouting uses weekly_hire_rate_usd multiplied by selected contract weeks.,Sourced video-game overall used as anchor; component attributes derived for GM simulation,https://www.thesmackdownhotel.com/roster/wwe/smackdown/,https://www.operationsports.com/wwe-2k26-ratings-list/
11,wwe_raw_iyo_sky,IYO SKY,WWE,Raw,Womens,MainEvent,Active,93,95.1,285000,27000,full_season,season_length_configured_at_new_game,draft_value_usd,8,12,24,324000,216000,648000,weekly_hire_rate_usd * selected_contract_weeks,9500,0,12,6,35,finance_v2_no_bonus_full_season_initial_draft,Initial draft buys full-season roster rights for draft_value_usd. No signing bonus. Midseason scouting uses weekly_hire_rate_usd multiplied by selected contract weeks.,Sourced video-game overall used as anchor; component attributes derived for GM simulation,https://www.thesmackdownhotel.com/roster/wwe/raw/,https://www.operationsports.com/wwe-2k26-ratings-list/
12,wwe_smackdown_gunther,Gunther,WWE,SmackDown,Mens,MainEvent,Active,93,95.1,285000,27000,full_season,season_length_configured_at_new_game,draft_value_usd,8,12,24,324000,216000,648000,weekly_hire_rate_usd * selected_contract_weeks,9500,0,12,6,35,finance_v2_no_bonus_full_season_initial_draft,Initial draft buys full-season roster rights for draft_value_usd. No signing bonus. Midseason scouting uses weekly_hire_rate_usd multiplied by selected contract weeks.,Sourced video-game overall used as anchor; component attributes derived for GM simulation,https://www.thesmackdownhotel.com/roster/wwe/smackdown/,https://www.operationsports.com/wwe-2k26-ratings-list/
13,wwe_smackdown_drew_mcintyre,Drew McIntyre,WWE,SmackDown,Mens,MainEvent,Active,93,94.75,285000,27000,full_season,season_length_configured_at_new_game,draft_value_usd,8,12,24,324000,216000,648000,weekly_hire_rate_usd * selected_contract_weeks,9500,0,12,6,35,finance_v2_no_bonus_full_season_initial_draft,Initial draft buys full-season roster rights for draft_value_usd. No signing bonus. Midseason scouting uses weekly_hire_rate_usd multiplied by selected contract weeks.,Sourced video-game overall used as anchor; component attributes derived for GM simulation,https://www.thesmackdownhotel.com/roster/wwe/smackdown/,https://www.operationsports.com/wwe-2k26-ratings-list/
14,wwe_smackdown_randy_orton,Randy Orton,WWE,SmackDown,Mens,MainEvent,Active,92,94.1,285000,27000,full_season,season_length_configured_at_new_game,draft_value_usd,8,12,24,324000,216000,648000,weekly_hire_rate_usd * selected_contract_weeks,9500,0,12,6,35,finance_v2_no_bonus_full_season_initial_draft,Initial draft buys full-season roster rights for draft_value_usd. No signing bonus. Midseason scouting uses weekly_hire_rate_usd multiplied by selected contract weeks.,Sourced video-game overall used as anchor; component attributes derived for GM simulation,https://www.thesmackdownhotel.com/roster/wwe/smackdown/,https://www.operationsports.com/wwe-2k26-ratings-list/
15,wwe_raw_liv_morgan,Liv Morgan,WWE,Raw,Womens,MainEvent,Active,92,94.05,315000,30000,full_season,season_length_configured_at_new_game,draft_value_usd,8,12,24,360000,240000,720000,weekly_hire_rate_usd * selected_contract_weeks,10500,0,12,6,35,finance_v2_no_bonus_full_season_initial_draft,Initial draft buys full-season roster rights for draft_value_usd. No signing bonus. Midseason scouting uses weekly_hire_rate_usd multiplied by selected contract weeks.,Sourced video-game overall used as anchor; component attributes derived for GM simulation,https://www.thesmackdownhotel.com/roster/wwe/raw/,https://www.operationsports.com/wwe-2k26-ratings-list/
16,aew_aew_will_ospreay,Will Ospreay,AEW,AEW,Mens,MainEvent,Active,93,93.75,280000,27000,full_season,season_length_configured_at_new_game,draft_value_usd,8,12,24,324000,216000,648000,weekly_hire_rate_usd * selected_contract_weeks,9500,0,12,6,35,finance_v2_no_bonus_full_season_initial_draft,Initial draft buys full-season roster rights for draft_value_usd. No signing bonus. Midseason scouting uses weekly_hire_rate_usd multiplied by selected contract weeks.,Sourced video-game overall used as anchor; component attributes derived for GM simulation,https://www.fightful.com/wrestling/updated-all-elite-roster/,https://www.thesmackdownhotel.com/aew-fight-forever/roster/
17,wwe_raw_stephanie_vaquer,Stephanie Vaquer,WWE,Raw,Womens,MainEvent,Active,92,93.3,280000,27000,full_season,season_length_configured_at_new_game,draft_value_usd,8,12,24,324000,216000,648000,weekly_hire_rate_usd * selected_contract_weeks,9500,0,12,6,35,finance_v2_no_bonus_full_season_initial_draft,Initial draft buys full-season roster rights for draft_value_usd. No signing bonus. Midseason scouting uses weekly_hire_rate_usd multiplied by selected contract weeks.,Sourced video-game overall used as anchor; component attributes derived for GM simulation,https://www.thesmackdownhotel.com/roster/wwe/raw/,https://www.operationsports.com/wwe-2k26-ratings-list/
18,wwe_raw_naomi,Naomi,WWE,Raw,Womens,MainEvent,Active,92,93.3,280000,27000,full_season,season_length_configured_at_new_game,draft_value_usd,8,12,24,324000,216000,648000,weekly_hire_rate_usd * selected_contract_weeks,9500,0,12,6,35,finance_v2_no_bonus_full_season_initial_draft,Initial draft buys full-season roster rights for draft_value_usd. No signing bonus. Midseason scouting uses weekly_hire_rate_usd multiplied by selected contract weeks.,Sourced video-game overall used as anchor; component attributes derived for GM simulation,https://www.thesmackdownhotel.com/roster/wwe/raw/,https://www.operationsports.com/wwe-2k26-ratings-list/
19,aew_aew_mercedes_mon,Mercedes Moné,AEW,AEW,Womens,MainEvent,Active,92,93.3,280000,27000,full_season,season_length_configured_at_new_game,draft_value_usd,8,12,24,324000,216000,648000,weekly_hire_rate_usd * selected_contract_weeks,9500,0,12,6,35,finance_v2_no_bonus_full_season_initial_draft,Initial draft buys full-season roster rights for draft_value_usd. No signing bonus. Midseason scouting uses weekly_hire_rate_usd multiplied by selected contract weeks.,Sourced video-game overall used as anchor; component attributes derived for GM simulation,https://www.fightful.com/wrestling/updated-all-elite-roster/,https://www.thesmackdownhotel.com/aew-fight-forever/roster/
20,wwe_raw_asuka,Asuka,WWE,Raw,Womens,MainEvent,Active,91,92.85,280000,27000,full_season,season_length_configured_at_new_game,draft_value_usd,8,12,24,324000,216000,648000,weekly_hire_rate_usd * selected_contract_weeks,9500,0,12,6,35,finance_v2_no_bonus_full_season_initial_draft,Initial draft buys full-season roster rights for draft_value_usd. No signing bonus. Midseason scouting uses weekly_hire_rate_usd multiplied by selected contract weeks.,Sourced video-game overall used as anchor; component attributes derived for GM simulation,https://www.thesmackdownhotel.com/roster/wwe/raw/,https://www.operationsports.com/wwe-2k26-ratings-list/
21,wwe_raw_bron_breakker,Bron Breakker,WWE,Raw,Mens,MainEvent,Active,90,91.95,280000,27000,full_season,season_length_configured_at_new_game,draft_value_usd,8,12,24,324000,216000,648000,weekly_hire_rate_usd * selected_contract_weeks,9500,0,12,6,35,finance_v2_no_bonus_full_season_initial_draft,Initial draft buys full-season roster rights for draft_value_usd. No signing bonus. Midseason scouting uses weekly_hire_rate_usd multiplied by selected contract weeks.,Sourced video-game overall used as anchor; component attributes derived for GM simulation,https://www.thesmackdownhotel.com/roster/wwe/raw/,https://www.operationsports.com/wwe-2k26-ratings-list/
22,aew_aew_jon_moxley,Jon Moxley,AEW,AEW,Mens,MainEvent,Active,90,91.65,310000,29000,full_season,season_length_configured_at_new_game,draft_value_usd,8,12,24,348000,232000,696000,weekly_hire_rate_usd * selected_contract_weeks,10000,0,12,6,35,finance_v2_no_bonus_full_season_initial_draft,Initial draft buys full-season roster rights for draft_value_usd. No signing bonus. Midseason scouting uses weekly_hire_rate_usd multiplied by selected contract weeks.,Sourced video-game overall used as anchor; component attributes derived for GM simulation,https://www.fightful.com/wrestling/updated-all-elite-roster/,https://www.thesmackdownhotel.com/aew-fight-forever/roster/
23,wwe_smackdown_charlotte_flair,Charlotte Flair,WWE,SmackDown,Womens,Midcard,Active,93,90.95,135000,11000,full_season,season_length_configured_at_new_game,draft_value_usd,4,8,16,88000,44000,176000,weekly_hire_rate_usd * selected_contract_weeks,4000,0,8,2,25,finance_v2_no_bonus_full_season_initial_draft,Initial draft buys full-season roster rights for draft_value_usd. No signing bonus. Midseason scouting uses weekly_hire_rate_usd multiplied by selected contract weeks.,Sourced video-game overall used as anchor; component attributes derived for GM simulation,https://www.thesmackdownhotel.com/roster/wwe/smackdown/,https://www.operationsports.com/wwe-2k26-ratings-list/
24,aew_aew_swerve_strickland,Swerve Strickland,AEW,AEW,Mens,UpperCard,Active,90,90.0,190000,17000,full_season,season_length_configured_at_new_game,draft_value_usd,6,10,20,170000,102000,340000,weekly_hire_rate_usd * selected_contract_weeks,6000,0,10,4,35,finance_v2_no_bonus_full_season_initial_draft,Initial draft buys full-season roster rights for draft_value_usd. No signing bonus. Midseason scouting uses weekly_hire_rate_usd multiplied by selected contract weeks.,Sourced video-game overall used as anchor; component attributes derived for GM simulation,https://www.fightful.com/wrestling/updated-all-elite-roster/,https://www.thesmackdownhotel.com/aew-fight-forever/roster/
25,wwe_smackdown_jade_cargill,Jade Cargill,WWE,SmackDown,Womens,MainEvent,Active,88,89.95,275000,26000,full_season,season_length_configured_at_new_game,draft_value_usd,8,12,24,312000,208000,624000,weekly_hire_rate_usd * selected_contract_weeks,9000,0,12,6,35,finance_v2_no_bonus_full_season_initial_draft,Initial draft buys full-season roster rights for draft_value_usd. No signing bonus. Midseason scouting uses weekly_hire_rate_usd multiplied by selected contract weeks.,Sourced video-game overall used as anchor; component attributes derived for GM simulation,https://www.thesmackdownhotel.com/roster/wwe/smackdown/,https://www.operationsports.com/wwe-2k26-ratings-list/
26,aew_aew_willow_nightingale,Willow Nightingale,AEW,AEW,Womens,MainEvent,Active,87,89.45,305000,29000,full_season,season_length_configured_at_new_game,draft_value_usd,8,12,24,348000,232000,696000,weekly_hire_rate_usd * selected_contract_weeks,10000,0,12,6,35,finance_v2_no_bonus_full_season_initial_draft,Initial draft buys full-season roster rights for draft_value_usd. No signing bonus. Midseason scouting uses weekly_hire_rate_usd multiplied by selected contract weeks.,Sourced video-game overall used as anchor; component attributes derived for GM simulation,https://www.fightful.com/wrestling/updated-all-elite-roster/,https://www.thesmackdownhotel.com/aew-fight-forever/roster/
27,aew_aew_thekla,Thekla,AEW,AEW,Womens,MainEvent,Active,87,89.45,305000,29000,full_season,season_length_configured_at_new_game,draft_value_usd,8,12,24,348000,232000,696000,weekly_hire_rate_usd * selected_contract_weeks,10000,0,12,6,35,finance_v2_no_bonus_full_season_initial_draft,Initial draft buys full-season roster rights for draft_value_usd. No signing bonus. Midseason scouting uses weekly_hire_rate_usd multiplied by selected contract weeks.,Sourced video-game overall used as anchor; component attributes derived for GM simulation,https://www.fightful.com/wrestling/updated-all-elite-roster/,https://www.thesmackdownhotel.com/aew-fight-forever/roster/
28,wwe_smackdown_tiffany_stratton,Tiffany Stratton,WWE,SmackDown,Womens,Midcard,Active,91,89.4,145000,12000,full_season,season_length_configured_at_new_game,draft_value_usd,4,8,16,96000,48000,192000,weekly_hire_rate_usd * selected_contract_weeks,4000,0,8,2,25,finance_v2_no_bonus_full_season_initial_draft,Initial draft buys full-season roster rights for draft_value_usd. No signing bonus. Midseason scouting uses weekly_hire_rate_usd multiplied by selected contract weeks.,Sourced video-game overall used as anchor; component attributes derived for GM simulation,https://www.thesmackdownhotel.com/roster/wwe/smackdown/,https://www.operationsports.com/wwe-2k26-ratings-list/
29,aew_aew_jay_white,Jay White,AEW,AEW,Mens,UpperCard,Injured,90,89.25,110000,10000,full_season,season_length_configured_at_new_game,draft_value_usd,6,10,20,100000,60000,200000,weekly_hire_rate_usd * selected_contract_weeks,3500,0,10,4,45,finance_v2_no_bonus_full_season_initial_draft,Initial draft buys full-season roster rights for draft_value_usd. No signing bonus. Midseason scouting uses weekly_hire_rate_usd multiplied by selected contract weeks.,"Game-derived estimate from roster tier, title status, current availability, and known public role",https://www.fightful.com/wrestling/updated-all-elite-roster/,https://www.thesmackdownhotel.com/aew-fight-forever/roster/
30,aew_aew_mjf,MJF,AEW,AEW,Mens,UpperCard,Active,90,89.2,185000,17000,full_season,season_length_configured_at_new_game,draft_value_usd,6,10,20,170000,102000,340000,weekly_hire_rate_usd * selected_contract_weeks,6000,0,10,4,35,finance_v2_no_bonus_full_season_initial_draft,Initial draft buys full-season roster rights for draft_value_usd. No signing bonus. Midseason scouting uses weekly_hire_rate_usd multiplied by selected contract weeks.,Sourced video-game overall used as anchor; component attributes derived for GM simulation,https://www.fightful.com/wrestling/updated-all-elite-roster/,https://www.thesmackdownhotel.com/aew-fight-forever/roster/
31,wwe_smackdown_jacob_fatu,Jacob Fatu,WWE,SmackDown,Mens,MainEvent,Active,88,88.95,270000,26000,full_season,season_length_configured_at_new_game,draft_value_usd,8,12,24,312000,208000,624000,weekly_hire_rate_usd * selected_contract_weeks,9000,0,12,6,35,finance_v2_no_bonus_full_season_initial_draft,Initial draft buys full-season roster rights for draft_value_usd. No signing bonus. Midseason scouting uses weekly_hire_rate_usd multiplied by selected contract weeks.,Sourced video-game overall used as anchor; component attributes derived for GM simulation,https://www.thesmackdownhotel.com/roster/wwe/smackdown/,https://www.operationsports.com/wwe-2k26-ratings-list/
32,wwe_raw_jey_uso,Jey Uso,WWE,Raw,Mens,Midcard,Active,91,88.7,130000,11000,full_season,season_length_configured_at_new_game,draft_value_usd,4,8,16,88000,44000,176000,weekly_hire_rate_usd * selected_contract_weeks,4000,0,8,2,25,finance_v2_no_bonus_full_season_initial_draft,Initial draft buys full-season roster rights for draft_value_usd. No signing bonus. Midseason scouting uses weekly_hire_rate_usd multiplied by selected contract weeks.,Sourced video-game overall used as anchor; component attributes derived for GM simulation,https://www.thesmackdownhotel.com/roster/wwe/raw/,https://www.operationsports.com/wwe-2k26-ratings-list/
33,wwe_raw_logan_paul,Logan Paul,WWE,Raw,Mens,Midcard,Active,90,88.35,130000,11000,full_season,season_length_configured_at_new_game,draft_value_usd,4,8,16,88000,44000,176000,weekly_hire_rate_usd * selected_contract_weeks,4000,0,8,2,25,finance_v2_no_bonus_full_season_initial_draft,Initial draft buys full-season roster rights for draft_value_usd. No signing bonus. Midseason scouting uses weekly_hire_rate_usd multiplied by selected contract weeks.,Sourced video-game overall used as anchor; component attributes derived for GM simulation,https://www.thesmackdownhotel.com/roster/wwe/raw/,https://www.operationsports.com/wwe-2k26-ratings-list/
34,aew_aew_eddie_kingston,Eddie Kingston,AEW,AEW,Mens,UpperCard,Active,90,88.3,185000,17000,full_season,season_length_configured_at_new_game,draft_value_usd,6,10,20,170000,102000,340000,weekly_hire_rate_usd * selected_contract_weeks,6000,0,10,4,35,finance_v2_no_bonus_full_season_initial_draft,Initial draft buys full-season roster rights for draft_value_usd. No signing bonus. Midseason scouting uses weekly_hire_rate_usd multiplied by selected contract weeks.,"Game-derived estimate from roster tier, title status, current availability, and known public role",https://www.fightful.com/wrestling/updated-all-elite-roster/,https://www.thesmackdownhotel.com/aew-fight-forever/roster/
35,aew_aew_pac,PAC,AEW,AEW,Mens,UpperCard,Active,89,87.95,185000,17000,full_season,season_length_configured_at_new_game,draft_value_usd,6,10,20,170000,102000,340000,weekly_hire_rate_usd * selected_contract_weeks,6000,0,10,4,35,finance_v2_no_bonus_full_season_initial_draft,Initial draft buys full-season roster rights for draft_value_usd. No signing bonus. Midseason scouting uses weekly_hire_rate_usd multiplied by selected contract weeks.,Sourced video-game overall used as anchor; component attributes derived for GM simulation,https://www.fightful.com/wrestling/updated-all-elite-roster/,https://www.thesmackdownhotel.com/aew-fight-forever/roster/
36,aew_aew_adam_copeland,Adam Copeland,AEW,AEW,Mens,UpperCard,Active,89,87.95,185000,17000,full_season,season_length_configured_at_new_game,draft_value_usd,6,10,20,170000,102000,340000,weekly_hire_rate_usd * selected_contract_weeks,6000,0,10,4,35,finance_v2_no_bonus_full_season_initial_draft,Initial draft buys full-season roster rights for draft_value_usd. No signing bonus. Midseason scouting uses weekly_hire_rate_usd multiplied by selected contract weeks.,Sourced video-game overall used as anchor; component attributes derived for GM simulation,https://www.fightful.com/wrestling/updated-all-elite-roster/,https://www.thesmackdownhotel.com/aew-fight-forever/roster/
37,wwe_raw_bayley,Bayley,WWE,Raw,Womens,UpperCard,Active,89,87.55,185000,17000,full_season,season_length_configured_at_new_game,draft_value_usd,6,10,20,170000,102000,340000,weekly_hire_rate_usd * selected_contract_weeks,6000,0,10,4,35,finance_v2_no_bonus_full_season_initial_draft,Initial draft buys full-season roster rights for draft_value_usd. No signing bonus. Midseason scouting uses weekly_hire_rate_usd multiplied by selected contract weeks.,Sourced video-game overall used as anchor; component attributes derived for GM simulation,https://www.thesmackdownhotel.com/roster/wwe/raw/,https://www.operationsports.com/wwe-2k26-ratings-list/
38,aew_aew_samoa_joe,Samoa Joe,AEW,AEW,Mens,UpperCard,Active,88,87.55,185000,17000,full_season,season_length_configured_at_new_game,draft_value_usd,6,10,20,170000,102000,340000,weekly_hire_rate_usd * selected_contract_weeks,6000,0,10,4,35,finance_v2_no_bonus_full_season_initial_draft,Initial draft buys full-season roster rights for draft_value_usd. No signing bonus. Midseason scouting uses weekly_hire_rate_usd multiplied by selected contract weeks.,Sourced video-game overall used as anchor; component attributes derived for GM simulation,https://www.fightful.com/wrestling/updated-all-elite-roster/,https://www.thesmackdownhotel.com/aew-fight-forever/roster/
39,aew_aew_orange_cassidy,Orange Cassidy,AEW,AEW,Mens,MainEvent,Active,86,87.45,300000,28000,full_season,season_length_configured_at_new_game,draft_value_usd,8,12,24,336000,224000,672000,weekly_hire_rate_usd * selected_contract_weeks,10000,0,12,6,35,finance_v2_no_bonus_full_season_initial_draft,Initial draft buys full-season roster rights for draft_value_usd. No signing bonus. Midseason scouting uses weekly_hire_rate_usd multiplied by selected contract weeks.,Sourced video-game overall used as anchor; component attributes derived for GM simulation,https://www.fightful.com/wrestling/updated-all-elite-roster/,https://www.thesmackdownhotel.com/aew-fight-forever/roster/
40,aew_aew_kevin_knight,Kevin Knight,AEW,AEW,Mens,MainEvent,Active,84,87.45,300000,28000,full_season,season_length_configured_at_new_game,draft_value_usd,8,12,24,336000,224000,672000,weekly_hire_rate_usd * selected_contract_weeks,10000,0,12,6,35,finance_v2_no_bonus_full_season_initial_draft,Initial draft buys full-season roster rights for draft_value_usd. No signing bonus. Midseason scouting uses weekly_hire_rate_usd multiplied by selected contract weeks.,Sourced video-game overall used as anchor; component attributes derived for GM simulation,https://www.fightful.com/wrestling/updated-all-elite-roster/,https://www.thesmackdownhotel.com/aew-fight-forever/roster/
41,aew_aew_dax_harwood,Dax Harwood,AEW,AEW,Mens,MainEvent,Active,84,87.45,300000,28000,full_season,season_length_configured_at_new_game,draft_value_usd,8,12,24,336000,224000,672000,weekly_hire_rate_usd * selected_contract_weeks,10000,0,12,6,35,finance_v2_no_bonus_full_season_initial_draft,Initial draft buys full-season roster rights for draft_value_usd. No signing bonus. Midseason scouting uses weekly_hire_rate_usd multiplied by selected contract weeks.,Sourced video-game overall used as anchor; component attributes derived for GM simulation,https://www.fightful.com/wrestling/updated-all-elite-roster/,https://www.thesmackdownhotel.com/aew-fight-forever/roster/
42,aew_aew_megan_bayne,Megan Bayne,AEW,AEW,Womens,MainEvent,Active,84,87.1,300000,28000,full_season,season_length_configured_at_new_game,draft_value_usd,8,12,24,336000,224000,672000,weekly_hire_rate_usd * selected_contract_weeks,10000,0,12,6,35,finance_v2_no_bonus_full_season_initial_draft,Initial draft buys full-season roster rights for draft_value_usd. No signing bonus. Midseason scouting uses weekly_hire_rate_usd multiplied by selected contract weeks.,Sourced video-game overall used as anchor; component attributes derived for GM simulation,https://www.fightful.com/wrestling/updated-all-elite-roster/,https://www.thesmackdownhotel.com/aew-fight-forever/roster/
43,wwe_smackdown_sami_zayn,Sami Zayn,WWE,SmackDown,Mens,Midcard,Active,89,86.95,125000,11000,full_season,season_length_configured_at_new_game,draft_value_usd,4,8,16,88000,44000,176000,weekly_hire_rate_usd * selected_contract_weeks,4000,0,8,2,25,finance_v2_no_bonus_full_season_initial_draft,Initial draft buys full-season roster rights for draft_value_usd. No signing bonus. Midseason scouting uses weekly_hire_rate_usd multiplied by selected contract weeks.,Sourced video-game overall used as anchor; component attributes derived for GM simulation,https://www.thesmackdownhotel.com/roster/wwe/smackdown/,https://www.operationsports.com/wwe-2k26-ratings-list/
44,wwe_raw_la_knight,LA Knight,WWE,Raw,Mens,Midcard,Active,89,86.95,125000,11000,full_season,season_length_configured_at_new_game,draft_value_usd,4,8,16,88000,44000,176000,weekly_hire_rate_usd * selected_contract_weeks,4000,0,8,2,25,finance_v2_no_bonus_full_season_initial_draft,Initial draft buys full-season roster rights for draft_value_usd. No signing bonus. Midseason scouting uses weekly_hire_rate_usd multiplied by selected contract weeks.,Sourced video-game overall used as anchor; component attributes derived for GM simulation,https://www.thesmackdownhotel.com/roster/wwe/raw/,https://www.operationsports.com/wwe-2k26-ratings-list/
45,wwe_smackdown_nia_jax,Nia Jax,WWE,SmackDown,Womens,UpperCard,Active,88,86.95,180000,16000,full_season,season_length_configured_at_new_game,draft_value_usd,6,10,20,160000,96000,320000,weekly_hire_rate_usd * selected_contract_weeks,5500,0,10,4,35,finance_v2_no_bonus_full_season_initial_draft,Initial draft buys full-season roster rights for draft_value_usd. No signing bonus. Midseason scouting uses weekly_hire_rate_usd multiplied by selected contract weeks.,Sourced video-game overall used as anchor; component attributes derived for GM simulation,https://www.thesmackdownhotel.com/roster/wwe/smackdown/,https://www.operationsports.com/wwe-2k26-ratings-list/
46,wwe_raw_bronson_reed,Bronson Reed,WWE,Raw,Mens,UpperCard,Active,88,86.8,180000,16000,full_season,season_length_configured_at_new_game,draft_value_usd,6,10,20,160000,96000,320000,weekly_hire_rate_usd * selected_contract_weeks,5500,0,10,4,35,finance_v2_no_bonus_full_season_initial_draft,Initial draft buys full-season roster rights for draft_value_usd. No signing bonus. Midseason scouting uses weekly_hire_rate_usd multiplied by selected contract weeks.,Sourced video-game overall used as anchor; component attributes derived for GM simulation,https://www.thesmackdownhotel.com/roster/wwe/raw/,https://www.operationsports.com/wwe-2k26-ratings-list/
47,aew_aew_bobby_lashley,Bobby Lashley,AEW,AEW,Mens,UpperCard,Active,88,86.8,180000,16000,full_season,season_length_configured_at_new_game,draft_value_usd,6,10,20,160000,96000,320000,weekly_hire_rate_usd * selected_contract_weeks,5500,0,10,4,35,finance_v2_no_bonus_full_season_initial_draft,Initial draft buys full-season roster rights for draft_value_usd. No signing bonus. Midseason scouting uses weekly_hire_rate_usd multiplied by selected contract weeks.,Sourced video-game overall used as anchor; component attributes derived for GM simulation,https://www.fightful.com/wrestling/updated-all-elite-roster/,https://www.thesmackdownhotel.com/aew-fight-forever/roster/
48,wwe_smackdown_kevin_owens,Kevin Owens,WWE,SmackDown,Mens,UpperCard,Active,87,86.7,180000,16000,full_season,season_length_configured_at_new_game,draft_value_usd,6,10,20,160000,96000,320000,weekly_hire_rate_usd * selected_contract_weeks,5500,0,10,4,35,finance_v2_no_bonus_full_season_initial_draft,Initial draft buys full-season roster rights for draft_value_usd. No signing bonus. Midseason scouting uses weekly_hire_rate_usd multiplied by selected contract weeks.,Sourced video-game overall used as anchor; component attributes derived for GM simulation,https://www.thesmackdownhotel.com/roster/wwe/smackdown/,https://www.operationsports.com/wwe-2k26-ratings-list/
49,aew_aew_kyle_o_reilly,Kyle O'Reilly,AEW,AEW,Mens,MainEvent,Active,84,86.05,295000,28000,full_season,season_length_configured_at_new_game,draft_value_usd,8,12,24,336000,224000,672000,weekly_hire_rate_usd * selected_contract_weeks,10000,0,12,6,35,finance_v2_no_bonus_full_season_initial_draft,Initial draft buys full-season roster rights for draft_value_usd. No signing bonus. Midseason scouting uses weekly_hire_rate_usd multiplied by selected contract weeks.,Sourced video-game overall used as anchor; component attributes derived for GM simulation,https://www.fightful.com/wrestling/updated-all-elite-roster/,https://www.thesmackdownhotel.com/aew-fight-forever/roster/
50,aew_aew_cash_wheeler,Cash Wheeler,AEW,AEW,Mens,MainEvent,Active,84,86.05,295000,28000,full_season,season_length_configured_at_new_game,draft_value_usd,8,12,24,336000,224000,672000,weekly_hire_rate_usd * selected_contract_weeks,10000,0,12,6,35,finance_v2_no_bonus_full_season_initial_draft,Initial draft buys full-season roster rights for draft_value_usd. No signing bonus. Midseason scouting uses weekly_hire_rate_usd multiplied by selected contract weeks.,Sourced video-game overall used as anchor; component attributes derived for GM simulation,https://www.fightful.com/wrestling/updated-all-elite-roster/,https://www.thesmackdownhotel.com/aew-fight-forever/roster/
51,wwe_smackdown_damian_priest,Damian Priest,WWE,SmackDown,Mens,Midcard,Active,87,85.65,145000,12000,full_season,season_length_configured_at_new_game,draft_value_usd,4,8,16,96000,48000,192000,weekly_hire_rate_usd * selected_contract_weeks,4000,0,8,2,25,finance_v2_no_bonus_full_season_initial_draft,Initial draft buys full-season roster rights for draft_value_usd. No signing bonus. Midseason scouting uses weekly_hire_rate_usd multiplied by selected contract weeks.,Sourced video-game overall used as anchor; component attributes derived for GM simulation,https://www.thesmackdownhotel.com/roster/wwe/smackdown/,https://www.operationsports.com/wwe-2k26-ratings-list/
52,wwe_raw_raquel_rodriguez,Raquel Rodriguez,WWE,Raw,Womens,UpperCard,Active,86,85.65,180000,16000,full_season,season_length_configured_at_new_game,draft_value_usd,6,10,20,160000,96000,320000,weekly_hire_rate_usd * selected_contract_weeks,5500,0,10,4,35,finance_v2_no_bonus_full_season_initial_draft,Initial draft buys full-season roster rights for draft_value_usd. No signing bonus. Midseason scouting uses weekly_hire_rate_usd multiplied by selected contract weeks.,Sourced video-game overall used as anchor; component attributes derived for GM simulation,https://www.thesmackdownhotel.com/roster/wwe/raw/,https://www.operationsports.com/wwe-2k26-ratings-list/
53,wwe_raw_nattie,Nattie,WWE,Raw,Womens,UpperCard,Active,86,85.65,180000,16000,full_season,season_length_configured_at_new_game,draft_value_usd,6,10,20,160000,96000,320000,weekly_hire_rate_usd * selected_contract_weeks,5500,0,10,4,35,finance_v2_no_bonus_full_season_initial_draft,Initial draft buys full-season roster rights for draft_value_usd. No signing bonus. Midseason scouting uses weekly_hire_rate_usd multiplied by selected contract weeks.,Sourced video-game overall used as anchor; component attributes derived for GM simulation,https://www.thesmackdownhotel.com/roster/wwe/raw/,https://www.operationsports.com/wwe-2k26-ratings-list/
54,wwe_smackdown_giulia,Giulia,WWE,SmackDown,Womens,UpperCard,Active,86,85.65,180000,16000,full_season,season_length_configured_at_new_game,draft_value_usd,6,10,20,160000,96000,320000,weekly_hire_rate_usd * selected_contract_weeks,5500,0,10,4,35,finance_v2_no_bonus_full_season_initial_draft,Initial draft buys full-season roster rights for draft_value_usd. No signing bonus. Midseason scouting uses weekly_hire_rate_usd multiplied by selected contract weeks.,Sourced video-game overall used as anchor; component attributes derived for GM simulation,https://www.thesmackdownhotel.com/roster/wwe/smackdown/,https://www.operationsports.com/wwe-2k26-ratings-list/
55,aew_aew_roderick_strong,Roderick Strong,AEW,AEW,Mens,MainEvent,Active,83,85.55,295000,28000,full_season,season_length_configured_at_new_game,draft_value_usd,8,12,24,336000,224000,672000,weekly_hire_rate_usd * selected_contract_weeks,10000,0,12,6,35,finance_v2_no_bonus_full_season_initial_draft,Initial draft buys full-season roster rights for draft_value_usd. No signing bonus. Midseason scouting uses weekly_hire_rate_usd multiplied by selected contract weeks.,Sourced video-game overall used as anchor; component attributes derived for GM simulation,https://www.fightful.com/wrestling/updated-all-elite-roster/,https://www.thesmackdownhotel.com/aew-fight-forever/roster/
56,aew_aew_ricochet,Ricochet,AEW,AEW,Mens,UpperCard,Active,86,85.45,180000,16000,full_season,season_length_configured_at_new_game,draft_value_usd,6,10,20,160000,96000,320000,weekly_hire_rate_usd * selected_contract_weeks,5500,0,10,4,35,finance_v2_no_bonus_full_season_initial_draft,Initial draft buys full-season roster rights for draft_value_usd. No signing bonus. Midseason scouting uses weekly_hire_rate_usd multiplied by selected contract weeks.,Sourced video-game overall used as anchor; component attributes derived for GM simulation,https://www.fightful.com/wrestling/updated-all-elite-roster/,https://www.thesmackdownhotel.com/aew-fight-forever/roster/
57,aew_aew_darby_allin,Darby Allin,AEW,AEW,Mens,MainEvent,Active,83,85.45,295000,28000,full_season,season_length_configured_at_new_game,draft_value_usd,8,12,24,336000,224000,672000,weekly_hire_rate_usd * selected_contract_weeks,10000,0,12,6,35,finance_v2_no_bonus_full_season_initial_draft,Initial draft buys full-season roster rights for draft_value_usd. No signing bonus. Midseason scouting uses weekly_hire_rate_usd multiplied by selected contract weeks.,Sourced video-game overall used as anchor; component attributes derived for GM simulation,https://www.fightful.com/wrestling/updated-all-elite-roster/,https://www.thesmackdownhotel.com/aew-fight-forever/roster/
58,wwe_raw_finn_b_lor,Finn Bálor,WWE,Raw,Mens,Midcard,Active,88,85.2,125000,11000,full_season,season_length_configured_at_new_game,draft_value_usd,4,8,16,88000,44000,176000,weekly_hire_rate_usd * selected_contract_weeks,4000,0,8,2,25,finance_v2_no_bonus_full_season_initial_draft,Initial draft buys full-season roster rights for draft_value_usd. No signing bonus. Midseason scouting uses weekly_hire_rate_usd multiplied by selected contract weeks.,Sourced video-game overall used as anchor; component attributes derived for GM simulation,https://www.thesmackdownhotel.com/roster/wwe/raw/,https://www.operationsports.com/wwe-2k26-ratings-list/
59,wwe_raw_sheamus,Sheamus,WWE,Raw,Mens,UpperCard,Active,86,85.15,180000,16000,full_season,season_length_configured_at_new_game,draft_value_usd,6,10,20,160000,96000,320000,weekly_hire_rate_usd * selected_contract_weeks,5500,0,10,4,35,finance_v2_no_bonus_full_season_initial_draft,Initial draft buys full-season roster rights for draft_value_usd. No signing bonus. Midseason scouting uses weekly_hire_rate_usd multiplied by selected contract weeks.,Sourced video-game overall used as anchor; component attributes derived for GM simulation,https://www.thesmackdownhotel.com/roster/wwe/raw/,https://www.operationsports.com/wwe-2k26-ratings-list/
60,wwe_raw_dominik_mysterio,Dominik Mysterio,WWE,Raw,Mens,Midcard,Active,87,84.85,120000,10000,full_season,season_length_configured_at_new_game,draft_value_usd,4,8,16,80000,40000,160000,weekly_hire_rate_usd * selected_contract_weeks,3500,0,8,2,25,finance_v2_no_bonus_full_season_initial_draft,Initial draft buys full-season roster rights for draft_value_usd. No signing bonus. Midseason scouting uses weekly_hire_rate_usd multiplied by selected contract weeks.,Sourced video-game overall used as anchor; component attributes derived for GM simulation,https://www.thesmackdownhotel.com/roster/wwe/raw/,https://www.operationsports.com/wwe-2k26-ratings-list/
61,aew_aew_mark_davis,Mark Davis,AEW,AEW,Mens,MainEvent,Active,82,84.7,295000,28000,full_season,season_length_configured_at_new_game,draft_value_usd,8,12,24,336000,224000,672000,weekly_hire_rate_usd * selected_contract_weeks,10000,0,12,6,35,finance_v2_no_bonus_full_season_initial_draft,Initial draft buys full-season roster rights for draft_value_usd. No signing bonus. Midseason scouting uses weekly_hire_rate_usd multiplied by selected contract weeks.,Sourced video-game overall used as anchor; component attributes derived for GM simulation,https://www.fightful.com/wrestling/updated-all-elite-roster/,https://www.thesmackdownhotel.com/aew-fight-forever/roster/
62,wwe_smackdown_alexa_bliss,Alexa Bliss,WWE,SmackDown,Womens,Midcard,Active,87,84.3,120000,10000,full_season,season_length_configured_at_new_game,draft_value_usd,4,8,16,80000,40000,160000,weekly_hire_rate_usd * selected_contract_weeks,3500,0,8,2,25,finance_v2_no_bonus_full_season_initial_draft,Initial draft buys full-season roster rights for draft_value_usd. No signing bonus. Midseason scouting uses weekly_hire_rate_usd multiplied by selected contract weeks.,Sourced video-game overall used as anchor; component attributes derived for GM simulation,https://www.thesmackdownhotel.com/roster/wwe/smackdown/,https://www.operationsports.com/wwe-2k26-ratings-list/
63,wwe_smackdown_shinsuke_nakamura,Shinsuke Nakamura,WWE,SmackDown,Mens,Midcard,Active,86,84.3,120000,10000,full_season,season_length_configured_at_new_game,draft_value_usd,4,8,16,80000,40000,160000,weekly_hire_rate_usd * selected_contract_weeks,3500,0,8,2,25,finance_v2_no_bonus_full_season_initial_draft,Initial draft buys full-season roster rights for draft_value_usd. No signing bonus. Midseason scouting uses weekly_hire_rate_usd multiplied by selected contract weeks.,Sourced video-game overall used as anchor; component attributes derived for GM simulation,https://www.thesmackdownhotel.com/roster/wwe/smackdown/,https://www.operationsports.com/wwe-2k26-ratings-list/
64,wwe_raw_jimmy_uso,Jimmy Uso,WWE,Raw,Mens,Midcard,Active,86,84.3,120000,10000,full_season,season_length_configured_at_new_game,draft_value_usd,4,8,16,80000,40000,160000,weekly_hire_rate_usd * selected_contract_weeks,3500,0,8,2,25,finance_v2_no_bonus_full_season_initial_draft,Initial draft buys full-season roster rights for draft_value_usd. No signing bonus. Midseason scouting uses weekly_hire_rate_usd multiplied by selected contract weeks.,Sourced video-game overall used as anchor; component attributes derived for GM simulation,https://www.thesmackdownhotel.com/roster/wwe/raw/,https://www.operationsports.com/wwe-2k26-ratings-list/
65,wwe_smackdown_ilja_dragunov,Ilja Dragunov,WWE,SmackDown,Mens,Midcard,Active,85,83.15,120000,10000,full_season,season_length_configured_at_new_game,draft_value_usd,4,8,16,80000,40000,160000,weekly_hire_rate_usd * selected_contract_weeks,3500,0,8,2,25,finance_v2_no_bonus_full_season_initial_draft,Initial draft buys full-season roster rights for draft_value_usd. No signing bonus. Midseason scouting uses weekly_hire_rate_usd multiplied by selected contract weeks.,Sourced video-game overall used as anchor; component attributes derived for GM simulation,https://www.thesmackdownhotel.com/roster/wwe/smackdown/,https://www.operationsports.com/wwe-2k26-ratings-list/
66,wwe_smackdown_chelsea_green,Chelsea Green,WWE,SmackDown,Womens,Midcard,Active,85,83.15,120000,10000,full_season,season_length_configured_at_new_game,draft_value_usd,4,8,16,80000,40000,160000,weekly_hire_rate_usd * selected_contract_weeks,3500,0,8,2,25,finance_v2_no_bonus_full_season_initial_draft,Initial draft buys full-season roster rights for draft_value_usd. No signing bonus. Midseason scouting uses weekly_hire_rate_usd multiplied by selected contract weeks.,Sourced video-game overall used as anchor; component attributes derived for GM simulation,https://www.thesmackdownhotel.com/roster/wwe/smackdown/,https://www.operationsports.com/wwe-2k26-ratings-list/
67,wwe_raw_roxanne_perez,Roxanne Perez,WWE,Raw,Womens,Midcard,Active,85,82.7,120000,10000,full_season,season_length_configured_at_new_game,draft_value_usd,4,8,16,80000,40000,160000,weekly_hire_rate_usd * selected_contract_weeks,3500,0,8,2,25,finance_v2_no_bonus_full_season_initial_draft,Initial draft buys full-season roster rights for draft_value_usd. No signing bonus. Midseason scouting uses weekly_hire_rate_usd multiplied by selected contract weeks.,Sourced video-game overall used as anchor; component attributes derived for GM simulation,https://www.thesmackdownhotel.com/roster/wwe/raw/,https://www.operationsports.com/wwe-2k26-ratings-list/
68,aew_aew_tommaso_ciampa,Tommaso Ciampa,AEW,AEW,Mens,Midcard,Active,84,82.45,115000,10000,full_season,season_length_configured_at_new_game,draft_value_usd,4,8,16,80000,40000,160000,weekly_hire_rate_usd * selected_contract_weeks,3500,0,8,2,25,finance_v2_no_bonus_full_season_initial_draft,Initial draft buys full-season roster rights for draft_value_usd. No signing bonus. Midseason scouting uses weekly_hire_rate_usd multiplied by selected contract weeks.,Sourced video-game overall used as anchor; component attributes derived for GM simulation,https://www.fightful.com/wrestling/updated-all-elite-roster/,https://www.thesmackdownhotel.com/aew-fight-forever/roster/
69,aew_aew_mark_briscoe,Mark Briscoe,AEW,AEW,Mens,Midcard,Active,84,82.45,115000,10000,full_season,season_length_configured_at_new_game,draft_value_usd,4,8,16,80000,40000,160000,weekly_hire_rate_usd * selected_contract_weeks,3500,0,8,2,25,finance_v2_no_bonus_full_season_initial_draft,Initial draft buys full-season roster rights for draft_value_usd. No signing bonus. Midseason scouting uses weekly_hire_rate_usd multiplied by selected contract weeks.,"Game-derived estimate from roster tier, title status, current availability, and known public role",https://www.fightful.com/wrestling/updated-all-elite-roster/,https://www.thesmackdownhotel.com/aew-fight-forever/roster/
70,wwe_raw_penta,Penta,WWE,Raw,Mens,Midcard,Active,84,82.45,145000,12000,full_season,season_length_configured_at_new_game,draft_value_usd,4,8,16,96000,48000,192000,weekly_hire_rate_usd * selected_contract_weeks,4000,0,8,2,25,finance_v2_no_bonus_full_season_initial_draft,Initial draft buys full-season roster rights for draft_value_usd. No signing bonus. Midseason scouting uses weekly_hire_rate_usd multiplied by selected contract weeks.,Sourced video-game overall used as anchor; component attributes derived for GM simulation,https://www.thesmackdownhotel.com/roster/wwe/raw/,https://www.operationsports.com/wwe-2k26-ratings-list/
71,aew_aew_christian_cage,Christian Cage,AEW,AEW,Mens,Midcard,Active,84,82.35,115000,10000,full_season,season_length_configured_at_new_game,draft_value_usd,4,8,16,80000,40000,160000,weekly_hire_rate_usd * selected_contract_weeks,3500,0,8,2,25,finance_v2_no_bonus_full_season_initial_draft,Initial draft buys full-season roster rights for draft_value_usd. No signing bonus. Midseason scouting uses weekly_hire_rate_usd multiplied by selected contract weeks.,"Game-derived estimate from roster tier, title status, current availability, and known public role",https://www.fightful.com/wrestling/updated-all-elite-roster/,https://www.thesmackdownhotel.com/aew-fight-forever/roster/
72,aew_aew_dr_britt_baker_d_m_d,"Dr. Britt Baker, D.M.D.",AEW,AEW,Womens,Midcard,Inactive,85,82.2,80000,7000,full_season,season_length_configured_at_new_game,draft_value_usd,4,8,16,56000,28000,112000,weekly_hire_rate_usd * selected_contract_weeks,2500,0,8,2,35,finance_v2_no_bonus_full_season_initial_draft,Initial draft buys full-season roster rights for draft_value_usd. No signing bonus. Midseason scouting uses weekly_hire_rate_usd multiplied by selected contract weeks.,Sourced video-game overall used as anchor; component attributes derived for GM simulation,https://www.fightful.com/wrestling/updated-all-elite-roster/,https://www.thesmackdownhotel.com/aew-fight-forever/roster/
73,wwe_smackdown_solo_sikoa,Solo Sikoa,WWE,SmackDown,Mens,Midcard,Active,85,82.15,115000,10000,full_season,season_length_configured_at_new_game,draft_value_usd,4,8,16,80000,40000,160000,weekly_hire_rate_usd * selected_contract_weeks,3500,0,8,2,25,finance_v2_no_bonus_full_season_initial_draft,Initial draft buys full-season roster rights for draft_value_usd. No signing bonus. Midseason scouting uses weekly_hire_rate_usd multiplied by selected contract weeks.,Sourced video-game overall used as anchor; component attributes derived for GM simulation,https://www.thesmackdownhotel.com/roster/wwe/smackdown/,https://www.operationsports.com/wwe-2k26-ratings-list/
74,wwe_raw_original_el_grande_americano,Original El Grande Americano,WWE,Raw,Mens,Midcard,Active,85,82.15,115000,10000,full_season,season_length_configured_at_new_game,draft_value_usd,4,8,16,80000,40000,160000,weekly_hire_rate_usd * selected_contract_weeks,3500,0,8,2,25,finance_v2_no_bonus_full_season_initial_draft,Initial draft buys full-season roster rights for draft_value_usd. No signing bonus. Midseason scouting uses weekly_hire_rate_usd multiplied by selected contract weeks.,Sourced video-game overall used as anchor; component attributes derived for GM simulation,https://www.thesmackdownhotel.com/roster/wwe/raw/,https://www.operationsports.com/wwe-2k26-ratings-list/
75,aew_aew_nick_jackson,Nick Jackson,AEW,AEW,Mens,Midcard,Active,85,82.15,115000,10000,full_season,season_length_configured_at_new_game,draft_value_usd,4,8,16,80000,40000,160000,weekly_hire_rate_usd * selected_contract_weeks,3500,0,8,2,25,finance_v2_no_bonus_full_season_initial_draft,Initial draft buys full-season roster rights for draft_value_usd. No signing bonus. Midseason scouting uses weekly_hire_rate_usd multiplied by selected contract weeks.,Sourced video-game overall used as anchor; component attributes derived for GM simulation,https://www.fightful.com/wrestling/updated-all-elite-roster/,https://www.thesmackdownhotel.com/aew-fight-forever/roster/
76,aew_aew_matt_jackson,Matt Jackson,AEW,AEW,Mens,Midcard,Active,85,82.15,115000,10000,full_season,season_length_configured_at_new_game,draft_value_usd,4,8,16,80000,40000,160000,weekly_hire_rate_usd * selected_contract_weeks,3500,0,8,2,25,finance_v2_no_bonus_full_season_initial_draft,Initial draft buys full-season roster rights for draft_value_usd. No signing bonus. Midseason scouting uses weekly_hire_rate_usd multiplied by selected contract weeks.,Sourced video-game overall used as anchor; component attributes derived for GM simulation,https://www.fightful.com/wrestling/updated-all-elite-roster/,https://www.thesmackdownhotel.com/aew-fight-forever/roster/
77,wwe_raw_el_grande_americano,El Grande Americano,WWE,Raw,Mens,Midcard,Active,85,82.15,115000,10000,full_season,season_length_configured_at_new_game,draft_value_usd,4,8,16,80000,40000,160000,weekly_hire_rate_usd * selected_contract_weeks,3500,0,8,2,25,finance_v2_no_bonus_full_season_initial_draft,Initial draft buys full-season roster rights for draft_value_usd. No signing bonus. Midseason scouting uses weekly_hire_rate_usd multiplied by selected contract weeks.,Sourced video-game overall used as anchor; component attributes derived for GM simulation,https://www.thesmackdownhotel.com/roster/wwe/raw/,https://www.operationsports.com/wwe-2k26-ratings-list/
78,aew_aew_timeless_toni_storm,"""Timeless"" Toni Storm",AEW,AEW,Womens,Midcard,Inactive,84,82.15,80000,7000,full_season,season_length_configured_at_new_game,draft_value_usd,4,8,16,56000,28000,112000,weekly_hire_rate_usd * selected_contract_weeks,2500,0,8,2,35,finance_v2_no_bonus_full_season_initial_draft,Initial draft buys full-season roster rights for draft_value_usd. No signing bonus. Midseason scouting uses weekly_hire_rate_usd multiplied by selected contract weeks.,"Game-derived estimate from roster tier, title status, current availability, and known public role",https://www.fightful.com/wrestling/updated-all-elite-roster/,https://www.thesmackdownhotel.com/aew-fight-forever/roster/
79,aew_aew_lena_kross,Lena Kross,AEW,AEW,Womens,MainEvent,Active,79,82.0,285000,27000,full_season,season_length_configured_at_new_game,draft_value_usd,8,12,24,324000,216000,648000,weekly_hire_rate_usd * selected_contract_weeks,9500,0,12,6,35,finance_v2_no_bonus_full_season_initial_draft,Initial draft buys full-season roster rights for draft_value_usd. No signing bonus. Midseason scouting uses weekly_hire_rate_usd multiplied by selected contract weeks.,Sourced video-game overall used as anchor; component attributes derived for GM simulation,https://www.fightful.com/wrestling/updated-all-elite-roster/,https://www.thesmackdownhotel.com/aew-fight-forever/roster/
80,wwe_smackdown_trick_williams,Trick Williams,WWE,SmackDown,Mens,Midcard,Active,84,81.85,145000,12000,full_season,season_length_configured_at_new_game,draft_value_usd,4,8,16,96000,48000,192000,weekly_hire_rate_usd * selected_contract_weeks,4000,0,8,2,25,finance_v2_no_bonus_full_season_initial_draft,Initial draft buys full-season roster rights for draft_value_usd. No signing bonus. Midseason scouting uses weekly_hire_rate_usd multiplied by selected contract weeks.,Sourced video-game overall used as anchor; component attributes derived for GM simulation,https://www.thesmackdownhotel.com/roster/wwe/smackdown/,https://www.operationsports.com/wwe-2k26-ratings-list/
81,wwe_raw_rey_mysterio,Rey Mysterio,WWE,Raw,Mens,Midcard,Active,84,81.7,115000,10000,full_season,season_length_configured_at_new_game,draft_value_usd,4,8,16,80000,40000,160000,weekly_hire_rate_usd * selected_contract_weeks,3500,0,8,2,25,finance_v2_no_bonus_full_season_initial_draft,Initial draft buys full-season roster rights for draft_value_usd. No signing bonus. Midseason scouting uses weekly_hire_rate_usd multiplied by selected contract weeks.,Sourced video-game overall used as anchor; component attributes derived for GM simulation,https://www.thesmackdownhotel.com/roster/wwe/raw/,https://www.operationsports.com/wwe-2k26-ratings-list/
82,aew_aew_thunder_rosa,Thunder Rosa,AEW,AEW,Womens,Midcard,Active,84,81.5,115000,10000,full_season,season_length_configured_at_new_game,draft_value_usd,4,8,16,80000,40000,160000,weekly_hire_rate_usd * selected_contract_weeks,3500,0,8,2,25,finance_v2_no_bonus_full_season_initial_draft,Initial draft buys full-season roster rights for draft_value_usd. No signing bonus. Midseason scouting uses weekly_hire_rate_usd multiplied by selected contract weeks.,"Game-derived estimate from roster tier, title status, current availability, and known public role",https://www.fightful.com/wrestling/updated-all-elite-roster/,https://www.thesmackdownhotel.com/aew-fight-forever/roster/
83,wwe_raw_lyra_valkyria,Lyra Valkyria,WWE,Raw,Womens,Midcard,Active,84,81.5,115000,10000,full_season,season_length_configured_at_new_game,draft_value_usd,4,8,16,80000,40000,160000,weekly_hire_rate_usd * selected_contract_weeks,3500,0,8,2,25,finance_v2_no_bonus_full_season_initial_draft,Initial draft buys full-season roster rights for draft_value_usd. No signing bonus. Midseason scouting uses weekly_hire_rate_usd multiplied by selected contract weeks.,Sourced video-game overall used as anchor; component attributes derived for GM simulation,https://www.thesmackdownhotel.com/roster/wwe/raw/,https://www.operationsports.com/wwe-2k26-ratings-list/
84,aew_aew_kris_statlander,Kris Statlander,AEW,AEW,Womens,Midcard,Active,84,81.5,115000,10000,full_season,season_length_configured_at_new_game,draft_value_usd,4,8,16,80000,40000,160000,weekly_hire_rate_usd * selected_contract_weeks,3500,0,8,2,25,finance_v2_no_bonus_full_season_initial_draft,Initial draft buys full-season roster rights for draft_value_usd. No signing bonus. Midseason scouting uses weekly_hire_rate_usd multiplied by selected contract weeks.,"Game-derived estimate from roster tier, title status, current availability, and known public role",https://www.fightful.com/wrestling/updated-all-elite-roster/,https://www.thesmackdownhotel.com/aew-fight-forever/roster/
85,aew_aew_jamie_hayter,Jamie Hayter,AEW,AEW,Womens,Midcard,Active,84,81.5,115000,10000,full_season,season_length_configured_at_new_game,draft_value_usd,4,8,16,80000,40000,160000,weekly_hire_rate_usd * selected_contract_weeks,3500,0,8,2,25,finance_v2_no_bonus_full_season_initial_draft,Initial draft buys full-season roster rights for draft_value_usd. No signing bonus. Midseason scouting uses weekly_hire_rate_usd multiplied by selected contract weeks.,"Game-derived estimate from roster tier, title status, current availability, and known public role",https://www.fightful.com/wrestling/updated-all-elite-roster/,https://www.thesmackdownhotel.com/aew-fight-forever/roster/
86,aew_aew_hikaru_shida,Hikaru Shida,AEW,AEW,Womens,Midcard,Active,84,81.5,115000,10000,full_season,season_length_configured_at_new_game,draft_value_usd,4,8,16,80000,40000,160000,weekly_hire_rate_usd * selected_contract_weeks,3500,0,8,2,25,finance_v2_no_bonus_full_season_initial_draft,Initial draft buys full-season roster rights for draft_value_usd. No signing bonus. Midseason scouting uses weekly_hire_rate_usd multiplied by selected contract weeks.,"Game-derived estimate from roster tier, title status, current availability, and known public role",https://www.fightful.com/wrestling/updated-all-elite-roster/,https://www.thesmackdownhotel.com/aew-fight-forever/roster/
87,aew_aew_athena,Athena,AEW,AEW,Womens,Midcard,Active,84,81.5,115000,10000,full_season,season_length_configured_at_new_game,draft_value_usd,4,8,16,80000,40000,160000,weekly_hire_rate_usd * selected_contract_weeks,3500,0,8,2,25,finance_v2_no_bonus_full_season_initial_draft,Initial draft buys full-season roster rights for draft_value_usd. No signing bonus. Midseason scouting uses weekly_hire_rate_usd multiplied by selected contract weeks.,"Game-derived estimate from roster tier, title status, current availability, and known public role",https://www.fightful.com/wrestling/updated-all-elite-roster/,https://www.thesmackdownhotel.com/aew-fight-forever/roster/
88,wwe_raw_ethan_page,Ethan Page,WWE,Raw,Mens,Midcard,Active,83,81.25,115000,10000,full_season,season_length_configured_at_new_game,draft_value_usd,4,8,16,80000,40000,160000,weekly_hire_rate_usd * selected_contract_weeks,3500,0,8,2,25,finance_v2_no_bonus_full_season_initial_draft,Initial draft buys full-season roster rights for draft_value_usd. No signing bonus. Midseason scouting uses weekly_hire_rate_usd multiplied by selected contract weeks.,Sourced video-game overall used as anchor; component attributes derived for GM simulation,https://www.thesmackdownhotel.com/roster/wwe/raw/,https://www.operationsports.com/wwe-2k26-ratings-list/
89,aew_aew_konosuke_takeshita,Konosuke Takeshita,AEW,AEW,Mens,Midcard,Active,84,81.1,115000,10000,full_season,season_length_configured_at_new_game,draft_value_usd,4,8,16,80000,40000,160000,weekly_hire_rate_usd * selected_contract_weeks,3500,0,8,2,25,finance_v2_no_bonus_full_season_initial_draft,Initial draft buys full-season roster rights for draft_value_usd. No signing bonus. Midseason scouting uses weekly_hire_rate_usd multiplied by selected contract weeks.,"Game-derived estimate from roster tier, title status, current availability, and known public role",https://www.fightful.com/wrestling/updated-all-elite-roster/,https://www.thesmackdownhotel.com/aew-fight-forever/roster/
90,wwe_smackdown_carmelo_hayes,Carmelo Hayes,WWE,SmackDown,Mens,Midcard,Active,84,81.1,115000,10000,full_season,season_length_configured_at_new_game,draft_value_usd,4,8,16,80000,40000,160000,weekly_hire_rate_usd * selected_contract_weeks,3500,0,8,2,25,finance_v2_no_bonus_full_season_initial_draft,Initial draft buys full-season roster rights for draft_value_usd. No signing bonus. Midseason scouting uses weekly_hire_rate_usd multiplied by selected contract weeks.,Sourced video-game overall used as anchor; component attributes derived for GM simulation,https://www.thesmackdownhotel.com/roster/wwe/smackdown/,https://www.operationsports.com/wwe-2k26-ratings-list/
91,aew_aew_hangman_adam_page,"""Hangman"" Adam Page",AEW,AEW,Mens,Midcard,Active,84,81.1,115000,10000,full_season,season_length_configured_at_new_game,draft_value_usd,4,8,16,80000,40000,160000,weekly_hire_rate_usd * selected_contract_weeks,3500,0,8,2,25,finance_v2_no_bonus_full_season_initial_draft,Initial draft buys full-season roster rights for draft_value_usd. No signing bonus. Midseason scouting uses weekly_hire_rate_usd multiplied by selected contract weeks.,Sourced video-game overall used as anchor; component attributes derived for GM simulation,https://www.fightful.com/wrestling/updated-all-elite-roster/,https://www.thesmackdownhotel.com/aew-fight-forever/roster/
92,aew_aew_kyle_fletcher,Kyle Fletcher,AEW,AEW,Mens,Midcard,Injured,84,80.35,60000,5000,full_season,season_length_configured_at_new_game,draft_value_usd,4,8,16,40000,20000,80000,weekly_hire_rate_usd * selected_contract_weeks,2500,0,8,2,35,finance_v2_no_bonus_full_season_initial_draft,Initial draft buys full-season roster rights for draft_value_usd. No signing bonus. Midseason scouting uses weekly_hire_rate_usd multiplied by selected contract weeks.,"Game-derived estimate from roster tier, title status, current availability, and known public role",https://www.fightful.com/wrestling/updated-all-elite-roster/,https://www.thesmackdownhotel.com/aew-fight-forever/roster/
93,aew_aew_shelton_benjamin,Shelton Benjamin,AEW,AEW,Mens,Midcard,Active,82,80.1,110000,9000,full_season,season_length_configured_at_new_game,draft_value_usd,4,8,16,72000,36000,144000,weekly_hire_rate_usd * selected_contract_weeks,3000,0,8,2,25,finance_v2_no_bonus_full_season_initial_draft,Initial draft buys full-season roster rights for draft_value_usd. No signing bonus. Midseason scouting uses weekly_hire_rate_usd multiplied by selected contract weeks.,Sourced video-game overall used as anchor; component attributes derived for GM simulation,https://www.fightful.com/wrestling/updated-all-elite-roster/,https://www.thesmackdownhotel.com/aew-fight-forever/roster/
94,wwe_raw_austin_theory,Austin Theory,WWE,Raw,Mens,Midcard,Active,82,80.1,110000,9000,full_season,season_length_configured_at_new_game,draft_value_usd,4,8,16,72000,36000,144000,weekly_hire_rate_usd * selected_contract_weeks,3000,0,8,2,25,finance_v2_no_bonus_full_season_initial_draft,Initial draft buys full-season roster rights for draft_value_usd. No signing bonus. Midseason scouting uses weekly_hire_rate_usd multiplied by selected contract weeks.,Sourced video-game overall used as anchor; component attributes derived for GM simulation,https://www.thesmackdownhotel.com/roster/wwe/raw/,https://www.operationsports.com/wwe-2k26-ratings-list/
95,aew_aew_adam_cole,Adam Cole,AEW,AEW,Mens,Midcard,Injured,82,79.35,60000,5000,full_season,season_length_configured_at_new_game,draft_value_usd,4,8,16,40000,20000,80000,weekly_hire_rate_usd * selected_contract_weeks,2500,0,8,2,35,finance_v2_no_bonus_full_season_initial_draft,Initial draft buys full-season roster rights for draft_value_usd. No signing bonus. Midseason scouting uses weekly_hire_rate_usd multiplied by selected contract weeks.,Sourced video-game overall used as anchor; component attributes derived for GM simulation,https://www.fightful.com/wrestling/updated-all-elite-roster/,https://www.thesmackdownhotel.com/aew-fight-forever/roster/
96,wwe_smackdown_ricky_saints,Ricky Saints,WWE,SmackDown,Mens,Midcard,Active,81,79.25,110000,9000,full_season,season_length_configured_at_new_game,draft_value_usd,4,8,16,72000,36000,144000,weekly_hire_rate_usd * selected_contract_weeks,3000,0,8,2,25,finance_v2_no_bonus_full_season_initial_draft,Initial draft buys full-season roster rights for draft_value_usd. No signing bonus. Midseason scouting uses weekly_hire_rate_usd multiplied by selected contract weeks.,Sourced video-game overall used as anchor; component attributes derived for GM simulation,https://www.thesmackdownhotel.com/roster/wwe/smackdown/,https://www.operationsports.com/wwe-2k26-ratings-list/
97,wwe_raw_joe_hendry,Joe Hendry,WWE,Raw,Mens,Midcard,Active,81,79.25,110000,9000,full_season,season_length_configured_at_new_game,draft_value_usd,4,8,16,72000,36000,144000,weekly_hire_rate_usd * selected_contract_weeks,3000,0,8,2,25,finance_v2_no_bonus_full_season_initial_draft,Initial draft buys full-season roster rights for draft_value_usd. No signing bonus. Midseason scouting uses weekly_hire_rate_usd multiplied by selected contract weeks.,Sourced video-game overall used as anchor; component attributes derived for GM simulation,https://www.thesmackdownhotel.com/roster/wwe/raw/,https://www.operationsports.com/wwe-2k26-ratings-list/
98,wwe_smackdown_michin,Michin,WWE,SmackDown,Womens,Midcard,Active,82,79.05,110000,9000,full_season,season_length_configured_at_new_game,draft_value_usd,4,8,16,72000,36000,144000,weekly_hire_rate_usd * selected_contract_weeks,3000,0,8,2,25,finance_v2_no_bonus_full_season_initial_draft,Initial draft buys full-season roster rights for draft_value_usd. No signing bonus. Midseason scouting uses weekly_hire_rate_usd multiplied by selected contract weeks.,Sourced video-game overall used as anchor; component attributes derived for GM simulation,https://www.thesmackdownhotel.com/roster/wwe/smackdown/,https://www.operationsports.com/wwe-2k26-ratings-list/
99,wwe_smackdown_the_miz,The Miz,WWE,SmackDown,Mens,Midcard,Active,80,78.65,110000,9000,full_season,season_length_configured_at_new_game,draft_value_usd,4,8,16,72000,36000,144000,weekly_hire_rate_usd * selected_contract_weeks,3000,0,8,2,25,finance_v2_no_bonus_full_season_initial_draft,Initial draft buys full-season roster rights for draft_value_usd. No signing bonus. Midseason scouting uses weekly_hire_rate_usd multiplied by selected contract weeks.,Sourced video-game overall used as anchor; component attributes derived for GM simulation,https://www.thesmackdownhotel.com/roster/wwe/smackdown/,https://www.operationsports.com/wwe-2k26-ratings-list/
100,wwe_smackdown_lash_legend,Lash Legend,WWE,SmackDown,Womens,Midcard,Active,81,78.6,110000,9000,full_season,season_length_configured_at_new_game,draft_value_usd,4,8,16,72000,36000,144000,weekly_hire_rate_usd * selected_contract_weeks,3000,0,8,2,25,finance_v2_no_bonus_full_season_initial_draft,Initial draft buys full-season roster rights for draft_value_usd. No signing bonus. Midseason scouting uses weekly_hire_rate_usd multiplied by selected contract weeks.,Sourced video-game overall used as anchor; component attributes derived for GM simulation,https://www.thesmackdownhotel.com/roster/wwe/smackdown/,https://www.operationsports.com/wwe-2k26-ratings-list/
101,wwe_smackdown_jordynne_grace,Jordynne Grace,WWE,SmackDown,Womens,Midcard,Active,81,78.6,110000,9000,full_season,season_length_configured_at_new_game,draft_value_usd,4,8,16,72000,36000,144000,weekly_hire_rate_usd * selected_contract_weeks,3000,0,8,2,25,finance_v2_no_bonus_full_season_initial_draft,Initial draft buys full-season roster rights for draft_value_usd. No signing bonus. Midseason scouting uses weekly_hire_rate_usd multiplied by selected contract weeks.,Sourced video-game overall used as anchor; component attributes derived for GM simulation,https://www.thesmackdownhotel.com/roster/wwe/smackdown/,https://www.operationsports.com/wwe-2k26-ratings-list/
102,wwe_smackdown_r_truth,R-Truth,WWE,SmackDown,Mens,Midcard,Active,80,78.2,140000,12000,full_season,season_length_configured_at_new_game,draft_value_usd,4,8,16,96000,48000,192000,weekly_hire_rate_usd * selected_contract_weeks,4000,0,8,2,25,finance_v2_no_bonus_full_season_initial_draft,Initial draft buys full-season roster rights for draft_value_usd. No signing bonus. Midseason scouting uses weekly_hire_rate_usd multiplied by selected contract weeks.,Sourced video-game overall used as anchor; component attributes derived for GM simulation,https://www.thesmackdownhotel.com/roster/wwe/smackdown/,https://www.operationsports.com/wwe-2k26-ratings-list/
103,wwe_raw_montez_ford,Montez Ford,WWE,Raw,Mens,Midcard,Active,80,77.45,105000,9000,full_season,season_length_configured_at_new_game,draft_value_usd,4,8,16,72000,36000,144000,weekly_hire_rate_usd * selected_contract_weeks,3000,0,8,2,25,finance_v2_no_bonus_full_season_initial_draft,Initial draft buys full-season roster rights for draft_value_usd. No signing bonus. Midseason scouting uses weekly_hire_rate_usd multiplied by selected contract weeks.,Sourced video-game overall used as anchor; component attributes derived for GM simulation,https://www.thesmackdownhotel.com/roster/wwe/raw/,https://www.operationsports.com/wwe-2k26-ratings-list/
104,wwe_smackdown_jacy_jayne,Jacy Jayne,WWE,SmackDown,Womens,Midcard,Active,80,76.95,105000,9000,full_season,season_length_configured_at_new_game,draft_value_usd,4,8,16,72000,36000,144000,weekly_hire_rate_usd * selected_contract_weeks,3000,0,8,2,25,finance_v2_no_bonus_full_season_initial_draft,Initial draft buys full-season roster rights for draft_value_usd. No signing bonus. Midseason scouting uses weekly_hire_rate_usd multiplied by selected contract weeks.,Sourced video-game overall used as anchor; component attributes derived for GM simulation,https://www.thesmackdownhotel.com/roster/wwe/smackdown/,https://www.operationsports.com/wwe-2k26-ratings-list/
105,wwe_nxt_kelani_jordan,Kelani Jordan,WWE,NXT,Womens,Midcard,Active,79,76.8,105000,9000,full_season,season_length_configured_at_new_game,draft_value_usd,4,8,16,72000,36000,144000,weekly_hire_rate_usd * selected_contract_weeks,3000,0,8,2,25,finance_v2_no_bonus_full_season_initial_draft,Initial draft buys full-season roster rights for draft_value_usd. No signing bonus. Midseason scouting uses weekly_hire_rate_usd multiplied by selected contract weeks.,Sourced video-game overall used as anchor; component attributes derived for GM simulation,https://www.thesmackdownhotel.com/roster/wwe/nxt/,https://www.operationsports.com/wwe-2k26-ratings-list/
106,wwe_raw_dragon_lee,Dragon Lee,WWE,Raw,Mens,Midcard,Active,79,76.75,105000,9000,full_season,season_length_configured_at_new_game,draft_value_usd,4,8,16,72000,36000,144000,weekly_hire_rate_usd * selected_contract_weeks,3000,0,8,2,25,finance_v2_no_bonus_full_season_initial_draft,Initial draft buys full-season roster rights for draft_value_usd. No signing bonus. Midseason scouting uses weekly_hire_rate_usd multiplied by selected contract weeks.,Sourced video-game overall used as anchor; component attributes derived for GM simulation,https://www.thesmackdownhotel.com/roster/wwe/raw/,https://www.operationsports.com/wwe-2k26-ratings-list/
107,wwe_nxt_tony_d_angelo,Tony D'Angelo,WWE,NXT,Mens,Midcard,Active,79,76.7,105000,9000,full_season,season_length_configured_at_new_game,draft_value_usd,4,8,16,72000,36000,144000,weekly_hire_rate_usd * selected_contract_weeks,3000,0,8,2,25,finance_v2_no_bonus_full_season_initial_draft,Initial draft buys full-season roster rights for draft_value_usd. No signing bonus. Midseason scouting uses weekly_hire_rate_usd multiplied by selected contract weeks.,Sourced video-game overall used as anchor; component attributes derived for GM simulation,https://www.thesmackdownhotel.com/roster/wwe/nxt/,https://www.operationsports.com/wwe-2k26-ratings-list/
108,wwe_raw_jd_mcdonagh,JD McDonagh,WWE,Raw,Mens,Midcard,Active,79,76.7,105000,9000,full_season,season_length_configured_at_new_game,draft_value_usd,4,8,16,72000,36000,144000,weekly_hire_rate_usd * selected_contract_weeks,3000,0,8,2,25,finance_v2_no_bonus_full_season_initial_draft,Initial draft buys full-season roster rights for draft_value_usd. No signing bonus. Midseason scouting uses weekly_hire_rate_usd multiplied by selected contract weeks.,Sourced video-game overall used as anchor; component attributes derived for GM simulation,https://www.thesmackdownhotel.com/roster/wwe/raw/,https://www.operationsports.com/wwe-2k26-ratings-list/
109,wwe_raw_je_von_evans,Je'Von Evans,WWE,Raw,Mens,Midcard,Active,78,76.2,105000,9000,full_season,season_length_configured_at_new_game,draft_value_usd,4,8,16,72000,36000,144000,weekly_hire_rate_usd * selected_contract_weeks,3000,0,8,2,25,finance_v2_no_bonus_full_season_initial_draft,Initial draft buys full-season roster rights for draft_value_usd. No signing bonus. Midseason scouting uses weekly_hire_rate_usd multiplied by selected contract weeks.,Sourced video-game overall used as anchor; component attributes derived for GM simulation,https://www.thesmackdownhotel.com/roster/wwe/raw/,https://www.operationsports.com/wwe-2k26-ratings-list/
110,wwe_raw_angelo_dawkins,Angelo Dawkins,WWE,Raw,Mens,Midcard,Active,78,76.2,105000,9000,full_season,season_length_configured_at_new_game,draft_value_usd,4,8,16,72000,36000,144000,weekly_hire_rate_usd * selected_contract_weeks,3000,0,8,2,25,finance_v2_no_bonus_full_season_initial_draft,Initial draft buys full-season roster rights for draft_value_usd. No signing bonus. Midseason scouting uses weekly_hire_rate_usd multiplied by selected contract weeks.,Sourced video-game overall used as anchor; component attributes derived for GM simulation,https://www.thesmackdownhotel.com/roster/wwe/raw/,https://www.operationsports.com/wwe-2k26-ratings-list/
111,wwe_raw_maxxine_dupri,Maxxine Dupri,WWE,Raw,Womens,Midcard,Active,78,76.1,105000,9000,full_season,season_length_configured_at_new_game,draft_value_usd,4,8,16,72000,36000,144000,weekly_hire_rate_usd * selected_contract_weeks,3000,0,8,2,25,finance_v2_no_bonus_full_season_initial_draft,Initial draft buys full-season roster rights for draft_value_usd. No signing bonus. Midseason scouting uses weekly_hire_rate_usd multiplied by selected contract weeks.,Sourced video-game overall used as anchor; component attributes derived for GM simulation,https://www.thesmackdownhotel.com/roster/wwe/raw/,https://www.operationsports.com/wwe-2k26-ratings-list/
112,wwe_nxt_lola_vice,Lola Vice,WWE,NXT,Womens,Midcard,Active,78,76.1,105000,9000,full_season,season_length_configured_at_new_game,draft_value_usd,4,8,16,72000,36000,144000,weekly_hire_rate_usd * selected_contract_weeks,3000,0,8,2,25,finance_v2_no_bonus_full_season_initial_draft,Initial draft buys full-season roster rights for draft_value_usd. No signing bonus. Midseason scouting uses weekly_hire_rate_usd multiplied by selected contract weeks.,Sourced video-game overall used as anchor; component attributes derived for GM simulation,https://www.thesmackdownhotel.com/roster/wwe/nxt/,https://www.operationsports.com/wwe-2k26-ratings-list/
113,wwe_smackdown_fallon_henley,Fallon Henley,WWE,SmackDown,Womens,Midcard,Active,78,76.1,105000,9000,full_season,season_length_configured_at_new_game,draft_value_usd,4,8,16,72000,36000,144000,weekly_hire_rate_usd * selected_contract_weeks,3000,0,8,2,25,finance_v2_no_bonus_full_season_initial_draft,Initial draft buys full-season roster rights for draft_value_usd. No signing bonus. Midseason scouting uses weekly_hire_rate_usd multiplied by selected contract weeks.,Sourced video-game overall used as anchor; component attributes derived for GM simulation,https://www.thesmackdownhotel.com/roster/wwe/smackdown/,https://www.operationsports.com/wwe-2k26-ratings-list/
114,wwe_smackdown_blake_monroe,Blake Monroe,WWE,SmackDown,Womens,Midcard,Active,78,76.1,105000,9000,full_season,season_length_configured_at_new_game,draft_value_usd,4,8,16,72000,36000,144000,weekly_hire_rate_usd * selected_contract_weeks,3000,0,8,2,25,finance_v2_no_bonus_full_season_initial_draft,Initial draft buys full-season roster rights for draft_value_usd. No signing bonus. Midseason scouting uses weekly_hire_rate_usd multiplied by selected contract weeks.,Sourced video-game overall used as anchor; component attributes derived for GM simulation,https://www.thesmackdownhotel.com/roster/wwe/smackdown/,https://www.operationsports.com/wwe-2k26-ratings-list/
115,wwe_nxt_tank_ledger,Tank Ledger,WWE,NXT,Mens,Prospect,Active,77,75.65,70000,6000,full_season,season_length_configured_at_new_game,draft_value_usd,3,6,12,36000,18000,72000,weekly_hire_rate_usd * selected_contract_weeks,2500,0,5,1,25,finance_v2_no_bonus_full_season_initial_draft,Initial draft buys full-season roster rights for draft_value_usd. No signing bonus. Midseason scouting uses weekly_hire_rate_usd multiplied by selected contract weeks.,Sourced video-game overall used as anchor; component attributes derived for GM simulation,https://www.thesmackdownhotel.com/roster/wwe/nxt/,https://www.operationsports.com/wwe-2k26-ratings-list/
116,wwe_nxt_hank_walker,Hank Walker,WWE,NXT,Mens,Prospect,Active,77,75.65,70000,6000,full_season,season_length_configured_at_new_game,draft_value_usd,3,6,12,36000,18000,72000,weekly_hire_rate_usd * selected_contract_weeks,2500,0,5,1,25,finance_v2_no_bonus_full_season_initial_draft,Initial draft buys full-season roster rights for draft_value_usd. No signing bonus. Midseason scouting uses weekly_hire_rate_usd multiplied by selected contract weeks.,Sourced video-game overall used as anchor; component attributes derived for GM simulation,https://www.thesmackdownhotel.com/roster/wwe/nxt/,https://www.operationsports.com/wwe-2k26-ratings-list/
117,wwe_raw_ivar,Ivar,WWE,Raw,Mens,Enhancement,Active,79,75.55,50000,5000,full_season,season_length_configured_at_new_game,draft_value_usd,2,4,10,20000,10000,50000,weekly_hire_rate_usd * selected_contract_weeks,2500,0,5,1,25,finance_v2_no_bonus_full_season_initial_draft,Initial draft buys full-season roster rights for draft_value_usd. No signing bonus. Midseason scouting uses weekly_hire_rate_usd multiplied by selected contract weeks.,Sourced video-game overall used as anchor; component attributes derived for GM simulation,https://www.thesmackdownhotel.com/roster/wwe/raw/,https://www.operationsports.com/wwe-2k26-ratings-list/
118,wwe_raw_sol_ruca,Sol Ruca,WWE,Raw,Womens,Prospect,Active,77,75.1,65000,5000,full_season,season_length_configured_at_new_game,draft_value_usd,3,6,12,30000,15000,60000,weekly_hire_rate_usd * selected_contract_weeks,2500,0,5,1,25,finance_v2_no_bonus_full_season_initial_draft,Initial draft buys full-season roster rights for draft_value_usd. No signing bonus. Midseason scouting uses weekly_hire_rate_usd multiplied by selected contract weeks.,Sourced video-game overall used as anchor; component attributes derived for GM simulation,https://www.thesmackdownhotel.com/roster/wwe/raw/,https://www.operationsports.com/wwe-2k26-ratings-list/
119,wwe_nxt_jaida_parker,Jaida Parker,WWE,NXT,Womens,Prospect,Active,77,75.1,65000,5000,full_season,season_length_configured_at_new_game,draft_value_usd,3,6,12,30000,15000,60000,weekly_hire_rate_usd * selected_contract_weeks,2500,0,5,1,25,finance_v2_no_bonus_full_season_initial_draft,Initial draft buys full-season roster rights for draft_value_usd. No signing bonus. Midseason scouting uses weekly_hire_rate_usd multiplied by selected contract weeks.,Sourced video-game overall used as anchor; component attributes derived for GM simulation,https://www.thesmackdownhotel.com/roster/wwe/nxt/,https://www.operationsports.com/wwe-2k26-ratings-list/
120,wwe_raw_erik,Erik,WWE,Raw,Mens,Enhancement,Active,78,74.85,50000,5000,full_season,season_length_configured_at_new_game,draft_value_usd,2,4,10,20000,10000,50000,weekly_hire_rate_usd * selected_contract_weeks,2500,0,5,1,25,finance_v2_no_bonus_full_season_initial_draft,Initial draft buys full-season roster rights for draft_value_usd. No signing bonus. Midseason scouting uses weekly_hire_rate_usd multiplied by selected contract weeks.,Sourced video-game overall used as anchor; component attributes derived for GM simulation,https://www.thesmackdownhotel.com/roster/wwe/raw/,https://www.operationsports.com/wwe-2k26-ratings-list/
121,aew_aew_m_scara_dorada,Máscara Dorada,AEW,AEW,Mens,Prospect,Inactive,76,73.85,45000,5000,full_season,season_length_configured_at_new_game,draft_value_usd,3,6,12,30000,15000,60000,weekly_hire_rate_usd * selected_contract_weeks,2500,0,5,1,35,finance_v2_no_bonus_full_season_initial_draft,Initial draft buys full-season roster rights for draft_value_usd. No signing bonus. Midseason scouting uses weekly_hire_rate_usd multiplied by selected contract weeks.,"Game-derived estimate from roster tier, title status, current availability, and known public role",https://www.fightful.com/wrestling/updated-all-elite-roster/,https://www.thesmackdownhotel.com/aew-fight-forever/roster/
122,wwe_nxt_noam_dar,Noam Dar,WWE,NXT,Mens,Prospect,Active,76,73.85,65000,5000,full_season,season_length_configured_at_new_game,draft_value_usd,3,6,12,30000,15000,60000,weekly_hire_rate_usd * selected_contract_weeks,2500,0,5,1,25,finance_v2_no_bonus_full_season_initial_draft,Initial draft buys full-season roster rights for draft_value_usd. No signing bonus. Midseason scouting uses weekly_hire_rate_usd multiplied by selected contract weeks.,Sourced video-game overall used as anchor; component attributes derived for GM simulation,https://www.thesmackdownhotel.com/roster/wwe/nxt/,https://www.operationsports.com/wwe-2k26-ratings-list/
123,wwe_raw_brutus_creed,Brutus Creed,WWE,Raw,Mens,Enhancement,Active,77,73.6,50000,5000,full_season,season_length_configured_at_new_game,draft_value_usd,2,4,10,20000,10000,50000,weekly_hire_rate_usd * selected_contract_weeks,2500,0,5,1,25,finance_v2_no_bonus_full_season_initial_draft,Initial draft buys full-season roster rights for draft_value_usd. No signing bonus. Midseason scouting uses weekly_hire_rate_usd multiplied by selected contract weeks.,Sourced video-game overall used as anchor; component attributes derived for GM simulation,https://www.thesmackdownhotel.com/roster/wwe/raw/,https://www.operationsports.com/wwe-2k26-ratings-list/
124,aew_aew_luchasaurus,Luchasaurus,AEW,AEW,Mens,Prospect,Injured,76,73.6,35000,5000,full_season,season_length_configured_at_new_game,draft_value_usd,3,6,12,30000,15000,60000,weekly_hire_rate_usd * selected_contract_weeks,2500,0,5,1,35,finance_v2_no_bonus_full_season_initial_draft,Initial draft buys full-season roster rights for draft_value_usd. No signing bonus. Midseason scouting uses weekly_hire_rate_usd multiplied by selected contract weeks.,"Game-derived estimate from roster tier, title status, current availability, and known public role",https://www.fightful.com/wrestling/updated-all-elite-roster/,https://www.thesmackdownhotel.com/aew-fight-forever/roster/
125,aew_aew_hologram,Hologram,AEW,AEW,Mens,Prospect,Injured,76,73.6,35000,5000,full_season,season_length_configured_at_new_game,draft_value_usd,3,6,12,30000,15000,60000,weekly_hire_rate_usd * selected_contract_weeks,2500,0,5,1,35,finance_v2_no_bonus_full_season_initial_draft,Initial draft buys full-season roster rights for draft_value_usd. No signing bonus. Midseason scouting uses weekly_hire_rate_usd multiplied by selected contract weeks.,"Game-derived estimate from roster tier, title status, current availability, and known public role",https://www.fightful.com/wrestling/updated-all-elite-roster/,https://www.thesmackdownhotel.com/aew-fight-forever/roster/
126,wwe_nxt_izzi_dame,Izzi Dame,WWE,NXT,Womens,Prospect,Active,76,73.5,65000,5000,full_season,season_length_configured_at_new_game,draft_value_usd,3,6,12,30000,15000,60000,weekly_hire_rate_usd * selected_contract_weeks,2500,0,5,1,25,finance_v2_no_bonus_full_season_initial_draft,Initial draft buys full-season roster rights for draft_value_usd. No signing bonus. Midseason scouting uses weekly_hire_rate_usd multiplied by selected contract weeks.,Sourced video-game overall used as anchor; component attributes derived for GM simulation,https://www.thesmackdownhotel.com/roster/wwe/nxt/,https://www.operationsports.com/wwe-2k26-ratings-list/
127,wwe_raw_ivy_nile,Ivy Nile,WWE,Raw,Womens,Prospect,Active,76,73.5,65000,5000,full_season,season_length_configured_at_new_game,draft_value_usd,3,6,12,30000,15000,60000,weekly_hire_rate_usd * selected_contract_weeks,2500,0,5,1,25,finance_v2_no_bonus_full_season_initial_draft,Initial draft buys full-season roster rights for draft_value_usd. No signing bonus. Midseason scouting uses weekly_hire_rate_usd multiplied by selected contract weeks.,Sourced video-game overall used as anchor; component attributes derived for GM simulation,https://www.thesmackdownhotel.com/roster/wwe/raw/,https://www.operationsports.com/wwe-2k26-ratings-list/
128,wwe_smackdown_johnny_gargano,Johnny Gargano,WWE,SmackDown,Mens,Enhancement,Active,76,73.45,50000,5000,full_season,season_length_configured_at_new_game,draft_value_usd,2,4,10,20000,10000,50000,weekly_hire_rate_usd * selected_contract_weeks,2500,0,5,1,25,finance_v2_no_bonus_full_season_initial_draft,Initial draft buys full-season roster rights for draft_value_usd. No signing bonus. Midseason scouting uses weekly_hire_rate_usd multiplied by selected contract weeks.,Sourced video-game overall used as anchor; component attributes derived for GM simulation,https://www.thesmackdownhotel.com/roster/wwe/smackdown/,https://www.operationsports.com/wwe-2k26-ratings-list/
129,aew_aew_the_butcher,The Butcher,AEW,AEW,Mens,Prospect,Inactive,76,73.35,45000,5000,full_season,season_length_configured_at_new_game,draft_value_usd,3,6,12,30000,15000,60000,weekly_hire_rate_usd * selected_contract_weeks,2500,0,5,1,35,finance_v2_no_bonus_full_season_initial_draft,Initial draft buys full-season roster rights for draft_value_usd. No signing bonus. Midseason scouting uses weekly_hire_rate_usd multiplied by selected contract weeks.,"Game-derived estimate from roster tier, title status, current availability, and known public role",https://www.fightful.com/wrestling/updated-all-elite-roster/,https://www.thesmackdownhotel.com/aew-fight-forever/roster/
130,aew_aew_the_blade,The Blade,AEW,AEW,Mens,Prospect,Inactive,76,73.35,45000,5000,full_season,season_length_configured_at_new_game,draft_value_usd,3,6,12,30000,15000,60000,weekly_hire_rate_usd * selected_contract_weeks,2500,0,5,1,35,finance_v2_no_bonus_full_season_initial_draft,Initial draft buys full-season roster rights for draft_value_usd. No signing bonus. Midseason scouting uses weekly_hire_rate_usd multiplied by selected contract weeks.,"Game-derived estimate from roster tier, title status, current availability, and known public role",https://www.fightful.com/wrestling/updated-all-elite-roster/,https://www.thesmackdownhotel.com/aew-fight-forever/roster/
131,aew_aew_paul_wight,Paul Wight,AEW,AEW,Mens,Prospect,Inactive,76,73.35,45000,5000,full_season,season_length_configured_at_new_game,draft_value_usd,3,6,12,30000,15000,60000,weekly_hire_rate_usd * selected_contract_weeks,2500,0,5,1,35,finance_v2_no_bonus_full_season_initial_draft,Initial draft buys full-season roster rights for draft_value_usd. No signing bonus. Midseason scouting uses weekly_hire_rate_usd multiplied by selected contract weeks.,"Game-derived estimate from roster tier, title status, current availability, and known public role",https://www.fightful.com/wrestling/updated-all-elite-roster/,https://www.thesmackdownhotel.com/aew-fight-forever/roster/
132,aew_aew_nick_comoroto,Nick Comoroto,AEW,AEW,Mens,Prospect,Inactive,76,73.35,45000,5000,full_season,season_length_configured_at_new_game,draft_value_usd,3,6,12,30000,15000,60000,weekly_hire_rate_usd * selected_contract_weeks,2500,0,5,1,35,finance_v2_no_bonus_full_season_initial_draft,Initial draft buys full-season roster rights for draft_value_usd. No signing bonus. Midseason scouting uses weekly_hire_rate_usd multiplied by selected contract weeks.,"Game-derived estimate from roster tier, title status, current availability, and known public role",https://www.fightful.com/wrestling/updated-all-elite-roster/,https://www.thesmackdownhotel.com/aew-fight-forever/roster/
133,aew_aew_mike_bennett,Mike Bennett,AEW,AEW,Mens,Prospect,Inactive,76,73.35,45000,5000,full_season,season_length_configured_at_new_game,draft_value_usd,3,6,12,30000,15000,60000,weekly_hire_rate_usd * selected_contract_weeks,2500,0,5,1,35,finance_v2_no_bonus_full_season_initial_draft,Initial draft buys full-season roster rights for draft_value_usd. No signing bonus. Midseason scouting uses weekly_hire_rate_usd multiplied by selected contract weeks.,"Game-derived estimate from roster tier, title status, current availability, and known public role",https://www.fightful.com/wrestling/updated-all-elite-roster/,https://www.thesmackdownhotel.com/aew-fight-forever/roster/
134,aew_aew_michael_nakazawa,Michael Nakazawa,AEW,AEW,Mens,Prospect,Inactive,76,73.35,45000,5000,full_season,season_length_configured_at_new_game,draft_value_usd,3,6,12,30000,15000,60000,weekly_hire_rate_usd * selected_contract_weeks,2500,0,5,1,35,finance_v2_no_bonus_full_season_initial_draft,Initial draft buys full-season roster rights for draft_value_usd. No signing bonus. Midseason scouting uses weekly_hire_rate_usd multiplied by selected contract weeks.,"Game-derived estimate from roster tier, title status, current availability, and known public role",https://www.fightful.com/wrestling/updated-all-elite-roster/,https://www.thesmackdownhotel.com/aew-fight-forever/roster/
135,aew_aew_matt_sydal,Matt Sydal,AEW,AEW,Mens,Prospect,Inactive,76,73.35,45000,5000,full_season,season_length_configured_at_new_game,draft_value_usd,3,6,12,30000,15000,60000,weekly_hire_rate_usd * selected_contract_weeks,2500,0,5,1,35,finance_v2_no_bonus_full_season_initial_draft,Initial draft buys full-season roster rights for draft_value_usd. No signing bonus. Midseason scouting uses weekly_hire_rate_usd multiplied by selected contract weeks.,"Game-derived estimate from roster tier, title status, current availability, and known public role",https://www.fightful.com/wrestling/updated-all-elite-roster/,https://www.thesmackdownhotel.com/aew-fight-forever/roster/
136,aew_aew_kip_sabian,Kip Sabian,AEW,AEW,Mens,Prospect,Inactive,76,73.35,45000,5000,full_season,season_length_configured_at_new_game,draft_value_usd,3,6,12,30000,15000,60000,weekly_hire_rate_usd * selected_contract_weeks,2500,0,5,1,35,finance_v2_no_bonus_full_season_initial_draft,Initial draft buys full-season roster rights for draft_value_usd. No signing bonus. Midseason scouting uses weekly_hire_rate_usd multiplied by selected contract weeks.,"Game-derived estimate from roster tier, title status, current availability, and known public role",https://www.fightful.com/wrestling/updated-all-elite-roster/,https://www.thesmackdownhotel.com/aew-fight-forever/roster/
137,aew_aew_keith_lee,Keith Lee,AEW,AEW,Mens,Prospect,Inactive,76,73.35,45000,5000,full_season,season_length_configured_at_new_game,draft_value_usd,3,6,12,30000,15000,60000,weekly_hire_rate_usd * selected_contract_weeks,2500,0,5,1,35,finance_v2_no_bonus_full_season_initial_draft,Initial draft buys full-season roster rights for draft_value_usd. No signing bonus. Midseason scouting uses weekly_hire_rate_usd multiplied by selected contract weeks.,"Game-derived estimate from roster tier, title status, current availability, and known public role",https://www.fightful.com/wrestling/updated-all-elite-roster/,https://www.thesmackdownhotel.com/aew-fight-forever/roster/
138,aew_aew_jeff_jarrett_w_karen_jarrett,Jeff Jarrett ( w/ Karen Jarrett),AEW,AEW,Mens,Prospect,Inactive,76,73.35,45000,5000,full_season,season_length_configured_at_new_game,draft_value_usd,3,6,12,30000,15000,60000,weekly_hire_rate_usd * selected_contract_weeks,2500,0,5,1,35,finance_v2_no_bonus_full_season_initial_draft,Initial draft buys full-season roster rights for draft_value_usd. No signing bonus. Midseason scouting uses weekly_hire_rate_usd multiplied by selected contract weeks.,"Game-derived estimate from roster tier, title status, current availability, and known public role",https://www.fightful.com/wrestling/updated-all-elite-roster/,https://www.thesmackdownhotel.com/aew-fight-forever/roster/
139,aew_aew_colt_cabana,Colt Cabana,AEW,AEW,Mens,Prospect,Inactive,76,73.35,45000,5000,full_season,season_length_configured_at_new_game,draft_value_usd,3,6,12,30000,15000,60000,weekly_hire_rate_usd * selected_contract_weeks,2500,0,5,1,35,finance_v2_no_bonus_full_season_initial_draft,Initial draft buys full-season roster rights for draft_value_usd. No signing bonus. Midseason scouting uses weekly_hire_rate_usd multiplied by selected contract weeks.,"Game-derived estimate from roster tier, title status, current availability, and known public role",https://www.fightful.com/wrestling/updated-all-elite-roster/,https://www.thesmackdownhotel.com/aew-fight-forever/roster/
140,aew_aew_brandon_cutler,Brandon Cutler,AEW,AEW,Mens,Prospect,Inactive,76,73.35,45000,5000,full_season,season_length_configured_at_new_game,draft_value_usd,3,6,12,30000,15000,60000,weekly_hire_rate_usd * selected_contract_weeks,2500,0,5,1,35,finance_v2_no_bonus_full_season_initial_draft,Initial draft buys full-season roster rights for draft_value_usd. No signing bonus. Midseason scouting uses weekly_hire_rate_usd multiplied by selected contract weeks.,"Game-derived estimate from roster tier, title status, current availability, and known public role",https://www.fightful.com/wrestling/updated-all-elite-roster/,https://www.thesmackdownhotel.com/aew-fight-forever/roster/
141,aew_aew_billy_gunn,Billy Gunn,AEW,AEW,Mens,Prospect,Inactive,76,73.35,45000,5000,full_season,season_length_configured_at_new_game,draft_value_usd,3,6,12,30000,15000,60000,weekly_hire_rate_usd * selected_contract_weeks,2500,0,5,1,35,finance_v2_no_bonus_full_season_initial_draft,Initial draft buys full-season roster rights for draft_value_usd. No signing bonus. Midseason scouting uses weekly_hire_rate_usd multiplied by selected contract weeks.,"Game-derived estimate from roster tier, title status, current availability, and known public role",https://www.fightful.com/wrestling/updated-all-elite-roster/,https://www.thesmackdownhotel.com/aew-fight-forever/roster/
142,aew_aew_marq_quen,Marq Quen,AEW,AEW,Mens,Prospect,Injured,76,73.1,35000,5000,full_season,season_length_configured_at_new_game,draft_value_usd,3,6,12,30000,15000,60000,weekly_hire_rate_usd * selected_contract_weeks,2500,0,5,1,35,finance_v2_no_bonus_full_season_initial_draft,Initial draft buys full-season roster rights for draft_value_usd. No signing bonus. Midseason scouting uses weekly_hire_rate_usd multiplied by selected contract weeks.,"Game-derived estimate from roster tier, title status, current availability, and known public role",https://www.fightful.com/wrestling/updated-all-elite-roster/,https://www.thesmackdownhotel.com/aew-fight-forever/roster/
143,aew_aew_kota_ibushi,Kota Ibushi,AEW,AEW,Mens,Prospect,Injured,76,73.1,35000,5000,full_season,season_length_configured_at_new_game,draft_value_usd,3,6,12,30000,15000,60000,weekly_hire_rate_usd * selected_contract_weeks,2500,0,5,1,35,finance_v2_no_bonus_full_season_initial_draft,Initial draft buys full-season roster rights for draft_value_usd. No signing bonus. Midseason scouting uses weekly_hire_rate_usd multiplied by selected contract weeks.,"Game-derived estimate from roster tier, title status, current availability, and known public role",https://www.fightful.com/wrestling/updated-all-elite-roster/,https://www.thesmackdownhotel.com/aew-fight-forever/roster/
144,aew_aew_josh_alexander,Josh Alexander,AEW,AEW,Mens,Prospect,Injured,76,73.1,35000,5000,full_season,season_length_configured_at_new_game,draft_value_usd,3,6,12,30000,15000,60000,weekly_hire_rate_usd * selected_contract_weeks,2500,0,5,1,35,finance_v2_no_bonus_full_season_initial_draft,Initial draft buys full-season roster rights for draft_value_usd. No signing bonus. Midseason scouting uses weekly_hire_rate_usd multiplied by selected contract weeks.,"Game-derived estimate from roster tier, title status, current availability, and known public role",https://www.fightful.com/wrestling/updated-all-elite-roster/,https://www.thesmackdownhotel.com/aew-fight-forever/roster/
145,aew_aew_jake_doyle,Jake Doyle,AEW,AEW,Mens,Prospect,Injured,76,73.1,35000,5000,full_season,season_length_configured_at_new_game,draft_value_usd,3,6,12,30000,15000,60000,weekly_hire_rate_usd * selected_contract_weeks,2500,0,5,1,35,finance_v2_no_bonus_full_season_initial_draft,Initial draft buys full-season roster rights for draft_value_usd. No signing bonus. Midseason scouting uses weekly_hire_rate_usd multiplied by selected contract weeks.,"Game-derived estimate from roster tier, title status, current availability, and known public role",https://www.fightful.com/wrestling/updated-all-elite-roster/,https://www.thesmackdownhotel.com/aew-fight-forever/roster/
146,aew_aew_dustin_rhodes,Dustin Rhodes,AEW,AEW,Mens,Prospect,Injured,76,73.1,35000,5000,full_season,season_length_configured_at_new_game,draft_value_usd,3,6,12,30000,15000,60000,weekly_hire_rate_usd * selected_contract_weeks,2500,0,5,1,35,finance_v2_no_bonus_full_season_initial_draft,Initial draft buys full-season roster rights for draft_value_usd. No signing bonus. Midseason scouting uses weekly_hire_rate_usd multiplied by selected contract weeks.,"Game-derived estimate from roster tier, title status, current availability, and known public role",https://www.fightful.com/wrestling/updated-all-elite-roster/,https://www.thesmackdownhotel.com/aew-fight-forever/roster/
147,aew_aew_buddy_matthews,Buddy Matthews,AEW,AEW,Mens,Prospect,Injured,76,73.1,35000,5000,full_season,season_length_configured_at_new_game,draft_value_usd,3,6,12,30000,15000,60000,weekly_hire_rate_usd * selected_contract_weeks,2500,0,5,1,35,finance_v2_no_bonus_full_season_initial_draft,Initial draft buys full-season roster rights for draft_value_usd. No signing bonus. Midseason scouting uses weekly_hire_rate_usd multiplied by selected contract weeks.,"Game-derived estimate from roster tier, title status, current availability, and known public role",https://www.fightful.com/wrestling/updated-all-elite-roster/,https://www.thesmackdownhotel.com/aew-fight-forever/roster/
148,aew_aew_yuka_sakazaki,Yuka Sakazaki,AEW,AEW,Womens,Prospect,Inactive,76,73.0,40000,5000,full_season,season_length_configured_at_new_game,draft_value_usd,3,6,12,30000,15000,60000,weekly_hire_rate_usd * selected_contract_weeks,2500,0,5,1,35,finance_v2_no_bonus_full_season_initial_draft,Initial draft buys full-season roster rights for draft_value_usd. No signing bonus. Midseason scouting uses weekly_hire_rate_usd multiplied by selected contract weeks.,"Game-derived estimate from roster tier, title status, current availability, and known public role",https://www.fightful.com/wrestling/updated-all-elite-roster/,https://www.thesmackdownhotel.com/aew-fight-forever/roster/
149,aew_aew_ruby_soho,Ruby Soho,AEW,AEW,Womens,Prospect,Unavailable,76,73.0,25000,5000,full_season,season_length_configured_at_new_game,draft_value_usd,3,6,12,30000,15000,60000,weekly_hire_rate_usd * selected_contract_weeks,2500,0,5,1,35,finance_v2_no_bonus_full_season_initial_draft,Initial draft buys full-season roster rights for draft_value_usd. No signing bonus. Midseason scouting uses weekly_hire_rate_usd multiplied by selected contract weeks.,"Game-derived estimate from roster tier, title status, current availability, and known public role",https://www.fightful.com/wrestling/updated-all-elite-roster/,https://www.thesmackdownhotel.com/aew-fight-forever/roster/
150,aew_aew_rebel,Rebel,AEW,AEW,Womens,Prospect,Inactive,76,73.0,40000,5000,full_season,season_length_configured_at_new_game,draft_value_usd,3,6,12,30000,15000,60000,weekly_hire_rate_usd * selected_contract_weeks,2500,0,5,1,35,finance_v2_no_bonus_full_season_initial_draft,Initial draft buys full-season roster rights for draft_value_usd. No signing bonus. Midseason scouting uses weekly_hire_rate_usd multiplied by selected contract weeks.,"Game-derived estimate from roster tier, title status, current availability, and known public role",https://www.fightful.com/wrestling/updated-all-elite-roster/,https://www.thesmackdownhotel.com/aew-fight-forever/roster/
151,aew_aew_emi_sakura,Emi Sakura,AEW,AEW,Womens,Prospect,Inactive,76,73.0,40000,5000,full_season,season_length_configured_at_new_game,draft_value_usd,3,6,12,30000,15000,60000,weekly_hire_rate_usd * selected_contract_weeks,2500,0,5,1,35,finance_v2_no_bonus_full_season_initial_draft,Initial draft buys full-season roster rights for draft_value_usd. No signing bonus. Midseason scouting uses weekly_hire_rate_usd multiplied by selected contract weeks.,"Game-derived estimate from roster tier, title status, current availability, and known public role",https://www.fightful.com/wrestling/updated-all-elite-roster/,https://www.thesmackdownhotel.com/aew-fight-forever/roster/
152,wwe_smackdown_nathan_frazer,Nathan Frazer,WWE,SmackDown,Mens,Enhancement,Active,76,72.95,45000,5000,full_season,season_length_configured_at_new_game,draft_value_usd,2,4,10,20000,10000,50000,weekly_hire_rate_usd * selected_contract_weeks,2500,0,5,1,25,finance_v2_no_bonus_full_season_initial_draft,Initial draft buys full-season roster rights for draft_value_usd. No signing bonus. Midseason scouting uses weekly_hire_rate_usd multiplied by selected contract weeks.,Sourced video-game overall used as anchor; component attributes derived for GM simulation,https://www.thesmackdownhotel.com/roster/wwe/smackdown/,https://www.operationsports.com/wwe-2k26-ratings-list/
153,wwe_nxt_charlie_dempsey,Charlie Dempsey,WWE,NXT,Mens,Prospect,Active,75,72.95,60000,5000,full_season,season_length_configured_at_new_game,draft_value_usd,3,6,12,30000,15000,60000,weekly_hire_rate_usd * selected_contract_weeks,2500,0,5,1,25,finance_v2_no_bonus_full_season_initial_draft,Initial draft buys full-season roster rights for draft_value_usd. No signing bonus. Midseason scouting uses weekly_hire_rate_usd multiplied by selected contract weeks.,Sourced video-game overall used as anchor; component attributes derived for GM simulation,https://www.thesmackdownhotel.com/roster/wwe/nxt/,https://www.operationsports.com/wwe-2k26-ratings-list/
154,aew_aew_nyla_rose,Nyla Rose,AEW,AEW,Womens,Prospect,Inactive,76,72.85,40000,5000,full_season,season_length_configured_at_new_game,draft_value_usd,3,6,12,30000,15000,60000,weekly_hire_rate_usd * selected_contract_weeks,2500,0,5,1,35,finance_v2_no_bonus_full_season_initial_draft,Initial draft buys full-season roster rights for draft_value_usd. No signing bonus. Midseason scouting uses weekly_hire_rate_usd multiplied by selected contract weeks.,"Game-derived estimate from roster tier, title status, current availability, and known public role",https://www.fightful.com/wrestling/updated-all-elite-roster/,https://www.thesmackdownhotel.com/aew-fight-forever/roster/
155,wwe_smackdown_axiom,Axiom,WWE,SmackDown,Mens,Enhancement,Active,75,72.85,45000,5000,full_season,season_length_configured_at_new_game,draft_value_usd,2,4,10,20000,10000,50000,weekly_hire_rate_usd * selected_contract_weeks,2500,0,5,1,25,finance_v2_no_bonus_full_season_initial_draft,Initial draft buys full-season roster rights for draft_value_usd. No signing bonus. Midseason scouting uses weekly_hire_rate_usd multiplied by selected contract weeks.,Sourced video-game overall used as anchor; component attributes derived for GM simulation,https://www.thesmackdownhotel.com/roster/wwe/smackdown/,https://www.operationsports.com/wwe-2k26-ratings-list/
156,aew_aew_persephone,Persephone,AEW,AEW,Womens,Prospect,Injured,76,72.75,35000,5000,full_season,season_length_configured_at_new_game,draft_value_usd,3,6,12,30000,15000,60000,weekly_hire_rate_usd * selected_contract_weeks,2500,0,5,1,35,finance_v2_no_bonus_full_season_initial_draft,Initial draft buys full-season roster rights for draft_value_usd. No signing bonus. Midseason scouting uses weekly_hire_rate_usd multiplied by selected contract weeks.,"Game-derived estimate from roster tier, title status, current availability, and known public role",https://www.fightful.com/wrestling/updated-all-elite-roster/,https://www.thesmackdownhotel.com/aew-fight-forever/roster/
157,aew_aew_penelope_ford,Penelope Ford,AEW,AEW,Womens,Prospect,Injured,76,72.75,35000,5000,full_season,season_length_configured_at_new_game,draft_value_usd,3,6,12,30000,15000,60000,weekly_hire_rate_usd * selected_contract_weeks,2500,0,5,1,35,finance_v2_no_bonus_full_season_initial_draft,Initial draft buys full-season roster rights for draft_value_usd. No signing bonus. Midseason scouting uses weekly_hire_rate_usd multiplied by selected contract weeks.,"Game-derived estimate from roster tier, title status, current availability, and known public role",https://www.fightful.com/wrestling/updated-all-elite-roster/,https://www.thesmackdownhotel.com/aew-fight-forever/roster/
158,aew_aew_leila_grey,Leila Grey,AEW,AEW,Womens,Prospect,Injured,76,72.75,35000,5000,full_season,season_length_configured_at_new_game,draft_value_usd,3,6,12,30000,15000,60000,weekly_hire_rate_usd * selected_contract_weeks,2500,0,5,1,35,finance_v2_no_bonus_full_season_initial_draft,Initial draft buys full-season roster rights for draft_value_usd. No signing bonus. Midseason scouting uses weekly_hire_rate_usd multiplied by selected contract weeks.,"Game-derived estimate from roster tier, title status, current availability, and known public role",https://www.fightful.com/wrestling/updated-all-elite-roster/,https://www.thesmackdownhotel.com/aew-fight-forever/roster/
159,wwe_nxt_myles_borne,Myles Borne,WWE,NXT,Mens,Prospect,Active,75,72.65,60000,5000,full_season,season_length_configured_at_new_game,draft_value_usd,3,6,12,30000,15000,60000,weekly_hire_rate_usd * selected_contract_weeks,2500,0,5,1,25,finance_v2_no_bonus_full_season_initial_draft,Initial draft buys full-season roster rights for draft_value_usd. No signing bonus. Midseason scouting uses weekly_hire_rate_usd multiplied by selected contract weeks.,Sourced video-game overall used as anchor; component attributes derived for GM simulation,https://www.thesmackdownhotel.com/roster/wwe/nxt/,https://www.operationsports.com/wwe-2k26-ratings-list/
160,aew_aew_kamille,Kamille,AEW,AEW,Womens,Prospect,Active,74,72.55,60000,5000,full_season,season_length_configured_at_new_game,draft_value_usd,3,6,12,30000,15000,60000,weekly_hire_rate_usd * selected_contract_weeks,2500,0,5,1,25,finance_v2_no_bonus_full_season_initial_draft,Initial draft buys full-season roster rights for draft_value_usd. No signing bonus. Midseason scouting uses weekly_hire_rate_usd multiplied by selected contract weeks.,"Game-derived estimate from roster tier, title status, current availability, and known public role",https://www.fightful.com/wrestling/updated-all-elite-roster/,https://www.thesmackdownhotel.com/aew-fight-forever/roster/
161,aew_aew_zack_gibson,Zack Gibson,AEW,AEW,Mens,Prospect,Active,74,72.3,60000,5000,full_season,season_length_configured_at_new_game,draft_value_usd,3,6,12,30000,15000,60000,weekly_hire_rate_usd * selected_contract_weeks,2500,0,5,1,25,finance_v2_no_bonus_full_season_initial_draft,Initial draft buys full-season roster rights for draft_value_usd. No signing bonus. Midseason scouting uses weekly_hire_rate_usd multiplied by selected contract weeks.,"Game-derived estimate from roster tier, title status, current availability, and known public role",https://www.fightful.com/wrestling/updated-all-elite-roster/,https://www.thesmackdownhotel.com/aew-fight-forever/roster/
162,aew_aew_wheeler_yuta,Wheeler Yuta,AEW,AEW,Mens,Prospect,Active,74,72.3,60000,5000,full_season,season_length_configured_at_new_game,draft_value_usd,3,6,12,30000,15000,60000,weekly_hire_rate_usd * selected_contract_weeks,2500,0,5,1,25,finance_v2_no_bonus_full_season_initial_draft,Initial draft buys full-season roster rights for draft_value_usd. No signing bonus. Midseason scouting uses weekly_hire_rate_usd multiplied by selected contract weeks.,"Game-derived estimate from roster tier, title status, current availability, and known public role",https://www.fightful.com/wrestling/updated-all-elite-roster/,https://www.thesmackdownhotel.com/aew-fight-forever/roster/
163,aew_aew_katsuyori_shibata,Katsuyori Shibata,AEW,AEW,Mens,Prospect,Active,74,72.3,60000,5000,full_season,season_length_configured_at_new_game,draft_value_usd,3,6,12,30000,15000,60000,weekly_hire_rate_usd * selected_contract_weeks,2500,0,5,1,25,finance_v2_no_bonus_full_season_initial_draft,Initial draft buys full-season roster rights for draft_value_usd. No signing bonus. Midseason scouting uses weekly_hire_rate_usd multiplied by selected contract weeks.,"Game-derived estimate from roster tier, title status, current availability, and known public role",https://www.fightful.com/wrestling/updated-all-elite-roster/,https://www.thesmackdownhotel.com/aew-fight-forever/roster/
164,aew_aew_daniel_garcia,Daniel Garcia,AEW,AEW,Mens,Prospect,Active,74,72.3,60000,5000,full_season,season_length_configured_at_new_game,draft_value_usd,3,6,12,30000,15000,60000,weekly_hire_rate_usd * selected_contract_weeks,2500,0,5,1,25,finance_v2_no_bonus_full_season_initial_draft,Initial draft buys full-season roster rights for draft_value_usd. No signing bonus. Midseason scouting uses weekly_hire_rate_usd multiplied by selected contract weeks.,"Game-derived estimate from roster tier, title status, current availability, and known public role",https://www.fightful.com/wrestling/updated-all-elite-roster/,https://www.thesmackdownhotel.com/aew-fight-forever/roster/
165,aew_aew_bad_apple_bryan_keith,Bad Apple Bryan Keith,AEW,AEW,Mens,Prospect,Active,74,72.3,60000,5000,full_season,season_length_configured_at_new_game,draft_value_usd,3,6,12,30000,15000,60000,weekly_hire_rate_usd * selected_contract_weeks,2500,0,5,1,25,finance_v2_no_bonus_full_season_initial_draft,Initial draft buys full-season roster rights for draft_value_usd. No signing bonus. Midseason scouting uses weekly_hire_rate_usd multiplied by selected contract weeks.,"Game-derived estimate from roster tier, title status, current availability, and known public role",https://www.fightful.com/wrestling/updated-all-elite-roster/,https://www.thesmackdownhotel.com/aew-fight-forever/roster/
166,aew_aew_wardlow,Wardlow,AEW,AEW,Mens,Prospect,Injured,76,72.25,35000,5000,full_season,season_length_configured_at_new_game,draft_value_usd,3,6,12,30000,15000,60000,weekly_hire_rate_usd * selected_contract_weeks,2500,0,5,1,35,finance_v2_no_bonus_full_season_initial_draft,Initial draft buys full-season roster rights for draft_value_usd. No signing bonus. Midseason scouting uses weekly_hire_rate_usd multiplied by selected contract weeks.,"Game-derived estimate from roster tier, title status, current availability, and known public role",https://www.fightful.com/wrestling/updated-all-elite-roster/,https://www.thesmackdownhotel.com/aew-fight-forever/roster/
167,aew_aew_brian_cage,Brian Cage,AEW,AEW,Mens,Prospect,Injured,76,72.25,35000,5000,full_season,season_length_configured_at_new_game,draft_value_usd,3,6,12,30000,15000,60000,weekly_hire_rate_usd * selected_contract_weeks,2500,0,5,1,35,finance_v2_no_bonus_full_season_initial_draft,Initial draft buys full-season roster rights for draft_value_usd. No signing bonus. Midseason scouting uses weekly_hire_rate_usd multiplied by selected contract weeks.,"Game-derived estimate from roster tier, title status, current availability, and known public role",https://www.fightful.com/wrestling/updated-all-elite-roster/,https://www.thesmackdownhotel.com/aew-fight-forever/roster/
168,aew_aew_satnam_singh,Satnam Singh,AEW,AEW,Mens,Prospect,Active,74,72.05,60000,5000,full_season,season_length_configured_at_new_game,draft_value_usd,3,6,12,30000,15000,60000,weekly_hire_rate_usd * selected_contract_weeks,2500,0,5,1,25,finance_v2_no_bonus_full_season_initial_draft,Initial draft buys full-season roster rights for draft_value_usd. No signing bonus. Midseason scouting uses weekly_hire_rate_usd multiplied by selected contract weeks.,"Game-derived estimate from roster tier, title status, current availability, and known public role",https://www.fightful.com/wrestling/updated-all-elite-roster/,https://www.thesmackdownhotel.com/aew-fight-forever/roster/
169,aew_aew_myron_reed,Myron Reed,AEW,AEW,Mens,Prospect,Active,74,72.05,60000,5000,full_season,season_length_configured_at_new_game,draft_value_usd,3,6,12,30000,15000,60000,weekly_hire_rate_usd * selected_contract_weeks,2500,0,5,1,25,finance_v2_no_bonus_full_season_initial_draft,Initial draft buys full-season roster rights for draft_value_usd. No signing bonus. Midseason scouting uses weekly_hire_rate_usd multiplied by selected contract weeks.,"Game-derived estimate from roster tier, title status, current availability, and known public role",https://www.fightful.com/wrestling/updated-all-elite-roster/,https://www.thesmackdownhotel.com/aew-fight-forever/roster/
170,aew_aew_lance_archer,Lance Archer,AEW,AEW,Mens,Prospect,Active,74,72.05,60000,5000,full_season,season_length_configured_at_new_game,draft_value_usd,3,6,12,30000,15000,60000,weekly_hire_rate_usd * selected_contract_weeks,2500,0,5,1,25,finance_v2_no_bonus_full_season_initial_draft,Initial draft buys full-season roster rights for draft_value_usd. No signing bonus. Midseason scouting uses weekly_hire_rate_usd multiplied by selected contract weeks.,"Game-derived estimate from roster tier, title status, current availability, and known public role",https://www.fightful.com/wrestling/updated-all-elite-roster/,https://www.thesmackdownhotel.com/aew-fight-forever/roster/
171,aew_aew_zachary_wentz,Zachary Wentz,AEW,AEW,Mens,Prospect,Active,74,71.85,60000,5000,full_season,season_length_configured_at_new_game,draft_value_usd,3,6,12,30000,15000,60000,weekly_hire_rate_usd * selected_contract_weeks,2500,0,5,1,25,finance_v2_no_bonus_full_season_initial_draft,Initial draft buys full-season roster rights for draft_value_usd. No signing bonus. Midseason scouting uses weekly_hire_rate_usd multiplied by selected contract weeks.,"Game-derived estimate from roster tier, title status, current availability, and known public role",https://www.fightful.com/wrestling/updated-all-elite-roster/,https://www.thesmackdownhotel.com/aew-fight-forever/roster/
172,aew_aew_turbo_floyd,Turbo Floyd,AEW,AEW,Mens,Prospect,Active,74,71.85,60000,5000,full_season,season_length_configured_at_new_game,draft_value_usd,3,6,12,30000,15000,60000,weekly_hire_rate_usd * selected_contract_weeks,2500,0,5,1,25,finance_v2_no_bonus_full_season_initial_draft,Initial draft buys full-season roster rights for draft_value_usd. No signing bonus. Midseason scouting uses weekly_hire_rate_usd multiplied by selected contract weeks.,"Game-derived estimate from roster tier, title status, current availability, and known public role",https://www.fightful.com/wrestling/updated-all-elite-roster/,https://www.thesmackdownhotel.com/aew-fight-forever/roster/
173,aew_aew_truth_magnum,Truth Magnum,AEW,AEW,Mens,Prospect,Active,74,71.85,60000,5000,full_season,season_length_configured_at_new_game,draft_value_usd,3,6,12,30000,15000,60000,weekly_hire_rate_usd * selected_contract_weeks,2500,0,5,1,25,finance_v2_no_bonus_full_season_initial_draft,Initial draft buys full-season roster rights for draft_value_usd. No signing bonus. Midseason scouting uses weekly_hire_rate_usd multiplied by selected contract weeks.,"Game-derived estimate from roster tier, title status, current availability, and known public role",https://www.fightful.com/wrestling/updated-all-elite-roster/,https://www.thesmackdownhotel.com/aew-fight-forever/roster/
174,aew_aew_trent_beretta,Trent Beretta,AEW,AEW,Mens,Prospect,Active,74,71.85,60000,5000,full_season,season_length_configured_at_new_game,draft_value_usd,3,6,12,30000,15000,60000,weekly_hire_rate_usd * selected_contract_weeks,2500,0,5,1,25,finance_v2_no_bonus_full_season_initial_draft,Initial draft buys full-season roster rights for draft_value_usd. No signing bonus. Midseason scouting uses weekly_hire_rate_usd multiplied by selected contract weeks.,"Game-derived estimate from roster tier, title status, current availability, and known public role",https://www.fightful.com/wrestling/updated-all-elite-roster/,https://www.thesmackdownhotel.com/aew-fight-forever/roster/
175,aew_aew_tony_nese,Tony Nese,AEW,AEW,Mens,Prospect,Active,74,71.85,60000,5000,full_season,season_length_configured_at_new_game,draft_value_usd,3,6,12,30000,15000,60000,weekly_hire_rate_usd * selected_contract_weeks,2500,0,5,1,25,finance_v2_no_bonus_full_season_initial_draft,Initial draft buys full-season roster rights for draft_value_usd. No signing bonus. Midseason scouting uses weekly_hire_rate_usd multiplied by selected contract weeks.,"Game-derived estimate from roster tier, title status, current availability, and known public role",https://www.fightful.com/wrestling/updated-all-elite-roster/,https://www.thesmackdownhotel.com/aew-fight-forever/roster/
176,aew_aew_tommy_billington,Tommy Billington,AEW,AEW,Mens,Prospect,Active,74,71.85,60000,5000,full_season,season_length_configured_at_new_game,draft_value_usd,3,6,12,30000,15000,60000,weekly_hire_rate_usd * selected_contract_weeks,2500,0,5,1,25,finance_v2_no_bonus_full_season_initial_draft,Initial draft buys full-season roster rights for draft_value_usd. No signing bonus. Midseason scouting uses weekly_hire_rate_usd multiplied by selected contract weeks.,"Game-derived estimate from roster tier, title status, current availability, and known public role",https://www.fightful.com/wrestling/updated-all-elite-roster/,https://www.thesmackdownhotel.com/aew-fight-forever/roster/
177,aew_aew_toa_liona,Toa Liona,AEW,AEW,Mens,Prospect,Active,74,71.85,60000,5000,full_season,season_length_configured_at_new_game,draft_value_usd,3,6,12,30000,15000,60000,weekly_hire_rate_usd * selected_contract_weeks,2500,0,5,1,25,finance_v2_no_bonus_full_season_initial_draft,Initial draft buys full-season roster rights for draft_value_usd. No signing bonus. Midseason scouting uses weekly_hire_rate_usd multiplied by selected contract weeks.,"Game-derived estimate from roster tier, title status, current availability, and known public role",https://www.fightful.com/wrestling/updated-all-elite-roster/,https://www.thesmackdownhotel.com/aew-fight-forever/roster/
178,aew_aew_the_beast_mortos,The Beast Mortos,AEW,AEW,Mens,Prospect,Active,74,71.85,60000,5000,full_season,season_length_configured_at_new_game,draft_value_usd,3,6,12,30000,15000,60000,weekly_hire_rate_usd * selected_contract_weeks,2500,0,5,1,25,finance_v2_no_bonus_full_season_initial_draft,Initial draft buys full-season roster rights for draft_value_usd. No signing bonus. Midseason scouting uses weekly_hire_rate_usd multiplied by selected contract weeks.,"Game-derived estimate from roster tier, title status, current availability, and known public role",https://www.fightful.com/wrestling/updated-all-elite-roster/,https://www.thesmackdownhotel.com/aew-fight-forever/roster/
179,aew_aew_shawn_dean,Shawn Dean,AEW,AEW,Mens,Prospect,Active,74,71.85,60000,5000,full_season,season_length_configured_at_new_game,draft_value_usd,3,6,12,30000,15000,60000,weekly_hire_rate_usd * selected_contract_weeks,2500,0,5,1,25,finance_v2_no_bonus_full_season_initial_draft,Initial draft buys full-season roster rights for draft_value_usd. No signing bonus. Midseason scouting uses weekly_hire_rate_usd multiplied by selected contract weeks.,"Game-derived estimate from roster tier, title status, current availability, and known public role",https://www.fightful.com/wrestling/updated-all-elite-roster/,https://www.thesmackdownhotel.com/aew-fight-forever/roster/
180,aew_aew_shane_taylor,Shane Taylor,AEW,AEW,Mens,Prospect,Active,74,71.85,60000,5000,full_season,season_length_configured_at_new_game,draft_value_usd,3,6,12,30000,15000,60000,weekly_hire_rate_usd * selected_contract_weeks,2500,0,5,1,25,finance_v2_no_bonus_full_season_initial_draft,Initial draft buys full-season roster rights for draft_value_usd. No signing bonus. Midseason scouting uses weekly_hire_rate_usd multiplied by selected contract weeks.,"Game-derived estimate from roster tier, title status, current availability, and known public role",https://www.fightful.com/wrestling/updated-all-elite-roster/,https://www.thesmackdownhotel.com/aew-fight-forever/roster/
181,aew_aew_serpentico,Serpentico,AEW,AEW,Mens,Prospect,Active,74,71.85,60000,5000,full_season,season_length_configured_at_new_game,draft_value_usd,3,6,12,30000,15000,60000,weekly_hire_rate_usd * selected_contract_weeks,2500,0,5,1,25,finance_v2_no_bonus_full_season_initial_draft,Initial draft buys full-season roster rights for draft_value_usd. No signing bonus. Midseason scouting uses weekly_hire_rate_usd multiplied by selected contract weeks.,"Game-derived estimate from roster tier, title status, current availability, and known public role",https://www.fightful.com/wrestling/updated-all-elite-roster/,https://www.thesmackdownhotel.com/aew-fight-forever/roster/
182,aew_aew_scorpio_sky,Scorpio Sky,AEW,AEW,Mens,Prospect,Active,74,71.85,60000,5000,full_season,season_length_configured_at_new_game,draft_value_usd,3,6,12,30000,15000,60000,weekly_hire_rate_usd * selected_contract_weeks,2500,0,5,1,25,finance_v2_no_bonus_full_season_initial_draft,Initial draft buys full-season roster rights for draft_value_usd. No signing bonus. Midseason scouting uses weekly_hire_rate_usd multiplied by selected contract weeks.,"Game-derived estimate from roster tier, title status, current availability, and known public role",https://www.fightful.com/wrestling/updated-all-elite-roster/,https://www.thesmackdownhotel.com/aew-fight-forever/roster/
183,aew_aew_sammy_guevara,Sammy Guevara,AEW,AEW,Mens,Prospect,Active,74,71.85,60000,5000,full_season,season_length_configured_at_new_game,draft_value_usd,3,6,12,30000,15000,60000,weekly_hire_rate_usd * selected_contract_weeks,2500,0,5,1,25,finance_v2_no_bonus_full_season_initial_draft,Initial draft buys full-season roster rights for draft_value_usd. No signing bonus. Midseason scouting uses weekly_hire_rate_usd multiplied by selected contract weeks.,"Game-derived estimate from roster tier, title status, current availability, and known public role",https://www.fightful.com/wrestling/updated-all-elite-roster/,https://www.thesmackdownhotel.com/aew-fight-forever/roster/
184,aew_aew_rush,Rush,AEW,AEW,Mens,Prospect,Active,74,71.85,60000,5000,full_season,season_length_configured_at_new_game,draft_value_usd,3,6,12,30000,15000,60000,weekly_hire_rate_usd * selected_contract_weeks,2500,0,5,1,25,finance_v2_no_bonus_full_season_initial_draft,Initial draft buys full-season roster rights for draft_value_usd. No signing bonus. Midseason scouting uses weekly_hire_rate_usd multiplied by selected contract weeks.,"Game-derived estimate from roster tier, title status, current availability, and known public role",https://www.fightful.com/wrestling/updated-all-elite-roster/,https://www.thesmackdownhotel.com/aew-fight-forever/roster/
185,aew_aew_ross_von_erich,Ross Von Erich,AEW,AEW,Mens,Prospect,Active,74,71.85,60000,5000,full_season,season_length_configured_at_new_game,draft_value_usd,3,6,12,30000,15000,60000,weekly_hire_rate_usd * selected_contract_weeks,2500,0,5,1,25,finance_v2_no_bonus_full_season_initial_draft,Initial draft buys full-season roster rights for draft_value_usd. No signing bonus. Midseason scouting uses weekly_hire_rate_usd multiplied by selected contract weeks.,"Game-derived estimate from roster tier, title status, current availability, and known public role",https://www.fightful.com/wrestling/updated-all-elite-roster/,https://www.thesmackdownhotel.com/aew-fight-forever/roster/
186,aew_aew_rocky_romero,Rocky Romero,AEW,AEW,Mens,Prospect,Active,74,71.85,60000,5000,full_season,season_length_configured_at_new_game,draft_value_usd,3,6,12,30000,15000,60000,weekly_hire_rate_usd * selected_contract_weeks,2500,0,5,1,25,finance_v2_no_bonus_full_season_initial_draft,Initial draft buys full-season roster rights for draft_value_usd. No signing bonus. Midseason scouting uses weekly_hire_rate_usd multiplied by selected contract weeks.,"Game-derived estimate from roster tier, title status, current availability, and known public role",https://www.fightful.com/wrestling/updated-all-elite-roster/,https://www.thesmackdownhotel.com/aew-fight-forever/roster/
187,aew_aew_preston_vance,Preston Vance,AEW,AEW,Mens,Prospect,Active,74,71.85,60000,5000,full_season,season_length_configured_at_new_game,draft_value_usd,3,6,12,30000,15000,60000,weekly_hire_rate_usd * selected_contract_weeks,2500,0,5,1,25,finance_v2_no_bonus_full_season_initial_draft,Initial draft buys full-season roster rights for draft_value_usd. No signing bonus. Midseason scouting uses weekly_hire_rate_usd multiplied by selected contract weeks.,"Game-derived estimate from roster tier, title status, current availability, and known public role",https://www.fightful.com/wrestling/updated-all-elite-roster/,https://www.thesmackdownhotel.com/aew-fight-forever/roster/
188,aew_aew_peter_avalon,Peter Avalon,AEW,AEW,Mens,Prospect,Active,74,71.85,60000,5000,full_season,season_length_configured_at_new_game,draft_value_usd,3,6,12,30000,15000,60000,weekly_hire_rate_usd * selected_contract_weeks,2500,0,5,1,25,finance_v2_no_bonus_full_season_initial_draft,Initial draft buys full-season roster rights for draft_value_usd. No signing bonus. Midseason scouting uses weekly_hire_rate_usd multiplied by selected contract weeks.,"Game-derived estimate from roster tier, title status, current availability, and known public role",https://www.fightful.com/wrestling/updated-all-elite-roster/,https://www.thesmackdownhotel.com/aew-fight-forever/roster/
189,aew_aew_ortiz,Ortiz,AEW,AEW,Mens,Prospect,Active,74,71.85,60000,5000,full_season,season_length_configured_at_new_game,draft_value_usd,3,6,12,30000,15000,60000,weekly_hire_rate_usd * selected_contract_weeks,2500,0,5,1,25,finance_v2_no_bonus_full_season_initial_draft,Initial draft buys full-season roster rights for draft_value_usd. No signing bonus. Midseason scouting uses weekly_hire_rate_usd multiplied by selected contract weeks.,"Game-derived estimate from roster tier, title status, current availability, and known public role",https://www.fightful.com/wrestling/updated-all-elite-roster/,https://www.thesmackdownhotel.com/aew-fight-forever/roster/
190,aew_aew_nick_wayne_w_mother_wayne,Nick Wayne ( w/ Mother Wayne),AEW,AEW,Mens,Prospect,Active,74,71.85,60000,5000,full_season,season_length_configured_at_new_game,draft_value_usd,3,6,12,30000,15000,60000,weekly_hire_rate_usd * selected_contract_weeks,2500,0,5,1,25,finance_v2_no_bonus_full_season_initial_draft,Initial draft buys full-season roster rights for draft_value_usd. No signing bonus. Midseason scouting uses weekly_hire_rate_usd multiplied by selected contract weeks.,"Game-derived estimate from roster tier, title status, current availability, and known public role",https://www.fightful.com/wrestling/updated-all-elite-roster/,https://www.thesmackdownhotel.com/aew-fight-forever/roster/
191,aew_aew_m_stico,Místico,AEW,AEW,Mens,Prospect,Active,74,71.85,60000,5000,full_season,season_length_configured_at_new_game,draft_value_usd,3,6,12,30000,15000,60000,weekly_hire_rate_usd * selected_contract_weeks,2500,0,5,1,25,finance_v2_no_bonus_full_season_initial_draft,Initial draft buys full-season roster rights for draft_value_usd. No signing bonus. Midseason scouting uses weekly_hire_rate_usd multiplied by selected contract weeks.,"Game-derived estimate from roster tier, title status, current availability, and known public role",https://www.fightful.com/wrestling/updated-all-elite-roster/,https://www.thesmackdownhotel.com/aew-fight-forever/roster/
192,aew_aew_mike_bailey,Mike Bailey,AEW,AEW,Mens,Prospect,Active,74,71.85,60000,5000,full_season,season_length_configured_at_new_game,draft_value_usd,3,6,12,30000,15000,60000,weekly_hire_rate_usd * selected_contract_weeks,2500,0,5,1,25,finance_v2_no_bonus_full_season_initial_draft,Initial draft buys full-season roster rights for draft_value_usd. No signing bonus. Midseason scouting uses weekly_hire_rate_usd multiplied by selected contract weeks.,"Game-derived estimate from roster tier, title status, current availability, and known public role",https://www.fightful.com/wrestling/updated-all-elite-roster/,https://www.thesmackdownhotel.com/aew-fight-forever/roster/
193,aew_aew_matt_menard,Matt Menard,AEW,AEW,Mens,Prospect,Active,74,71.85,60000,5000,full_season,season_length_configured_at_new_game,draft_value_usd,3,6,12,30000,15000,60000,weekly_hire_rate_usd * selected_contract_weeks,2500,0,5,1,25,finance_v2_no_bonus_full_season_initial_draft,Initial draft buys full-season roster rights for draft_value_usd. No signing bonus. Midseason scouting uses weekly_hire_rate_usd multiplied by selected contract weeks.,"Game-derived estimate from roster tier, title status, current availability, and known public role",https://www.fightful.com/wrestling/updated-all-elite-roster/,https://www.thesmackdownhotel.com/aew-fight-forever/roster/
194,aew_aew_mason_madden,Mason Madden,AEW,AEW,Mens,Prospect,Active,74,71.85,60000,5000,full_season,season_length_configured_at_new_game,draft_value_usd,3,6,12,30000,15000,60000,weekly_hire_rate_usd * selected_contract_weeks,2500,0,5,1,25,finance_v2_no_bonus_full_season_initial_draft,Initial draft buys full-season roster rights for draft_value_usd. No signing bonus. Midseason scouting uses weekly_hire_rate_usd multiplied by selected contract weeks.,"Game-derived estimate from roster tier, title status, current availability, and known public role",https://www.fightful.com/wrestling/updated-all-elite-roster/,https://www.thesmackdownhotel.com/aew-fight-forever/roster/
195,aew_aew_marshall_von_erich,Marshall Von Erich,AEW,AEW,Mens,Prospect,Active,74,71.85,60000,5000,full_season,season_length_configured_at_new_game,draft_value_usd,3,6,12,30000,15000,60000,weekly_hire_rate_usd * selected_contract_weeks,2500,0,5,1,25,finance_v2_no_bonus_full_season_initial_draft,Initial draft buys full-season roster rights for draft_value_usd. No signing bonus. Midseason scouting uses weekly_hire_rate_usd multiplied by selected contract weeks.,"Game-derived estimate from roster tier, title status, current availability, and known public role",https://www.fightful.com/wrestling/updated-all-elite-roster/,https://www.thesmackdownhotel.com/aew-fight-forever/roster/
196,aew_aew_mansoor,Mansoor,AEW,AEW,Mens,Prospect,Active,74,71.85,60000,5000,full_season,season_length_configured_at_new_game,draft_value_usd,3,6,12,30000,15000,60000,weekly_hire_rate_usd * selected_contract_weeks,2500,0,5,1,25,finance_v2_no_bonus_full_season_initial_draft,Initial draft buys full-season roster rights for draft_value_usd. No signing bonus. Midseason scouting uses weekly_hire_rate_usd multiplied by selected contract weeks.,"Game-derived estimate from roster tier, title status, current availability, and known public role",https://www.fightful.com/wrestling/updated-all-elite-roster/,https://www.thesmackdownhotel.com/aew-fight-forever/roster/
197,aew_aew_mvp,MVP,AEW,AEW,Mens,Prospect,Active,74,71.85,60000,5000,full_season,season_length_configured_at_new_game,draft_value_usd,3,6,12,30000,15000,60000,weekly_hire_rate_usd * selected_contract_weeks,2500,0,5,1,25,finance_v2_no_bonus_full_season_initial_draft,Initial draft buys full-season roster rights for draft_value_usd. No signing bonus. Midseason scouting uses weekly_hire_rate_usd multiplied by selected contract weeks.,"Game-derived estimate from roster tier, title status, current availability, and known public role",https://www.fightful.com/wrestling/updated-all-elite-roster/,https://www.thesmackdownhotel.com/aew-fight-forever/roster/
198,aew_aew_lee_moriarty,Lee Moriarty,AEW,AEW,Mens,Prospect,Active,74,71.85,60000,5000,full_season,season_length_configured_at_new_game,draft_value_usd,3,6,12,30000,15000,60000,weekly_hire_rate_usd * selected_contract_weeks,2500,0,5,1,25,finance_v2_no_bonus_full_season_initial_draft,Initial draft buys full-season roster rights for draft_value_usd. No signing bonus. Midseason scouting uses weekly_hire_rate_usd multiplied by selected contract weeks.,"Game-derived estimate from roster tier, title status, current availability, and known public role",https://www.fightful.com/wrestling/updated-all-elite-roster/,https://www.thesmackdownhotel.com/aew-fight-forever/roster/
199,aew_aew_lee_johnson,Lee Johnson,AEW,AEW,Mens,Prospect,Active,74,71.85,60000,5000,full_season,season_length_configured_at_new_game,draft_value_usd,3,6,12,30000,15000,60000,weekly_hire_rate_usd * selected_contract_weeks,2500,0,5,1,25,finance_v2_no_bonus_full_season_initial_draft,Initial draft buys full-season roster rights for draft_value_usd. No signing bonus. Midseason scouting uses weekly_hire_rate_usd multiplied by selected contract weeks.,"Game-derived estimate from roster tier, title status, current availability, and known public role",https://www.fightful.com/wrestling/updated-all-elite-roster/,https://www.thesmackdownhotel.com/aew-fight-forever/roster/
200,aew_aew_juice_robinson,Juice Robinson,AEW,AEW,Mens,Prospect,Active,74,71.85,60000,5000,full_season,season_length_configured_at_new_game,draft_value_usd,3,6,12,30000,15000,60000,weekly_hire_rate_usd * selected_contract_weeks,2500,0,5,1,25,finance_v2_no_bonus_full_season_initial_draft,Initial draft buys full-season roster rights for draft_value_usd. No signing bonus. Midseason scouting uses weekly_hire_rate_usd multiplied by selected contract weeks.,"Game-derived estimate from roster tier, title status, current availability, and known public role",https://www.fightful.com/wrestling/updated-all-elite-roster/,https://www.thesmackdownhotel.com/aew-fight-forever/roster/
